date,log_density,k8::S1,k8::S4,k8::S3,k8::S7,k8::S2,k8::S0,k8::S6,k8::S5
2023-08-01,6.45999072331982,0.2819638918027791,0.041930385345517046,0.15415924336744802,0.035336054711303196,0.16947576659564953,0.178881894800344,0.10249867293697544,0.03575409043998369
2023-08-02,6.4209870915170795,0.1887196414549684,0.0530380849756004,0.24387479251546812,0.008078818159587116,0.2340131683386531,0.12503390707302184,0.09788283495339664,0.04935875252930443
2023-08-03,6.339683672615136,0.2133020659199554,0.04457844706372735,0.20086144921497387,0.04764994199300928,0.18723387719533757,0.13951273121983893,0.12678503511462277,0.04007645227853482
2023-08-04,6.391849782941575,0.2387170725451206,0.03640218909893753,0.16728995524251772,0.00854605657440219,0.14044935906351871,0.16598016586009914,0.20119756759212057,0.0414176340232835
2023-08-07,6.250713456508895,0.16292479657909628,0.04836737299215745,0.19029365060916922,0.021765825312761514,0.1793874374615817,0.12281278159275173,0.22723413233868464,0.047214003113797455
2023-08-08,6.357606950967258,0.19301013612356982,0.04726470375174822,0.22592046907896526,0.04129857614449302,0.22685300205583153,0.12090595186923483,0.1081558882682906,0.036591272707866745
2023-08-09,6.310585553172038,0.13397300026471046,0.06172783516828186,0.28295931952214526,0.05036998455561077,0.2713278716747723,0.08843825519925448,0.06044022244998391,0.050763511165241006
2023-08-10,6.295616813666199,0.17959508435192795,0.04981078306819354,0.21191322417102498,0.022706559353496723,0.1988072484334911,0.11460360682074268,0.18368456423018778,0.03887892957093528
2023-08-11,6.225396659810273,0.0987649255907564,0.062278428968360125,0.263070677320668,0.01167183724870222,0.2375471545012049,0.06647056508738722,0.1982466576908067,0.06194975359211443
2023-08-14,6.152215821806519,0.043899165744590865,0.07527128223368797,0.2890092042802989,0.025946058842593878,0.26684556612018207,0.035682966534727696,0.20365289344355209,0.05969286280036645
2023-08-15,6.483580418867807,0.2257258636707175,0.05314335235261668,0.24507315982258457,0.0009689549802961854,0.21781753815523325,0.15428359199118066,0.06463450314173927,0.03835303588563188
2023-08-16,6.488088848764813,0.1932893771643219,0.0467221457935805,0.24896638422544656,0.0011735657194379724,0.24907219908552827,0.1333182283367444,0.06994953901950572,0.05750856065543468
2023-08-17,6.708695809037562,0.37274768849346507,0.0382138060270482,0.1344624536590963,0.0004730052552862691,0.14025165763502487,0.2434051588135527,0.03693498327096367,0.03351124684556295
2023-08-18,5.939187500264097,0.11686632077736978,0.07085664466777174,0.21048933304856274,0.17195508488162414,0.19422189563127365,0.074152012717389,0.12095568200702365,0.0405030262689853
2023-08-21,5.545597504826575,0.00348391513065089,0.02591526576478391,0.070854590353442,0.20084522654621662,0.060693485100881336,0.00333850486906558,0.6018731020557216,0.03299591017923803
2023-08-22,5.412055958919303,0.018410578217493458,0.03697867310018304,0.07227707105386603,0.3073065931665019,0.066876456861599,0.013301702908264315,0.46558165320730177,0.01926727148479057
2023-08-23,5.545822827394468,0.021194762989784188,0.0402393077915203,0.07291866145901486,0.19693480345467773,0.07507501914502246,0.014328250239736202,0.553009067458491,0.026300127461753302
2023-08-24,5.844993603900767,0.00837637534552249,0.05211408812576245,0.17177807811514528,0.05827195052264506,0.164635861795029,0.007287276858081222,0.48304928902442235,0.054487080213392144
2023-08-25,5.921942882310593,0.015487134746149296,0.040616612593563146,0.1573877104264959,0.09566673225391868,0.15618668928729681,0.013334131705784208,0.47883823165872236,0.04248275732806956
2023-08-28,6.2579489530808265,0.055665516790393124,0.06497010706175077,0.3040644325750279,0.0026198656580535876,0.2730948358278866,0.04593273445345425,0.18457341148689518,0.06907909614653858
2023-08-29,6.502279282735544,0.24165593328899215,0.048596942833073885,0.2415323624832718,0.0008561029134955701,0.2341583923752397,0.13843074930283136,0.045749019118992686,0.04902049768410285
2023-08-30,6.375370299345389,0.07670950018224075,0.0625583401209045,0.33477408260468355,0.0009515147350180362,0.30957340096165964,0.058365533645218834,0.09511402802802983,0.06195359972224483
2023-08-31,6.406647995536304,0.1241093853512513,0.05029397898704719,0.29609716702798744,0.001666542398381639,0.2615246053310994,0.09329659508424205,0.11537674209273711,0.05763498372725389
2023-09-05,6.52379505909484,0.23050872416911541,0.04850162579717179,0.2527511668273022,0.00042710219597354675,0.23534427314467093,0.15625560344499317,0.028266244980439663,0.0479452594403333
2023-09-06,6.539650000418619,0.2672107367013979,0.04390871267987348,0.2080422990489611,0.0014629888722740253,0.1835251313123098,0.1774289253072687,0.06910364748770063,0.04931755859021435
2023-09-07,6.220949627773377,0.1645465730866959,0.061380499597442746,0.19552349951736606,0.025897019394244762,0.17793130869945326,0.10663533926457111,0.22209939810005644,0.04598636234016972
2023-09-08,6.3110400647860585,0.1251380505408934,0.058828197568059334,0.2819545300533795,0.024935600090320465,0.26623513860699677,0.08610515046235157,0.1051777962990637,0.05162553637893532
2023-09-11,6.011132404516688,0.06053798791862435,0.06507525987134732,0.22083292887659797,0.10478953803132665,0.20768450401212168,0.039215015423758236,0.2561118997356026,0.04575286613062114
2023-09-12,6.130790875543755,0.05813345503891963,0.06734607061621499,0.2590899288447608,0.024240170102574416,0.22693976441515584,0.03829165744513708,0.2620279673022259,0.06393098623501135
2023-09-13,5.987016335211777,0.058837565459807756,0.06861200093738776,0.20018217343341235,0.08274464985248285,0.19396262325087024,0.041385021741917265,0.3010393547752101,0.05323661054891175
2023-09-14,5.827517479650435,0.012802990699259066,0.04882444057554954,0.1700452108794272,0.1173702283547309,0.14946607681912286,0.010819069965963,0.4484788147225315,0.04219316798341601
2023-09-15,5.985179297048853,0.012445723094527432,0.06081190131034815,0.22840149531295437,0.046620410120777986,0.19701004571159791,0.01125104643947187,0.38476859520747536,0.0586907828028469
2023-09-18,5.797671539383687,0.005158967631522583,0.039539303819012356,0.09062262632385397,0.0651114669198363,0.08649044365702468,0.004383299442416169,0.6835955326735165,0.02509835953281746
2023-09-19,6.238082684750842,0.15162747052914455,0.05719883411126694,0.2138130728372364,0.04140761920248876,0.2168976322393713,0.0870529794397222,0.1799162663691947,0.05208612527157511
2023-09-20,6.392664770663701,0.1068804386223067,0.05187598177388849,0.293818547433628,0.0018843695746623638,0.2897271752278513,0.07777335401272288,0.12020972966399308,0.05783040369094714
2023-09-21,6.464280401636973,0.2568956105432366,0.046559649047192245,0.1836203550384866,0.003111810482861109,0.19441751636564625,0.15920869570384555,0.12014115565613616,0.03604520716259546
2023-09-22,5.673479807801212,0.013686779008584612,0.03620779161694305,0.10653628827591494,0.16378688773645933,0.10970368238340626,0.009437461672937183,0.536791354023096,0.02384975528265868
2023-09-25,6.021172739350973,0.02158305297147303,0.06948210185800531,0.26505495040135296,0.07964898433359041,0.25393062499164204,0.0185369038926981,0.2290550577015925,0.06270832384964568
2023-09-26,5.615501994580056,0.003165385762468539,0.028373852081299514,0.06785747527475049,0.17369764735770937,0.06335634997301082,0.0027824592828888345,0.6266929795589739,0.03407385070889858
2023-09-27,5.712401088482256,0.0019048280794105074,0.028921577256382735,0.07173985987795434,0.07581690389278038,0.06053109959489258,0.0023102858447174666,0.7195889327735118,0.03918651268035018
2023-09-28,5.536152097383072,0.004636120461333065,0.0608729615630926,0.13135102703206497,0.27330844708285057,0.12049841698216592,0.004421263032612497,0.3788202132920321,0.026091550553848323
2023-09-29,5.967500996990043,0.010450582135543233,0.06085602957774602,0.2168745600379641,0.017535314932191272,0.18467210537047735,0.011282236577299237,0.4228538372051419,0.07547533416363687
2023-10-02,6.115272493302627,0.0391873130771003,0.06255668298772567,0.24886738065650663,0.021391138236035136,0.2637798477829894,0.026978238060109867,0.27364383917978014,0.06359556001975279
2023-10-03,5.579988802148053,0.0005380309101772074,0.01579268284490998,0.02649938577551283,0.18484009960766484,0.026911058952091296,0.0006730179327293947,0.7285400749987102,0.016205648978204267
2023-10-04,5.801868231148631,0.006013687032761474,0.03551787440599798,0.09628575749753972,0.04415268930986056,0.0846398321472712,0.005271222365456045,0.6843396879928538,0.04377924924825922
2023-10-05,6.094571073786325,0.03737392010047034,0.0724354283835084,0.2604848308282541,0.01601835098375885,0.25843200737727756,0.02843468207374968,0.26448010974648783,0.062340670506493306
2023-10-06,6.237595474371884,0.06788253884058286,0.0589311918869433,0.2959908014279727,0.01871948691513753,0.27638939012428715,0.04907172009588857,0.15879308477179907,0.07422178593738885
2023-10-09,6.151289228533614,0.02300104234071853,0.06789702510074465,0.2729044048751833,0.007764893436281481,0.25574683704778456,0.018981135152980135,0.2865831114843708,0.06712155056193651
2023-10-10,6.301113308826902,0.0878574192152444,0.06990269356714472,0.2950189808867724,0.006189013582101169,0.28407883372263726,0.06415235291122545,0.12436518055975285,0.06843552555512179
2023-10-11,6.693490998946823,0.35987064092174115,0.035493223638630784,0.1497105505889416,0.0008979148954338217,0.12110767696940838,0.22580232009371262,0.06319187218761814,0.043925800704513566
2023-10-12,6.613484601255964,0.3866133234741232,0.03169371515509023,0.09351305498373196,0.005961186957546663,0.09044441997759664,0.24116684256541776,0.12922875165783013,0.021378705228663475
2023-10-13,6.345553585289265,0.2622165216079074,0.03676852464917345,0.1552630083398972,0.046633768389973324,0.1463722750908935,0.16529897144919042,0.15800994823171616,0.02943698224124852
2023-10-16,6.316074152186167,0.17933831370009376,0.05350965881598329,0.23142112836796866,0.04044122056269385,0.2326127092074299,0.10476842377006733,0.11600410362973025,0.04190444194603296
2023-10-17,6.461392479923916,0.22429711083802586,0.0496173233411405,0.209726913357256,0.008611220702313434,0.18071514722528234,0.14658041198852578,0.13143018454427627,0.049021688003179825
2023-10-18,6.02191585114295,0.06040647273183712,0.07319946407028781,0.25303785700822723,0.1202217928580851,0.2499900146893525,0.03764929218474395,0.1383303589686246,0.06716474748884169
2023-10-19,5.881384895777201,0.006616899195364092,0.05463871801507686,0.14611119009164666,0.04652551725551226,0.14461561706253695,0.00625856002352924,0.5599859988736486,0.035247499482685296
2023-10-20,6.066192635273841,0.07492892611861077,0.056357742995177464,0.1936769282425879,0.026770786203294202,0.19806013432317043,0.05488944895272731,0.31624744110232145,0.07906859206211046
2023-10-23,5.837172020001812,0.08735946644361393,0.04713203332402242,0.1282668556238577,0.2329707384727915,0.1393340160831623,0.049247882463470644,0.2907687248419635,0.02492028274711804
2023-10-24,5.943412694977843,0.02867364935076766,0.04921806122106391,0.1567857188217901,0.05090861421897141,0.1514262463182,0.019284877409058557,0.49874084584738276,0.04496198681276562
2023-10-25,6.2411097479757185,0.08168259076806839,0.0654041698755786,0.2832648145322851,0.007435449499792628,0.27561334491824724,0.05684145921733032,0.16619836337134308,0.06355980781735464
2023-10-26,5.113747185978799,0.00044162286639280875,0.004584661257456541,0.007898042687493645,0.5223047122589325,0.007608522514715768,0.00034568820345614513,0.4490619879410583,0.007754762270494336
2023-10-27,5.594313854322394,0.0018968785317122776,0.03075521290682194,0.05997084546491949,0.18073048904594288,0.05372442996641416,0.0020021054143055756,0.6465052530058195,0.024414785664064194
2023-10-30,5.770440129505835,0.008011233964543991,0.03270898483889418,0.08976159959777823,0.05768355584410798,0.0859236042927383,0.006998463105666516,0.6850965996160844,0.03381595874018642
2023-10-31,5.746393550559842,0.007284647025370983,0.05883702483389736,0.14898512940263842,0.14471847598466214,0.14020307600161902,0.006439045171990166,0.4402933212805155,0.053239280299306364
2023-11-01,5.967004715260251,0.01966333252157582,0.07478495249130702,0.2203605866795994,0.05230442805106132,0.22641168562754624,0.01636648771406951,0.32414956535367434,0.06595896156116635
2023-11-02,6.134953107221073,0.0864858453209981,0.05175196974427544,0.24366428660883252,0.04395026274463865,0.2075143767276465,0.0611569597920356,0.23897248488886855,0.06650381417270464
2023-11-03,6.086533955152387,0.03566029353545423,0.07871451164696104,0.27727479361554297,0.04167885574798528,0.2567804117364004,0.028976312496554992,0.21119726594851138,0.06971755527258969
2023-11-06,6.326118004681716,0.13985055604874877,0.0604942620627301,0.2520474833746667,0.0045334164507803984,0.22862414692767524,0.09462866767764609,0.1431355916384866,0.07668587581926613
2023-11-07,6.357141823939064,0.1186630883267497,0.06636969555052505,0.29128457491567056,0.0017721718432627085,0.2775172487818801,0.08021062964112824,0.11185276156531858,0.05232982937546505
2023-11-08,6.214347309304084,0.18917960571184905,0.04921667188302929,0.19286986428942798,0.11210545398675392,0.18445970924710406,0.11938740978827404,0.10554739473683741,0.047233890356724234
2023-11-09,5.974942099862482,0.025101338568531705,0.07120528554649032,0.2326905113467315,0.05473202983333197,0.2068115704509021,0.017348274424058722,0.3345917329366186,0.057519256893335105
2023-11-10,5.974363063342083,0.024753527882045833,0.06953921745381564,0.27262612199688313,0.0843569324006023,0.2472077132954752,0.019275104433845995,0.21252793663110806,0.06971344590622389
2023-11-13,6.082901128311978,0.07920927270461595,0.05821150100136381,0.21986884437819673,0.10714780104475913,0.2199994727425711,0.05256475920846956,0.19723324585160873,0.06576510306841499
2023-11-14,6.246617215381274,0.14215231673686624,0.06339760552733881,0.22590809311034246,0.026084651086584715,0.21274990397356996,0.08984645589231338,0.18055506412511144,0.059305909547872994
2023-11-15,6.185390986012792,0.09314245535018588,0.06342727352856752,0.2296976998000742,0.0484622623139989,0.24925981897433627,0.06148998326740473,0.19415548144782072,0.060365025317611766
2023-11-16,6.4010083745739195,0.2011149927050493,0.04632883233668884,0.20625369709217564,0.003471099529907762,0.20698104692462244,0.125277957896876,0.1606152572062568,0.049957116308423255
2023-11-17,5.935169726279118,0.12823155319719357,0.05567765895588251,0.17720047595950034,0.20257115574636886,0.20233851910041928,0.07398048830912998,0.13425356542001762,0.02574658331148786
2023-11-20,5.422349293771169,0.0008595417450276046,0.006541146280051446,0.0212105656858848,0.2382475772471306,0.018078515718838856,0.0008490207997586569,0.6995715115228969,0.014642121000411153
2023-11-21,5.8338251076865495,0.00825782978373053,0.04643200963834618,0.14245655175235772,0.05187108329680246,0.1323839219576683,0.006973154213913913,0.5682290979040509,0.043396351453130026
2023-11-22,6.0889972080274255,0.08854247896046565,0.05249187139039325,0.19149441234736672,0.06667310671656607,0.20507725248844336,0.05310380459451093,0.3008471692077917,0.04176990429446229
2023-11-23,5.950779269121781,0.020388151298885538,0.07559859194788447,0.21861863815673274,0.040919129164933135,0.20838330996391952,0.0153577023402836,0.3745271051072789,0.04620737202008211
2023-11-24,5.798844821336143,0.008823925201190044,0.05623934829448623,0.14247766696069195,0.09731147832668753,0.1431465850735352,0.007287678956851578,0.4979697748046188,0.04674354238193867
2023-11-27,6.254681105994578,0.12668245948174955,0.0554906733323058,0.2378029591934333,0.043397843115576956,0.23450019887067192,0.08004067919158135,0.17342978621303268,0.04865540060164845
2023-11-28,6.142304972968741,0.12995525001455135,0.0617247446962605,0.2152711775326191,0.0491999822299913,0.2064029709154686,0.07603777407566546,0.2019446034224461,0.059463497112997574
2023-11-29,6.432295698798165,0.2678845969691452,0.03213001826820282,0.1639177637203366,0.008899665457459821,0.14959430466073365,0.1732051416980889,0.16354914072867938,0.04081936849735361
2023-11-30,6.206701899377666,0.13125473396007467,0.045872748881864496,0.22766863093193174,0.06791220607018496,0.2233456173002742,0.0906255985806138,0.16776049614972086,0.04555996812533535
2023-12-01,6.254557418395421,0.2158981124294927,0.04470541231741861,0.17184499331232395,0.0735077573682577,0.16861585277774419,0.1323522866697962,0.1530110349697627,0.040064550155203986
2023-12-04,6.111568175000196,0.1591922769500993,0.047026190932328654,0.1832844525178537,0.08076241441168762,0.1632738094597023,0.10494632249523037,0.1981328546928481,0.06338167854024995
2023-12-05,6.361409022429561,0.20924570178706206,0.05080227988488035,0.21392840923127182,0.04921648120722419,0.20864514284778501,0.12619934149983839,0.09653177443164761,0.04543086911029057
2023-12-07,5.8978359319444555,0.048796609200442743,0.04077321930771619,0.12287130058447665,0.0952506324238253,0.10978913441437635,0.037621845671569,0.5041462885544749,0.04075096984311893
2023-12-08,6.350371023963091,0.16083710132810092,0.056891027137857285,0.25299238086183495,0.011533178327849138,0.23494121686173264,0.1036238845930987,0.12116096040585014,0.058020250483676226
2023-12-11,6.635552808009954,0.38844594467763055,0.02912484168189724,0.13846812618924453,0.0005912160314568333,0.125888722877524,0.23512126750188106,0.04783382372383337,0.03452605731653236
2023-12-12,6.670544922857104,0.37706472773456423,0.03699495490359893,0.15411182037345528,0.0012494030488194236,0.1395919171718942,0.2265034076064907,0.03450685786052209,0.029976911300655152
2023-12-13,6.618579492510545,0.3712274292551611,0.032157952543455645,0.11768463003741375,0.006847543837028791,0.1169549964209043,0.2209572924075421,0.11595637211767151,0.018213783380822746
2023-12-14,6.5626124037032865,0.31390242171101956,0.040107390689971836,0.16463242604726933,0.001950808106238069,0.15976721967995614,0.19126062118730622,0.0932004313883295,0.035178681189909376
2023-12-15,6.47390444123257,0.22599495295470287,0.05250311469532557,0.2294209173823334,0.0034678072626835015,0.2023368729068611,0.14472350156834743,0.09152342515461354,0.050029408075132606
2023-12-18,6.172931802298094,0.10865631791787654,0.060653784382342285,0.2325897631158228,0.029028067448627706,0.2180318953307296,0.07092941312944703,0.2383419244066943,0.04176883426845974
2023-12-19,6.4996380896470365,0.25332732622526655,0.04376878669270194,0.2051879127120259,0.005330163870150963,0.2048434576745836,0.1553092563276458,0.09328789265290888,0.038945203844716315
2023-12-20,6.7851855967514085,0.48691224377325204,0.014712899837286934,0.05880074409824716,0.003091740715120856,0.05700923400437118,0.301428406372064,0.06073843504238077,0.01730629615727703
2023-12-21,6.883845681916176,0.4684867114771921,0.02681115840456257,0.09166886466193228,0.0002953692062548636,0.0828303233930937,0.29609019948565524,0.014319470417789849,0.01949790295351937
2023-12-22,6.778189529278486,0.42398732218987123,0.036569933398219054,0.11414716913507864,0.0005469440771056331,0.11358759171045517,0.26107428074545713,0.023772287756337555,0.026314470987475656
2023-12-25,6.3186761865919925,0.1552467039408426,0.05392517761766883,0.24915543820259842,0.0037551989427330105,0.23669482958000618,0.11074325027277561,0.11438740127563045,0.07609200016774485
2023-12-26,6.783854264689959,0.44858920956619364,0.027523745746062016,0.10816910584967565,0.000633755191407282,0.09180662378740873,0.2849924327533802,0.014645877781525362,0.023639249324347134
2023-12-27,6.827898321694239,0.46978834292322436,0.022917175303392476,0.08553543171190822,0.002408280119721975,0.08142910979577875,0.30258705443156597,0.016215618298513913,0.019118987415894316
2023-12-28,6.658931700013673,0.36763708741651396,0.029226508447353226,0.12346078946306199,0.01671217074492619,0.13417888113566134,0.24081329289549638,0.049706596457715864,0.03826467343927106
2023-12-29,6.598125947878011,0.2990132861828303,0.04097550778354174,0.16761439882800688,0.001644372371679948,0.16348579266180596,0.20233388048478035,0.08650022394883464,0.038432537738520185
2024-01-02,6.547713121820362,0.29216057075861424,0.04883190373666449,0.16892558609762204,0.001884905966971127,0.16236637235540735,0.17963056310036044,0.10540507820526819,0.04079501977909216
2024-01-03,6.644691015830277,0.34465938093949533,0.04005862008819678,0.13891283327094628,0.001301104039630852,0.137613094360857,0.23579953572248316,0.06083186497938095,0.04082356659900962
2024-01-04,6.205977116843834,0.16860445444737077,0.03463173506418687,0.17636235104903944,0.0379494009697109,0.1413554010597774,0.1218525271693043,0.2478249241226886,0.07141920611792171
2024-01-05,6.3170555569741795,0.11026646305396717,0.06521038403592225,0.28836097272990835,0.004204095157005446,0.2925111331688822,0.07867140708378852,0.09444085552997213,0.0663346892405539
2024-01-08,6.3655258761604925,0.14066187126287566,0.0690590907662845,0.27600051062298553,0.003712621057688714,0.25434269494334394,0.09628110893724046,0.10263559531384876,0.057306507095732394
2024-01-09,6.640797591061755,0.34974252770319286,0.03854411327204797,0.15541407770640556,0.0006059623921001179,0.1506426047941959,0.22505606109141355,0.04754794065128685,0.03244671238935724
2024-01-10,6.52966782844005,0.297861733382432,0.04099451515945437,0.18365141735984455,0.00435310002042199,0.15124392936904077,0.1938312362698577,0.08776035431020754,0.04030371412874112
2024-01-11,6.350694396740186,0.13381970121933168,0.06837965345534072,0.25386165086003476,0.0027748303268095315,0.25672590632468545,0.09753637505165443,0.12437292854967305,0.06252895421247039
2024-01-12,5.932020192691319,0.02122672024095649,0.04961366204648464,0.18690911450450484,0.05934295596921345,0.15092893595795237,0.021652632675642026,0.4505415238806981,0.05978445472454803
2024-01-15,6.374691914118444,0.12425998428992974,0.07143315733715593,0.3000056193175126,0.0009363119862193415,0.28943319363979,0.09294440303821014,0.06492509642535449,0.05606223396582778
2024-01-16,6.589858027655612,0.3136016150495696,0.033404925888146,0.18608793465112247,0.0007987633002095795,0.1713440495866533,0.20578078928609525,0.039177171297092014,0.049804750941111704
2024-01-17,6.290496251018973,0.09211915577383979,0.06249771353909199,0.26869374281106573,0.005239093701696546,0.2663524499166486,0.06491762504070914,0.18600985864863837,0.054170360568309886
2024-01-18,6.561304690475389,0.2806352716753018,0.03947719875311047,0.19429578755217716,0.0009699931340831051,0.1791223823437538,0.19053930165135718,0.0759888715207267,0.0389711933694898
2024-01-19,6.448662924527629,0.24840018914215414,0.05315417832645622,0.19802581123989807,0.0010182903776730025,0.21103813891731601,0.16857302824718723,0.06621093783570366,0.053579425913611665
2024-01-22,6.553192734190607,0.31449354428598963,0.045310585478289526,0.1849863417802013,0.0006947641119258364,0.1736084829497035,0.1954194056957288,0.0452657389629691,0.04022113673519233
2024-01-23,6.5473106643463606,0.2716829034494985,0.053499649999396576,0.2124094230327013,0.0008883358959730299,0.20525501116367184,0.16160980575711295,0.053765561611426586,0.0408893090902192
2024-01-24,6.569772982739114,0.30192908032610594,0.044979334255175356,0.18508572966611395,0.0013437857352037402,0.17628384280485632,0.19393008232602613,0.0535889631214612,0.04285918176505734
2024-01-25,6.386390725724932,0.14234019906107068,0.06266385483004482,0.2678305260747707,0.004237976765601315,0.2780286954911656,0.0915976245109526,0.10032044902651896,0.052980674239875375
2024-01-26,6.719987658746078,0.42884445626805,0.02495052461880409,0.11212778667996691,0.0004688070249679503,0.10950370457699897,0.27439100496047747,0.022294418245272427,0.027419297625462195
2024-01-29,6.845453416195743,0.4587088673745063,0.028190374517084404,0.10475457839004727,0.0002063470575707758,0.10854897334685498,0.27446392658809493,0.010149895850899666,0.014977036874941691
2024-01-30,7.150614938416561,0.567332625489461,0.008352828823649695,0.03593342781320865,9.275113700860666e-05,0.028454095300564492,0.34977896754828847,0.002092527947909924,0.00796277593990932
2024-01-31,6.6178537292898465,0.36330294684648373,0.05036158724326329,0.13646712488419782,0.002447679130287823,0.12873152987872294,0.20413749408701215,0.09314656027479952,0.021405077655232776
2024-02-01,6.614494451805797,0.2945755018195117,0.03867198408597972,0.2038074618157878,0.0002851472305103755,0.19818943261591493,0.202234016494305,0.019717837341820105,0.04251861859617032
2024-02-02,6.73093378160098,0.38568227809264316,0.03189059325970926,0.15073513852429704,0.00046455244591739054,0.14794838489038833,0.2410213894714649,0.017148418325595247,0.0251092449899847
2024-02-05,6.547970379193377,0.37475034538253094,0.017548077382391124,0.09437954229397018,0.07015297930530842,0.0772037763717718,0.24314438436917604,0.06994573814198163,0.05287515675286989
2024-02-06,6.679755581271883,0.3593156248008044,0.036122033070018635,0.1711003004715522,0.00016743289106248063,0.1590659631928726,0.22952157124429595,0.01199783407997688,0.032709240249416856
2024-02-07,6.818765327078068,0.3931599762673488,0.029344428861627428,0.13907394442121376,0.00029617766680531215,0.11670588516719768,0.2545155687432893,0.026059340807193226,0.04084467806532452
2024-02-15,6.9024861041083385,0.42748142966788927,0.037518535696313256,0.10771038406282525,0.00022282830801532497,0.11783163072293074,0.27655046167740327,0.015562185081363032,0.01712254478325986
2024-02-16,6.699263600249797,0.359356404720476,0.03721844740574692,0.16636327767928366,0.0010854428707146348,0.1324421799056332,0.22530391217307552,0.03984751223827366,0.03838282300679643
2024-02-19,6.458173281013427,0.25941548832461625,0.038168680368766486,0.17209495821951154,0.0033523368467722058,0.15097847688768157,0.17678190393153786,0.16035498352259853,0.038853171898515525
2024-02-20,6.804418653169583,0.45850634403635626,0.02515850806863378,0.10437547164099757,0.00011211425580511294,0.10017573408838157,0.2899694471690188,0.005884533274167338,0.015817847466639588
2024-02-21,6.451537103044811,0.1714221799896279,0.06164726841208663,0.2834283911677597,0.0004140606605863302,0.25420423437181555,0.1150026173751443,0.04085312748238482,0.07302812054059475
2024-02-22,6.7303301586873685,0.4034387610589032,0.029959218613300663,0.15388232148639028,0.00032241626710557546,0.1231187475633013,0.24981882390822205,0.01619685666893528,0.023262854433841653
2024-02-23,6.296348893775854,0.16971206922113277,0.055949957119981096,0.24338082979801673,0.07847474638338983,0.21871700433424549,0.1168137665531796,0.06311456580252471,0.05383706078752981
2024-02-26,6.542507947366671,0.260789527701574,0.04551222747245624,0.22307413390421413,0.004338867374835352,0.21045190279390874,0.1682250418430291,0.042679479629204015,0.04492881928077842
2024-02-27,6.458856214098753,0.20358898977534262,0.0520315208807007,0.22275805566971282,0.0018972770383021745,0.21851870795510228,0.144930691564927,0.10005858639037925,0.05621617072553312
2024-02-28,6.240567713563928,0.12328444877484972,0.044754759409925154,0.24145343312050557,0.013686641708987346,0.20675631547814863,0.07859015595201395,0.22696496030789534,0.06450928524767426
2024-02-29,6.283201837393909,0.12301606130234756,0.07717408726189728,0.24456004422833744,0.009956990582400994,0.2533551624283673,0.07725741031679671,0.15684426577247662,0.05783597810737609
2024-03-01,6.428081700616536,0.16659545630944375,0.06047696224308672,0.2688980159791904,0.0012555168383589703,0.2495817052079178,0.11533256689475392,0.09031290525408253,0.04754687127316592
2024-03-04,6.5170709242838765,0.16301976911650298,0.06615406645152151,0.3024908717187035,0.00022393141978612117,0.2893139739124883,0.10851309116874143,0.024179331834244765,0.04610496437801142
2024-03-05,6.690711942057095,0.4292793288923877,0.02294134606163476,0.118751146329627,0.0006363509960294706,0.0982792591458836,0.26033944865261405,0.03206204921937137,0.037711070702452096
2024-03-06,6.334884642127729,0.2245413962241639,0.05063912301454464,0.1781897406628268,0.08595560224026179,0.178009858286317,0.14600165293350212,0.1099404948370426,0.026722131801341135
2024-03-07,6.322767615429611,0.04549869558908857,0.07028514950921574,0.32966712657601616,0.0029185976239802466,0.3081917433843104,0.0389787217262139,0.1395386058618157,0.06492135972935928
2024-03-08,5.770615204542867,0.019569196866453142,0.04462206670834087,0.11132247282643276,0.0944144721177571,0.1045677394210824,0.014316586772556202,0.582542464077354,0.028645001210023547
2024-03-11,6.269934676547484,0.09106315115851657,0.06792854560647985,0.27520817087056176,0.04049089064174505,0.2907154266077751,0.05755047662606994,0.12839576695733868,0.04864757153151301
2024-03-12,6.338432953213831,0.1274500252515062,0.05537285664126766,0.28655913948013917,0.004941134522250488,0.24151052916930232,0.08292443562113405,0.1403875860293207,0.06085429328507943
2024-03-13,6.31852906979905,0.15636999646593,0.0453408751844718,0.23356158173749111,0.011760805654272684,0.20682754835564038,0.10864965872360863,0.17811887107641017,0.05937066280217522
2024-03-14,6.074788409676364,0.030586595464204842,0.08509255021792975,0.29848385966490054,0.08522007270128996,0.2753792786495314,0.025483952153785943,0.14009624998640233,0.05965744116195522
2024-03-15,5.980040253988483,0.04051343981915927,0.051688365187399304,0.1907979530216616,0.07534619424674499,0.18855268740133244,0.02861987971857665,0.3798284896035738,0.044652991001552
2024-03-18,5.3574144378450255,0.0007918882921432067,0.018849108078913854,0.03226746434893437,0.42192884367653694,0.029573685030284735,0.0008533360412898916,0.482600993827362,0.013134680704535006
2024-03-19,6.037435670756114,0.018123779700974733,0.06962729213966987,0.24324718563121064,0.014490335531787718,0.21780071758109437,0.01752324684248684,0.3605340682560612,0.05865337431671468
2024-03-20,6.078948640440127,0.09328021465314272,0.05759978899438612,0.213142959214687,0.020632360669729278,0.18015326498439946,0.0640037864582555,0.27557540048776386,0.09561222453763606
2024-03-21,6.142776550756764,0.033440310275058976,0.07763283829265762,0.29434248318186435,0.016024835034352737,0.2735381308983801,0.0279269974615845,0.193213450487447,0.08388095436865478
2024-03-22,5.890613987185569,0.028342536361710458,0.051587484257151886,0.17580587432157968,0.08336127049232477,0.15523724803090588,0.020016768580638788,0.4307608983097968,0.054887919645891736
2024-03-25,6.001963885409805,0.030785539744699268,0.07519683339059885,0.21047865888737766,0.011530121008042245,0.20636902070569663,0.02433721071209297,0.3804167129220755,0.06088590262941688
2024-03-26,6.21191071574241,0.04769268861527474,0.07169173552300795,0.31596823294567083,0.005468922929897541,0.2930859460983944,0.03956299075477979,0.12606735777240477,0.10046212536056998
2024-03-27,6.399467935205794,0.15518679467488117,0.05926789892145188,0.2936583091867709,0.001859691082594852,0.2575504796366952,0.09882464968332566,0.08184559998739876,0.05180657682688162
2024-03-28,6.355612546778314,0.15649596658108944,0.06014118449179737,0.24566103368703449,0.0025802224119386916,0.2306021382092667,0.0984138891528264,0.1503346281045838,0.055770937361463144
2024-03-29,6.473044912563403,0.19954559490190443,0.07072368581757649,0.2522383719509504,0.0005991967426582505,0.24119801797734572,0.1373808178380789,0.05818575209265657,0.04012856267882928
2024-04-01,6.283251787322564,0.13268244052790315,0.06422460703985647,0.22654482203080198,0.005108720821108936,0.22385169695932192,0.08821309988952276,0.20615132001129535,0.053223292720189455
2024-04-02,6.030599637092254,0.0246220036170072,0.07512503392807365,0.2728334678774331,0.015817778847305695,0.25112658201559235,0.018620795097717895,0.26915099622249505,0.07270334239437505
2024-04-03,6.258143261524221,0.18830425211673021,0.05769158742596189,0.18968113645377643,0.03748066881648533,0.1783712205674284,0.12106920158185687,0.1864516893727414,0.040950243665019495
2024-04-04,6.3063478384701765,0.18608369360646762,0.04996962184684982,0.19177437050017454,0.023665578093671903,0.19713766808757366,0.11903252619217881,0.19326859517367997,0.03906794649940372
2024-04-05,6.259961186073837,0.07336147356525925,0.05828540830208106,0.2960309224489642,0.011204596575914163,0.27544590081844844,0.05545317399525254,0.1608410252842884,0.06937749900979197
2024-04-08,6.270563078836091,0.07788833047916037,0.06694753152209128,0.301389636485861,0.0054059528104168,0.2760727824303777,0.055914364162299085,0.15360715152329357,0.0627742505865002
2024-04-09,6.68169432965285,0.3460418234259445,0.03024663360278493,0.19069128895025145,0.00011782001722931884,0.16950929658067612,0.22139674211912316,0.01032067261576774,0.031675722688222795
2024-04-10,6.655364536122478,0.3416280060740583,0.04176505863318685,0.16788288919033875,0.0007297835608433329,0.16705330783566286,0.21800925387527406,0.031250069162830546,0.03168163166780531
2024-04-11,6.559917507620407,0.3165605010475948,0.035132383971828926,0.16215243486543654,0.005214756579452481,0.14749872712099468,0.22129885625668455,0.07198392826152251,0.0401584118964855
2024-04-12,6.500131683169652,0.29209898723960936,0.03318355557225458,0.18700014240095303,0.002472038129111274,0.1629696905562009,0.17350481281008207,0.09254533536876748,0.05622543792302131
2024-04-16,5.496351366769386,0.0031225372355286538,0.02930104583547803,0.0692300111275184,0.3126480045331669,0.06351252787380698,0.0031409527810853603,0.4943373011171402,0.024707619496275476
2024-04-17,6.038044565451119,0.02546713079231245,0.07427693976544443,0.2639239771552879,0.10641647358213809,0.26973056533815437,0.020471663651555068,0.1840681413175889,0.055645108397518794
2024-04-19,5.7058190379165,0.005457986780211984,0.04613764190951827,0.10402596818170068,0.15494910837748768,0.106096722792479,0.004811710059853424,0.5389613229719552,0.03955953892679368
2024-04-22,5.9262699574274595,0.016520154804981587,0.06754580722830378,0.23181058497977466,0.05298786367447977,0.2087911056613316,0.015259842640216782,0.3149998056926829,0.09208483531822895
2024-04-23,6.07100740032297,0.026352725274009593,0.07758547919402463,0.2953730060655912,0.0925363536743533,0.27353491877192926,0.020876054903908266,0.1490580535811004,0.06468340853508335
2024-04-24,5.974629271864415,0.012551441097756152,0.07122198879117567,0.2870280282170806,0.04714945303946831,0.2289106559491089,0.015344373411527522,0.23562961664116697,0.10216444285271582
2024-04-25,6.399057554721986,0.09096699083692297,0.0709442640283048,0.3315151589170099,0.001162226580056639,0.31471469019663195,0.05843218631284098,0.06864352610131524,0.06362095702691754
2024-04-26,5.977654249020717,0.06375672471436279,0.04787100033675028,0.20019834593134725,0.06219143665552656,0.19056375747132578,0.04186308959548377,0.33273844373185607,0.06081720156334749
2024-05-02,6.348293156495955,0.17206636809824374,0.04994892999269267,0.22777236775961718,0.0057778186767100306,0.2236068019392306,0.11477843859049158,0.1549629186982416,0.05108635624477265
2024-05-03,6.68194007394056,0.3900725100753801,0.03741506592009065,0.1270643326295035,0.0006177879327901736,0.11292795225875024,0.26141331708871346,0.043488922613464105,0.027000111481307796
2024-05-06,6.52482159337852,0.26290044561212605,0.041009056355614804,0.2120812449767066,0.0007542997729996386,0.18002186821966681,0.1838592034027074,0.05702185260663477,0.0623520290535439
2024-05-07,6.540491099679961,0.2943840993259731,0.0403613307636587,0.1854220678888943,0.0014607975754011467,0.17919420815361062,0.1880890511555896,0.07520382388650965,0.035884621250362965
2024-05-08,6.295384346336859,0.0991023647027063,0.06403187955293464,0.27000568412898424,0.012517524610743319,0.2644406741608409,0.06956101589857548,0.15453822012617788,0.06580263681903724
2024-05-09,6.330688696777128,0.11342307739104783,0.07154573939972265,0.293046477955235,0.004596573286501313,0.26150772166141517,0.06658934944394916,0.13500325572766975,0.054287805134459174
2024-05-10,6.154274992547806,0.0469886383678353,0.057395442140327144,0.2352910954072463,0.016227095816442834,0.23617455174670418,0.03491383080878944,0.3309680979553878,0.04204124775726702
2024-05-13,6.448387195961348,0.1995301111604391,0.059364800813517644,0.252859960122052,0.0046476977248519425,0.24200164859288392,0.12867611023826586,0.06488922086234103,0.048030450485648545
2024-05-14,6.461578988981033,0.2124078529325974,0.0485141925996073,0.22361449565072475,0.0016096797513322383,0.2097930097336784,0.137954804783949,0.11091770908674965,0.05518825546136125
2024-05-15,6.518508515929822,0.27605610437896866,0.03964711275694586,0.17990958414838826,0.0012067459712454226,0.17145987088761414,0.19870926360162597,0.08898325866085491,0.044028059594356794
2024-05-16,6.557207212177125,0.2221364749319944,0.04658795347258872,0.24882202387760874,0.000412084372437174,0.2318322972262236,0.1525766879333771,0.02780741120298317,0.06982506698278718
2024-05-17,6.721976912236132,0.41136469759931205,0.0344036694577825,0.12946290649836278,0.0006932851815243783,0.11840815654653028,0.26022358602888584,0.0234999109011899,0.02194378778641225
2024-05-20,6.678607352144875,0.40804155446799467,0.035830104641849735,0.1226314215131419,0.00045566845739381933,0.12049921290256904,0.24959899984744874,0.029211619042641586,0.03373141912696051
2024-05-21,6.684050710213498,0.385094632857505,0.036871414123805485,0.12419830796879631,0.002299931238047811,0.11874210406397225,0.22979041728163166,0.08368338025799854,0.019319812208242883
2024-05-24,5.960632132814199,0.03333710601591164,0.0560317586433552,0.1998018714823291,0.09542638882124864,0.1818240929408643,0.02808612136269699,0.3572101077869284,0.04828255294666572
2024-05-27,6.283325568153646,0.07867420647071505,0.07030020089402274,0.2948754522325435,0.003740360112657553,0.28409799293325494,0.05478268108428628,0.15840722724766554,0.05512187902485435
2024-05-28,6.581780120075295,0.29625464630872683,0.04127324319866956,0.1957578545041791,0.0005194387700270563,0.17572186724360483,0.19824050587509973,0.03785354674350348,0.054378897356189435
2024-05-29,6.387691905102766,0.1959279421192149,0.05413414087255677,0.21391298684978075,0.015053002564777753,0.21986199634447598,0.12766310514224874,0.12942500811586957,0.04402181799107552
2024-05-30,6.311816303068765,0.20537445765259504,0.04423884534161618,0.18497684641724138,0.021769524501465062,0.18160479682974345,0.12082880913620672,0.2120421430072826,0.029164577113849535
2024-05-31,6.474978106353353,0.24979004852361397,0.0488429575043218,0.1833560483682787,0.0021537358710234,0.1913306012032804,0.16626799266666917,0.11630029810491557,0.04195831775789696
2024-06-03,6.397513090161851,0.19534902382530872,0.05201391630641939,0.2157032967908495,0.006248811753897963,0.20302243754784943,0.1366031020682105,0.1266010076135177,0.06445840409394675
2024-06-04,6.550360415314212,0.23168447463506367,0.05748101218121956,0.24024523053566454,0.00035599894244605604,0.22203458697623285,0.159367870947049,0.0373224718931108,0.05150835388921353
2024-06-05,6.5070923450921985,0.22968497947738806,0.05976014665721051,0.2310157990215295,0.0008512245348335639,0.23431627894698873,0.14773227048391127,0.04165598484944537,0.05498331602869299
2024-06-06,6.435112856900774,0.22465291792308487,0.04806850301544647,0.19765633725611592,0.00572960516579106,0.19533322148634158,0.15033955765126747,0.13443543709225922,0.04378442040969339
2024-06-07,6.352415825580837,0.16245529221348098,0.06647965362686045,0.2475983320413348,0.005205749822029032,0.24295808063382326,0.09953733712023406,0.13272128053710802,0.04304427400512942
2024-06-10,6.636437767907916,0.33491013744563136,0.04237850206665026,0.1744664444889604,0.0005441426052248152,0.16414973819127526,0.21180219525024213,0.04304032014852807,0.02870851980348775
2024-06-11,6.590950408359974,0.36888083293919294,0.04670380182142895,0.14213399819559988,0.0018087691098448192,0.13770303067596473,0.21895015240242902,0.05447203183400346,0.029347383021536166
2024-06-12,6.52546652944514,0.24877649094316678,0.04125089917491333,0.2311939801412556,0.023613383204973734,0.18863321970501706,0.17345151556528457,0.027045861388305902,0.06603464987708302
2024-06-13,6.56748025968652,0.31503928485615057,0.04591981879177066,0.19365261462430644,0.0004746985508004762,0.17310185706313566,0.18882736944922426,0.02970168963955183,0.05328266702506011
2024-06-14,6.587709359110388,0.3225061059187838,0.05639626596087342,0.1695561257341005,0.0004431596833986304,0.16928537807638078,0.20691323575111717,0.03831550828569779,0.03658422058964791
2024-06-17,6.287831879746218,0.09961430269748578,0.06118589345807066,0.2712237468753783,0.008384673749010373,0.27642273194391637,0.06775752304633659,0.1655533709611708,0.04985775726863111
2024-06-18,6.678012546846124,0.4147030357927062,0.028665398724732293,0.09635576322650596,0.003159523969831575,0.09435147032212167,0.2665580056038609,0.066660564456504,0.029546237903737393
2024-06-19,6.298758755282473,0.15354641625599494,0.05132239386062577,0.26820150731968784,0.052641144117621747,0.2428407205443824,0.09847812967852133,0.0771572949220607,0.055812393301105254
2024-06-20,6.273431430554903,0.06119051402968904,0.07618146209695899,0.28691533714598144,0.0029027454168023418,0.27147597542543345,0.045281140770494395,0.19537055905748327,0.060682266057157125
2024-06-21,6.388490079515218,0.2321243300274728,0.05838528369491147,0.19515790639262498,0.008775610982157338,0.1742471314838133,0.16241904660369397,0.13769083175214428,0.031199859063181883
2024-06-24,6.015732233779827,0.03891661170100262,0.058208097533104596,0.19539611863002018,0.06175603380406623,0.20458643209887525,0.027535788005071574,0.3674851647737719,0.046115753454087645
2024-06-25,6.234549099550855,0.05395464587283076,0.07683316870779525,0.3038060257842764,0.021775871260322533,0.31348559487253463,0.03955056544844231,0.1276535524282592,0.06294057562553887
2024-06-26,6.274279728896068,0.18911919996721724,0.05175047710878193,0.17371083632712817,0.020869870506164904,0.16093261504130693,0.12011924909844343,0.2435616639878833,0.039936087963074136
2024-06-27,6.4017415026907925,0.15523008189633544,0.05594865360732721,0.2465535645484846,0.002116283096066399,0.23191585915369173,0.10150296118023595,0.15381358729796302,0.05291900921989566
2024-06-28,6.405587479953172,0.2691329617691605,0.041791038315343726,0.16395043947682872,0.032943324398291216,0.16995922683945233,0.15229024741737163,0.1320194791604093,0.03791328262314257
2024-07-01,6.491315758624578,0.19039531095591503,0.057041356560900036,0.2615293873210403,0.0008477590161440196,0.25330618557474327,0.12241335791432727,0.05693434226375956,0.057532300393170484
2024-07-02,6.365182290215279,0.20727523140387788,0.0486827376696525,0.20260975423339253,0.0030338893455571295,0.17681678377338256,0.14736692129770013,0.15078450755940845,0.06343017471702887
2024-07-03,6.740120212957267,0.3764296597391151,0.033515078256174696,0.13560937844684687,0.0005079419544534436,0.12601436509484076,0.24990784305806832,0.038344975581757944,0.039670757868742884
2024-07-04,6.610700029641118,0.28442551912364206,0.042801164110522136,0.21061113340502888,0.0005056777029836621,0.20585595084186492,0.18363396873835638,0.033254443820341824,0.038912142257260224
2024-07-05,6.595541984537721,0.28122533718194764,0.045368878227289335,0.20882334253919568,0.0004391987852231532,0.20340495319061552,0.1891821218615822,0.025438408650324384,0.04611775956382207
2024-07-08,6.561932369442172,0.2870263495671427,0.05551979970125796,0.2055279070187194,0.0005223070236762914,0.18801942519597584,0.18146271561715815,0.04636648927973554,0.035555006596334135
2024-07-09,6.3971015597681316,0.17818371021418933,0.05986759510564681,0.24686341626090996,0.00160187336626566,0.22746357231110528,0.12165656889022536,0.10140956358935953,0.06295370026229806
2024-07-10,6.413322948323667,0.16905939796644984,0.064666026344825,0.26706020568893535,0.00200560987651965,0.25333262132402323,0.10401104096512435,0.09029850004682921,0.049566597787293366
2024-07-11,6.622883404831156,0.38327006411078557,0.03139156650944522,0.12316132116878234,0.0011442438233762251,0.12411690680486903,0.2378844205176378,0.07755616925319898,0.02147530781190479
2024-07-12,6.549864404197483,0.2830110551536936,0.0582166777074811,0.19899239887792444,0.0008776981371931912,0.18118251456092382,0.18237198092200677,0.05133126715978338,0.04401640748099362
2024-07-15,6.725272791988548,0.40384817864275946,0.03661396045200171,0.12505606804027355,0.0005757071808613364,0.11181333139005112,0.2547726607742199,0.04783185626391688,0.019488237255916033
2024-07-16,6.706313517095879,0.37177994842630113,0.036881058297974084,0.14991903217608543,0.00023466879381428497,0.15045465151986404,0.24052058756678849,0.022079236237511204,0.028130816981661363
2024-07-17,6.391765960055028,0.3387007490993969,0.032071918890886376,0.11249991380439274,0.04834999205622002,0.09026216147561077,0.2057374080552729,0.13854643081177712,0.033831425806443154
2024-07-18,6.330694498356493,0.11411487858152494,0.0850900159046725,0.27726667172387126,0.0020883032653444484,0.2572581095273312,0.07264393101411686,0.13764198441305525,0.05389610557008352
2024-07-19,6.255110600951026,0.10592478701098125,0.06799824789373937,0.24921837076587589,0.020936893193604974,0.2508739216987661,0.06292030612342732,0.18550663166887502,0.056620841644730066
2024-07-22,6.114523142749264,0.0247782973373469,0.08315123781486336,0.27298743630146305,0.007179667301209285,0.2745985412666819,0.02130699101912066,0.2393304860395429,0.07666734291977195
2024-07-23,6.446644525079475,0.25087886690105987,0.0460901884585383,0.1963411927487032,0.039131778996449755,0.20696205726548939,0.16166676308677358,0.07008604068478073,0.028843111858205137
2024-07-24,6.029042458882011,0.05117512495119842,0.06373985505789619,0.20733206014521685,0.027084552504213558,0.20774513461545022,0.03319559679538263,0.35322444547213094,0.05650323045851123
2024-07-25,6.353996990575179,0.15357258267522156,0.062319206508904094,0.26545603760807823,0.004025850042499214,0.25110840236345505,0.09927871897895257,0.1140524754220432,0.05018672640084606
2024-07-26,6.700414608484601,0.3912044861453224,0.028504686127948535,0.14837269543394446,0.00017730396757209034,0.13518910927707778,0.24766650136435206,0.015113437142660871,0.03377178054112178
2024-07-29,6.8976810677626785,0.5084900057523408,0.015322199235709757,0.06374076326444164,0.0010367683460421146,0.05699639704862019,0.31890835824156133,0.019786079783450473,0.01571942832783369
2024-07-30,6.832941100203181,0.40191007088418496,0.03167696373483337,0.12325004220278792,0.00145853484847403,0.11700455430842618,0.2647823842417862,0.03495047768186697,0.02496697209764035
2024-07-31,6.664715323253275,0.33646046636259824,0.038192444615195956,0.1604861248158991,0.0007103630157515167,0.1472199101586883,0.22681259545023486,0.05032411693967769,0.03979397864195427
2024-08-01,6.494582446594008,0.3799098711858885,0.03647460247261389,0.08872460450209235,0.07094366979708475,0.09738371031388932,0.20928251514071552,0.10178664041351096,0.015494386174204709
2024-08-02,6.204405617210305,0.15299790078530331,0.06082066651188192,0.18251612828971017,0.03141441924988419,0.16714626826010986,0.09565010066213385,0.26389066752417945,0.045563848716797216
2024-08-05,5.67170700599705,0.018900888315565377,0.05723112711855618,0.15259090556941293,0.21761125423089137,0.14015554462393057,0.017398061400823565,0.3560073880924285,0.0401048306483915
2024-08-06,6.06196082549985,0.015159076651832836,0.07311748906542734,0.2604985112756723,0.01594378696443853,0.24516136707424394,0.013042487579759997,0.3006058094097051,0.07647147197891996
2024-08-07,6.4578905055107985,0.14506587639844518,0.05940880724243899,0.305396729645192,0.001512606800567755,0.2808413676917193,0.10615835299509152,0.055512879354622714,0.04610337987192256
2024-08-08,6.3727734807573935,0.185780124924694,0.059777763282122774,0.22265917235876997,0.0050493140236246336,0.20988847181806888,0.11870567207084859,0.1559839081944595,0.04215557332741167
2024-08-09,6.458522237662853,0.22075315579324964,0.04407991337327545,0.24081976412361955,0.00207314449858418,0.20788301097938086,0.14553132071554054,0.07857026807733652,0.06028942243901328
2024-08-12,6.394596851873287,0.10965716832992194,0.07435781536592154,0.31139903408329644,0.0010728137608302369,0.29536161746155204,0.07376451138228264,0.07139553025699392,0.06299150935920131
2024-08-13,6.604369189253819,0.35231616381017944,0.03826867719866974,0.15028905264581718,0.0009991089596961518,0.15378362349941718,0.22285109976436895,0.05114631512076083,0.030345959001090574
2024-08-14,6.7913539210464755,0.41054254311280186,0.03312893212028232,0.12962345437029987,0.00018762779625026445,0.12201163611990465,0.25928220821770737,0.017089072035923962,0.028134526226829767
2024-08-15,6.910118975192362,0.502766548498638,0.01873041436538131,0.06542832637189352,0.0004663057779184942,0.06438704884982026,0.30347968004520476,0.028677541005352757,0.01606413508579091
2024-08-16,6.654941236235113,0.28672981253671365,0.034255989188151335,0.21829388701533706,0.00021461605730124992,0.1923612789735936,0.1919788685614889,0.02297124968432485,0.05319429798308935
2024-08-19,6.624525630619846,0.30535870260234754,0.03704691990255382,0.20777009051625547,0.00010094883161565943,0.18547328340166588,0.21725215928829578,0.011052172182167409,0.03594572327509844
2024-08-20,6.727417988426156,0.3423857021858536,0.036398919530793925,0.18338447421513032,0.00011533489646724057,0.17098434666240359,0.23031764652205344,0.010892319778271705,0.02552125620902613
2024-08-21,6.614847698622622,0.269385465351424,0.04180523493763467,0.22837622900735488,0.0003219449760598087,0.20451893281482156,0.17812124883187883,0.021031352411284912,0.056439591669541295
2024-08-22,6.659376055265161,0.3274090499063732,0.04340367987301723,0.19369015790154062,0.00017002018309562864,0.1815431033183834,0.2099611105095981,0.013450844604245622,0.030372033703746245
2024-08-23,6.827509925269757,0.43320628055628535,0.022431148973999747,0.12062600864260699,8.6356427282875e-05,0.10867431683818272,0.28651917660487497,0.007963930047883823,0.02049278190888352
2024-08-26,6.88157347977604,0.4749333195210765,0.02441591579141552,0.09960637409234524,0.00014040574541081626,0.086077363538883,0.2919351724842787,0.008351345783390135,0.014540103043200144
2024-08-27,6.909687908778384,0.5171798936483926,0.012463536911962838,0.07040412463372127,0.00010031921191482962,0.05676370881610018,0.32161806663136694,0.0045509377181066615,0.01691941242843476
2024-08-28,6.807102094519694,0.4363405768755109,0.03493068337570971,0.10097845458775231,0.0004642023525833436,0.08655796575150422,0.28124396850894423,0.03749399334310084,0.02199015520489448
2024-08-29,6.883906041168173,0.4441268615357962,0.020907516867388735,0.1198777972679135,6.510107516619828e-05,0.1046589821614745,0.28507636203177084,0.005250705610297512,0.020036673450192558
2024-08-30,6.966929766712893,0.5297919955362078,0.010397555946312835,0.058348999158953176,8.821362890785852e-05,0.053850496398971985,0.3320257354714684,0.0032162171219568885,0.012280786737221034
2024-09-04,6.627345526557021,0.36873493830272835,0.04092710727626985,0.15222645876343827,0.0021428424771712507,0.14151129264923068,0.22561377935433694,0.039450509948189855,0.02939307122863481
2024-09-05,6.892248400708831,0.5060041314991486,0.02001970540429062,0.059091077107062864,0.0017036717476584444,0.048457420229063894,0.30793659745069696,0.04714701223025065,0.00964038433182793
2024-09-06,6.924927716805951,0.5185105417056577,0.015649070512485243,0.06902200058374706,5.7901316001884436e-05,0.059263876977288646,0.3223880851286082,0.0030926327086821487,0.012015891067529063
2024-09-09,6.87537762029427,0.4525431724745541,0.021175082958189304,0.1007781857889552,0.00029095524684681775,0.09211042607221949,0.2821199114165191,0.01276359646840743,0.03821866957430855
2024-09-10,6.614586174482865,0.36904486746572446,0.030617507037936538,0.08235579381735146,0.004505867893915114,0.0826621321053366,0.2083950792829224,0.20334376607084212,0.019074986325971353
2024-09-11,6.546212662317169,0.20484891618804524,0.05893700720487624,0.2684441023678703,0.0002991762015441964,0.26759157956899843,0.13337136136626088,0.02156719267182575,0.04494066443057899
2024-09-12,6.9325357601154725,0.500349344489162,0.019064934487671523,0.0754619178282542,9.584412562130195e-05,0.0710098635339161,0.309323365781788,0.007048761052686691,0.017645968700900152
2024-09-13,6.691651987835164,0.40099440742279674,0.03685821616270008,0.13376263555619827,0.0007335940557335064,0.12464611093278914,0.23425022548374116,0.0389012156706918,0.029853594715349322
2024-09-16,6.725399336211124,0.3898562956626087,0.03570431949211926,0.1534914125130513,0.0010658237091601699,0.14662217409154712,0.22476718256493408,0.02643992616558878,0.022052865800990567
2024-09-17,6.786588544069987,0.46725184406183157,0.01597480201301661,0.08240020051974345,0.0015606118946799596,0.058004367444207124,0.30950206331427904,0.0313289068440589,0.033977203908183345
2024-09-18,6.435840688032476,0.20940950607583442,0.049134550679818506,0.24108949093980217,0.002218772986019915,0.2166974930881687,0.13732829877855354,0.09621800922465802,0.04790387822714472
2024-09-19,6.787872705986597,0.4253890598366636,0.027988037806423578,0.11636817295446693,9.072521270050041e-05,0.11133188819323485,0.28848742746323097,0.0080975007230901,0.02224718781018952
2024-09-20,6.654484501794954,0.2890783949671517,0.050832000152009664,0.20934724926091564,0.00031975096737659907,0.19412039556694788,0.1895279254003139,0.020128180251644992,0.04664610343363959
2024-09-23,6.764340878814166,0.3796599612041071,0.036268593504423775,0.16141315204829515,0.00012487588155639067,0.15174625999425664,0.23457668513475255,0.011859977351433314,0.02435049488117504
2024-09-24,6.811194060582342,0.4462522088560639,0.022594309169509667,0.11221196567529954,0.00030160081833259517,0.09370827138005425,0.2716714490390849,0.021981299276565926,0.03127889578508922
2024-09-25,6.528024760612954,0.21219794113539456,0.055742107447720186,0.25648603639165557,0.0004024798222504775,0.24244368340524777,0.1450761153227929,0.033089408713495395,0.05456222776144313
2024-09-26,6.418577344599501,0.22199042376406541,0.044477195206286284,0.19472287571377916,0.003379932922648062,0.17981636567859663,0.1549756753565737,0.1465404076657538,0.05409712369229693
2024-09-27,6.373056786743605,0.12797434024454185,0.06907533245612453,0.2580553936373996,0.0016869484165323544,0.24547677151225816,0.09135036302383658,0.1547671857990082,0.05161366491029874
2024-09-30,6.636841687010871,0.33162551545720403,0.03296086781493298,0.18352832230578536,0.0001841861040167903,0.18235939846500873,0.21805805745683057,0.019790296962778363,0.03149335543344318
2024-10-01,6.570646884297239,0.27271827836878315,0.04307428287715532,0.19563544752252476,0.0008363923537916951,0.20455411493758457,0.19858579321225953,0.049153934855606804,0.03544175587229418
2024-10-02,6.700160544826703,0.403071369031273,0.02982345739195423,0.13543093441008,0.0003283096181211437,0.12000659377929362,0.2550377327090387,0.023738409332397525,0.032563193727841826
2024-10-03,6.233586844971162,0.11547096189533332,0.06388860236310541,0.2507964601884424,0.01911869060327341,0.22755356030908278,0.07694478274473146,0.1789521915760539,0.0672747503199773
2024-10-04,6.25079127494101,0.06008816953613876,0.07800922693293494,0.30350372094969524,0.008560043812361943,0.2898202902225981,0.043000418222356146,0.160729247929273,0.05628888239464183
2024-10-07,6.485853775070305,0.24744494083919302,0.05469326651993589,0.20066645076095582,0.001657576555601417,0.2087649332739677,0.15403577254486361,0.09604868854658415,0.036688370958898354
2024-10-08,6.5284508615891435,0.23542425870493927,0.048508424840155086,0.22090767066344252,0.001163983301603456,0.20836825436983628,0.1429856086716823,0.08627587958282608,0.056365919865515014
2024-10-09,6.486694731959357,0.1738129132597139,0.056433317077600256,0.2925389898333079,0.001005566884540683,0.26129199949443577,0.11741693242064706,0.03935836319026376,0.058141917839490735
2024-10-10,6.405212928651683,0.135746822483887,0.07700740004946058,0.28387315930987445,0.001004229869471748,0.2631682406364603,0.09689630816943756,0.0800705123036042,0.06223332717780412
2024-10-11,6.706582187913934,0.375289025842822,0.035395335838001106,0.152776420771386,0.0002774183163979022,0.15046096825901956,0.22558426817605953,0.0175349777939499,0.04268158500236398
2024-10-14,6.5078710377733415,0.22101727886698347,0.06348252462419708,0.23638278819552144,0.0014649381362038761,0.24246712000572848,0.12845400378651187,0.06966903687811613,0.03706230950673764
2024-10-15,6.478764007395274,0.2068887728536192,0.05694737424288973,0.23250757611697828,0.0012705436595923279,0.23447423222978833,0.13963391391849103,0.08415922745376539,0.0441183595248757
2024-10-16,6.629658248973511,0.29925361631501723,0.04234165158597481,0.20908169412993677,0.000335568200132966,0.20358461148359747,0.1959553139272128,0.014747737177895104,0.03469980718023285
2024-10-17,6.735088628650933,0.37879151762253543,0.03590001282824143,0.15738244372129134,0.0004911794343609758,0.13781624963740802,0.21669466664554246,0.033821224139654424,0.03910270597096591
2024-10-18,6.336531548650105,0.16945825337095435,0.06354055784502624,0.23305392476156722,0.006847726791707071,0.22521374570921937,0.10048761247168635,0.14823333378167555,0.05316484526816385
2024-10-21,6.589170191516584,0.27619001731009807,0.044570010352038766,0.2131097932460814,0.0002756033136953616,0.2157027568123226,0.1891605492520358,0.02358177765020697,0.03740949206352099
2024-10-22,6.821475398610835,0.47398286875832185,0.02836360047222646,0.07832472301052439,0.0006334856834168245,0.07086573775899874,0.3019689148335791,0.03263092572222306,0.013229743760709551
2024-10-23,6.63454562818728,0.38364470088752195,0.03516976167199941,0.12654864038102193,0.0022363780462027394,0.11193514641889757,0.24796483330927402,0.06797850367601825,0.02452203560906409
2024-10-24,6.626735618714286,0.3895197386618826,0.030612630326843106,0.09504245611310912,0.011629289378817622,0.08838850214861362,0.2327905735691578,0.13370136298088087,0.01831544682069525
2024-10-25,6.441341203129117,0.28501860756534364,0.043158535234145146,0.15410229641333473,0.009672155960959257,0.15135745284766108,0.17412301795925636,0.14541235930499788,0.03715557471430195
2024-10-28,6.854624595857477,0.4938179987662732,0.01668085661860458,0.07913192265113314,6.965047209419414e-05,0.07067026831734956,0.32229626977439185,0.005049503159914451,0.012283530240239026
2024-10-29,6.863316755454707,0.4876664287671448,0.01751719436463037,0.07287253519579527,0.00024422412178797133,0.07719590962371502,0.3087875633153895,0.015535857992685531,0.020180286618851552
2024-10-30,6.7713903733368115,0.42635270644842216,0.02761925713954492,0.13785207935262275,0.0001438500310214541,0.13100460102097825,0.24284910185568098,0.010683997581122777,0.02349440657060675
2024-10-31,6.712143639087939,0.39295979741941894,0.035612844225290305,0.13056285171992202,0.0005190362923528719,0.12455000294256692,0.23776733528923583,0.03751533010927881,0.04051280200193428
2024-11-01,6.664757121954026,0.3691700789522518,0.034542299101197126,0.12677599125596417,0.004019166833561901,0.12636400488096763,0.22077402430939003,0.09978901130687744,0.01856542335978985
2024-11-04,6.311940704642101,0.05816239964469645,0.08317028436924982,0.31227281311437616,0.0020705231148154925,0.33308265002143417,0.03839585186869465,0.11422175341014967,0.0586237244565836
2024-11-05,6.878041943021766,0.4784602909680168,0.020440237018085086,0.08082966582238692,0.0002029766777006897,0.07662497052228531,0.31247671425742146,0.012615956393847143,0.018349188340256548
2024-11-06,6.688496715790545,0.38461881949265464,0.026656659208103502,0.1325573707965157,0.0005901023543720046,0.11518678838122344,0.2540915182041722,0.043762959808447,0.0425357817545115
2024-11-07,6.662897737342203,0.3367017478129245,0.05033299195731256,0.16622510200355572,0.00026099597746095303,0.1838191657066522,0.21211639456350645,0.019681142366183492,0.03086245961240413
2024-11-08,6.529840866986425,0.3024148853227128,0.04054316166651372,0.16497278279824437,0.002678946775063315,0.17572609583190257,0.18038340083512294,0.1079206005236952,0.025360126246745072
2024-11-11,6.275328556301566,0.10395325957777503,0.0773486014899775,0.25421135199849,0.002558160433135186,0.2645369842017374,0.06611667031990268,0.17876666578689465,0.05250830619208755
2024-11-12,6.279037344719642,0.09550170170340881,0.07438324142069236,0.26565141554987126,0.00587253007051063,0.2564049221804152,0.06175549307289673,0.18966341977387974,0.05076727622832521
2024-11-13,6.2032639196983,0.0380698907380449,0.07185655245385698,0.29358631480085845,0.0032456020906592572,0.29327102275056194,0.03074949934104293,0.19638567644663113,0.07283544137834443
2024-11-14,6.22372949252565,0.06076805537091143,0.07722050676371302,0.2900738230417575,0.003713316440529052,0.2825189525687634,0.04469831660695231,0.17402064497873695,0.06698638422863636
2024-11-15,6.326426246775147,0.11929989080196732,0.06582743512848131,0.28916279526808253,0.004033879348132921,0.2673142306461624,0.07419835629167006,0.1309929387179823,0.04917047379752123
2024-11-18,6.138995535782626,0.024254845947127977,0.08073279902911032,0.2872160056197683,0.028756685679171137,0.2820992007713165,0.02050989781588217,0.211996215469882,0.0644343496677416
2024-11-19,6.09375294380948,0.0336136665672151,0.09667693279640295,0.2807618303276635,0.00739900039054591,0.2642500355325769,0.029436056088366788,0.20781651926998693,0.08004595902724193
2024-11-20,6.010273148638365,0.03991680921876501,0.04711309418117659,0.17780047873774388,0.015076782356083143,0.1548032454908101,0.026998504132510218,0.48344474540069365,0.05484634048221743
2024-11-21,6.263220892249595,0.0825473235885534,0.06595433056206164,0.303099264190136,0.0063384338443225234,0.24597607712770914,0.0586317726678039,0.17045368951245682,0.06699910850695655
2024-11-22,6.362573202442217,0.1788822444231474,0.06050601884831394,0.21100451196887388,0.003167784217186142,0.1939517941899138,0.11976488817609122,0.1768031137322209,0.05591964444425271
2024-11-25,6.537304961063064,0.22672805233769242,0.05996731254597081,0.24941491579707747,0.0002537407112098777,0.25039553121203095,0.14640970245866403,0.0255889440627846,0.04124180087456987
2024-11-26,6.459378436798093,0.1808834425986455,0.05203187180369502,0.26515150763607476,0.0004218433426251972,0.2650407728507823,0.13097563085930272,0.0397640211023017,0.06573090980657278
2024-11-27,6.845762949444225,0.4604580480949637,0.024467873027593217,0.10300109337382886,0.00014203926685915443,0.09140364933243564,0.29973941853766195,0.00549953490309218,0.015288343463565307
2024-11-28,6.58453106209973,0.2802172802586371,0.044014752818427975,0.22420889767587351,0.01715901877663128,0.21446393626529783,0.16410137050900267,0.02290962799417049,0.0329251157019591
2024-11-29,6.552271752949163,0.2845080647017096,0.04793148761785056,0.1905556096809957,0.0010874199632803028,0.17338104155355075,0.19553043845318305,0.05505267220345355,0.05195326582597647
2024-12-02,6.64885580836897,0.3766114646092967,0.04487041281490636,0.15234402571021838,0.0003054974877847789,0.1459532283364579,0.234951341278712,0.022706736754972097,0.022257293007651762
2024-12-03,6.490365008937802,0.25491218160278184,0.05428636470046116,0.21667912755577662,0.0009690913655188985,0.19838271748268374,0.16356088100125926,0.059152217814705095,0.052057418476813375
2024-12-04,6.4294076908165305,0.14840191430783106,0.07078645392187993,0.27738670108628205,0.0009451043955787486,0.28852964909123874,0.10525313844865238,0.058167575577766355,0.050529463170770735
2024-12-05,6.158235176911202,0.06740377654263542,0.046127924805094644,0.2802347300953182,0.1023146814044602,0.25252254539205204,0.05226070937282779,0.1271770089647823,0.0719586234228295
2024-12-06,6.344431096445697,0.07152006971833648,0.08117047824575879,0.327437158813808,0.0029644545969763096,0.33587038603742947,0.048667952796854534,0.06504848295362087,0.06732101683721552
2024-12-09,6.570370926795333,0.32344117928315946,0.03426182376293674,0.1459623942196103,0.0029022737772053664,0.1391149219607014,0.209979315322699,0.10271835033425475,0.041619741339433004
2024-12-10,6.339009015384096,0.061052421502696054,0.0765639955030186,0.3339535173039044,0.0008198769479322962,0.3410282150769338,0.04448102692149376,0.06657192168660846,0.07552902505741269
2024-12-11,6.6941365657992025,0.41991719123775345,0.03384899258828574,0.12375131100710708,0.0003645446890662427,0.10958104739902813,0.2612845803360636,0.02540762464033219,0.025844708102363546
2024-12-12,6.440475431714128,0.18890253330720516,0.0689729584801535,0.24205062661838075,0.0009894362415949721,0.2510321786390754,0.12871851774713564,0.0618560170555158,0.05747773191093874
2024-12-13,6.475694162587307,0.1974736954059213,0.053100796969919074,0.2449765397401052,0.0020537656897139964,0.22747917685144847,0.13146861055777592,0.09695407940124572,0.04649333538387037
2024-12-16,6.622088056249786,0.29539400114943637,0.04005466179765156,0.20615437576124024,0.0005209160945181981,0.19528855634888662,0.1801944423800534,0.03416465467660694,0.04822839179160663
2024-12-17,6.584384374548861,0.2593727072654159,0.056551271819250015,0.22412645327694916,0.000296919297638481,0.23525248503681276,0.16313362142011087,0.026316461427911154,0.03495008045591166
2024-12-18,6.926011736645863,0.5157368200637098,0.012392385179242736,0.06896398430053986,9.701313125563515e-05,0.061523405188485876,0.3212508034370765,0.003958858306015683,0.016076730393673893
2024-12-19,6.74575110799012,0.34922936909871993,0.043530976925630696,0.17257854432139466,0.00047011662880499464,0.15640100714897748,0.2179546395990214,0.02999073755266937,0.029844608724781462
2024-12-20,6.833244642848974,0.4577634123924504,0.021258325597008795,0.10845692649031666,0.0001412799052552722,0.10032348894577822,0.28647000186669974,0.005525528859597053,0.020061035942893945
2024-12-23,6.930769401233381,0.513078833143745,0.013875322973433671,0.06990875377708934,0.00013423854280748655,0.06270207121547199,0.3135468690439452,0.004922175602035176,0.021831735701472125
2024-12-24,6.965845851280824,0.5185912466539753,0.014077345861577691,0.06511734519506686,9.105657135323061e-05,0.06229204911246077,0.3199168429618128,0.003227142144907332,0.016686971498846088
2024-12-25,6.371291380009782,0.1846291433214045,0.052865599785171614,0.21352511332413796,0.002102386706122171,0.20605936593717705,0.12961792999199578,0.14277224898672072,0.06842821194727021
2024-12-26,6.993647445368184,0.5624075872995234,0.010055445290508138,0.04024785000319431,5.873209070917182e-05,0.03336396161484935,0.34458020154221475,0.0014685965012118179,0.007817625657789025
2024-12-27,6.995098591365168,0.5061292864082625,0.01525780548094521,0.06709202031101437,0.0002139775072729076,0.06855242093980897,0.31886145070612903,0.004204191902573094,0.019688846743993973
2024-12-30,7.075376763218431,0.5417882540016392,0.00926245725027573,0.05640670614717957,0.0013565348486896886,0.0455929422248902,0.3329429448938498,0.0043488494977045955,0.00830131113577129
2024-12-31,6.945557987063009,0.4923960863358185,0.019820359507953376,0.07780489383476076,0.000194959306943933,0.07198211856809494,0.30068863212452046,0.009969861875620866,0.02714308844628719
2025-01-02,6.650331833573722,0.33277831308508,0.0352836771720812,0.1712527463150933,0.014072971183245247,0.16351946523743371,0.217547365999957,0.03134493806724376,0.03420052293986575
2025-01-03,6.595677381982395,0.2995813205416085,0.056874980325753006,0.19663992563095373,0.002707609408969518,0.18076346074602873,0.1735141271306203,0.06066547919524393,0.0292530970208222
2025-01-06,6.718446061881595,0.41619289497517403,0.031504672878828945,0.11252974999564917,0.0006260621656674101,0.116383139614113,0.25320416868971934,0.044812038485064584,0.024747273195783466
2025-01-07,6.712232205851448,0.413752124121565,0.03561956106308797,0.1164165684085607,0.001830301585891774,0.11187240317319572,0.2519400726108727,0.04224507473790225,0.02632389429892389
2025-01-08,6.470204841805785,0.158396139546704,0.06365816269918693,0.2969731019999898,0.0006855959279104023,0.2800611712835063,0.10484085779428792,0.037833436994305504,0.05755153375410915
2025-01-09,6.424502649114385,0.23065657559450467,0.06359781892503004,0.1988839275899111,0.0016724914276378994,0.1977794608238606,0.14072156058864263,0.12187071518977116,0.04481744986064189
2025-01-10,6.452759560554617,0.23904973300802848,0.06059035287563423,0.21311861884506314,0.0026036915265823736,0.22662173746920353,0.13985206464697159,0.07825817292987977,0.0399056286986369
2025-01-13,6.361561143412036,0.14005204838967067,0.060402888274672877,0.28150810496172257,0.0016149228878880007,0.25967370502534015,0.08440365427071751,0.10574578320757248,0.06659889298241575
2025-01-14,6.435661777609579,0.2430726848937631,0.06264890681991969,0.22418154613086108,0.0010943105161884566,0.20675196206078592,0.1511103161049095,0.0684087205011259,0.04273155297244634
2025-01-15,6.523946663925028,0.21578384581668344,0.05412771629077841,0.2478335546359477,0.0002699420561773525,0.2559915828618353,0.14673622389172683,0.02528296829478596,0.053974166152064934
2025-01-16,6.591522381314034,0.27767510844644877,0.05602912764666712,0.22041365807719385,0.00028611535675840513,0.21282025780496064,0.1643601133981213,0.028213255769856546,0.040202363499993385
2025-01-17,6.55584310785962,0.25019048037811026,0.046987461342549795,0.21818590642558852,0.0005531163281015233,0.22586569799238232,0.16871307370130173,0.03400881290375078,0.05549545092821507
2025-01-20,6.692522456806055,0.3559284225076414,0.037215687249200165,0.17293253713749374,0.0001523003229303951,0.1584218990083687,0.22437777078415694,0.013475304042695067,0.03749607894751362
2025-01-21,6.692592591071889,0.32691119305087013,0.04359057544150943,0.18728466176728023,0.0011162769207842696,0.18913077069282438,0.1883761957415415,0.02210735952385409,0.04148296686133598
2025-01-22,6.507949671929105,0.1969072042030323,0.06500030934855335,0.2586667396855466,0.0003268259526747394,0.27540439937071487,0.12494454436134504,0.030704538109452787,0.04804543896868034
2025-01-23,6.258666281657087,0.07596664701605367,0.06567319219251197,0.3277282226231488,0.0030221227765857054,0.2650065727375939,0.057174179751172824,0.10766521729079996,0.09776384561213312
2025-01-24,6.668429456327311,0.3289549896889925,0.0354510153415403,0.1863659868477983,0.00019062461155195838,0.1762132314462907,0.22349825258223158,0.01642331945496176,0.03290258002663292
2025-02-03,6.328336282324759,0.11474329374987406,0.08811417452592794,0.2926313034750095,0.01458652734457447,0.26522837914765435,0.07567148439339434,0.0927028472429535,0.05632199012061192
2025-02-04,6.54480566770002,0.19775614443200548,0.05850268260834375,0.27818726657993076,0.0008792751716583309,0.2588530722724346,0.12676690331680757,0.029564511074591588,0.04949014454422793
2025-02-05,6.7005273363089355,0.34939948975508933,0.035293490213405006,0.17803308119081873,0.00021687570837213544,0.16168781178574781,0.21574353875499203,0.017349621368159145,0.04227609122341583
2025-02-06,6.713954158535885,0.3728726974253652,0.03248320790621379,0.151792854186152,0.0007188782103665897,0.15270747248328825,0.23531596187210074,0.0192185144387524,0.034890413477761055
2025-02-07,6.654608080052861,0.2949761650601278,0.04410293300958572,0.21613667612133008,0.00015600497272756558,0.19557579605967196,0.19562720770789147,0.013743275400369305,0.03968194166829605
2025-02-10,6.420949409144669,0.14585078718855618,0.06511440269681927,0.2858445532134061,0.003226351229426202,0.2856234896990108,0.08977491755455357,0.06348489701912777,0.06108060139910005
2025-02-11,6.6419187105532425,0.27616363035186825,0.041768371666453946,0.22745022951598598,0.00012892184134856202,0.22820541691652843,0.18565451817726444,0.010993186451184866,0.02963572507936554
2025-02-12,7.010256495624261,0.5538112280220775,0.01265809543256336,0.045978973932614776,0.00012078637151586552,0.04318420183451044,0.3270609340599434,0.0030987922831844945,0.014086988063590194
2025-02-13,6.734330357094659,0.34602386496658866,0.03457128261609373,0.19318551716647211,0.00011247451255902282,0.16389278618041592,0.22725503131105754,0.007854949248986092,0.02710409399782695
2025-02-14,6.745732846827057,0.39602736630273766,0.031804251897514596,0.14628037633515795,0.00045766060565956767,0.13579920122753045,0.24146174788243824,0.021879590624514323,0.026289805124447233
2025-02-17,6.811206473571861,0.45757995069360563,0.026664834046145097,0.10863803065592521,9.947619703063235e-05,0.10754584459605336,0.2791678894052793,0.005656824481830022,0.014647149924130735
2025-02-18,6.578601064632199,0.24693779216534614,0.04965897627447287,0.23353008481604393,0.00032014768460363974,0.2287195934971624,0.16619045713029654,0.020517260860374066,0.05412568757170043
2025-02-19,6.55316113868562,0.23228811053057413,0.04785676468136014,0.24738306019222636,0.00033605587504015224,0.23973822666599112,0.15319352068234,0.020434301420749295,0.05876995995171879
2025-02-20,6.810581389153572,0.43485621254208645,0.02490159604774833,0.1055017088031025,0.00023196771348289798,0.11225180818412024,0.2835131956518223,0.014800376217597064,0.023943134840040195
2025-02-21,6.7158769807259215,0.3674397758857229,0.03441086003024612,0.16939562487164264,0.00013735899409302903,0.15081546436302176,0.23600217431058507,0.011519013611437383,0.030279727933251066
2025-02-24,6.59082998444274,0.28459344958403177,0.0426855276984806,0.2146985640908857,0.0003814705325935536,0.18597724187718817,0.1868846287140791,0.02875210907536931,0.056027008427371745
2025-02-25,6.717814303587578,0.38151540826443864,0.03628369775022004,0.15147204416150395,0.00013829452387178134,0.15316082073676957,0.2395800389455013,0.012972657363436653,0.024877038254258035
2025-02-26,6.929413740986544,0.5105194865934084,0.017372378998912568,0.07642344405435324,9.877185728692107e-05,0.06854553280811165,0.3086828409877607,0.005120606147519746,0.013236938552646743
2025-02-27,6.756041738522517,0.40893261584533847,0.03343367294636186,0.12945114601971447,0.0008407139191121776,0.10940115838776072,0.2417429886836546,0.040718206017093014,0.03547949818096468
2025-02-28,6.380893892872199,0.1487512275667595,0.06450316723654322,0.2646264081761979,0.002488771229607176,0.25210837108000567,0.10214508246238421,0.11602433424970168,0.049352637998800616
2025-03-03,6.597436701609469,0.2719557694094179,0.055227872788076726,0.2199573657343464,0.0002651243146383095,0.2191747165089616,0.17353778204177253,0.019854134391320055,0.04002723481146652
2025-03-04,6.63850513206289,0.3477089116009619,0.03561781433381076,0.16331884737964775,0.0010373845058988319,0.14462197752218972,0.22250547200403392,0.03752991308570465,0.04765967956775242
2025-03-05,6.632507120153791,0.25278853167108023,0.05208640496139014,0.2310826782801698,0.00022336220449446374,0.2328072756231425,0.16855078758126477,0.02080546101032169,0.041655498668136386
2025-03-06,6.609462619997691,0.2966535630777109,0.03878392969664223,0.20094097900511454,0.00022283357648064835,0.20207299014621566,0.1930959870667697,0.021965087421156403,0.04626463000990988
2025-03-07,6.660313811360914,0.33017977204846627,0.038310913963352976,0.1791137321589094,0.0003458002244092752,0.15656358552328678,0.22823950443960056,0.02527899571107982,0.041967695930894965
2025-03-10,6.697151497017275,0.3773454045760258,0.03461759222900267,0.14752022590335948,0.0006979159725134617,0.141857534005034,0.23282668450933505,0.03350794046314377,0.03162670234158577
2025-03-11,6.749401817337164,0.3767936685424747,0.028657177867330956,0.15548380272233434,0.00032212216665809796,0.13533443043577142,0.2639176269125222,0.01285643129677066,0.026634740056137623
2025-03-12,6.536962238451903,0.23284704358839234,0.050360727525120025,0.23737249792112236,0.0005562588094220007,0.24227987300076645,0.1476653222861008,0.049179037798792,0.03973923907028403
2025-03-13,6.483739556935675,0.17411872456048944,0.06945635118035802,0.27165794623643513,0.0004709729143066573,0.2716982698326474,0.11722569169413878,0.04399141833682931,0.05138062524479527
2025-03-14,6.6497073391414085,0.3103878703166189,0.03866757607490086,0.19016741474794296,0.0001521890623724042,0.20048115285308069,0.2116560543803322,0.016411020093055798,0.03207672247169621
2025-03-17,6.833414230221973,0.4729580018687429,0.018460006761834697,0.09288317772192241,6.182806380727663e-05,0.08202538638930021,0.31617288552246686,0.0036969451324781865,0.013741768539447415
2025-03-18,6.9849450784151506,0.5211501872860719,0.021362592203938484,0.06972964679342633,0.00014478808547549875,0.06215656950869665,0.30400098883819565,0.009284778534754286,0.012170448749441202
2025-03-19,6.740928816962731,0.39042263059035204,0.03477133172280215,0.1472596822920539,0.0001724873691697424,0.15141492842584106,0.2407181779467102,0.010748267937876746,0.024492493715194207
2025-03-20,6.806652669601134,0.43118229947847125,0.033421228993300134,0.12365718463099065,0.0001544474602900056,0.11419710903970595,0.25749380299513397,0.012415332686044892,0.02747859471606309
2025-03-21,6.783740346467917,0.3890598008919549,0.03434644537388498,0.15601915623467066,0.00014509418772541262,0.13604138082813405,0.24964965178404974,0.010880420951427116,0.023858049748153136
2025-03-24,6.644526038068073,0.3478370599864056,0.03827634186341195,0.16433406840710799,0.00016861501616180537,0.15474712640037042,0.22625250122649102,0.014584711349416395,0.0537995757506349
2025-03-25,6.779957229145608,0.45214035876703396,0.028019125503460012,0.10722702220713962,0.0001431657560118104,0.1038331513758449,0.2832736787536902,0.007398372850754671,0.01796512478606485
2025-03-26,6.550354177468386,0.2834222094561235,0.04620758533075755,0.19618775362672666,0.001967143058440792,0.18336629564315104,0.17464446297289452,0.08394655741148985,0.030257992500416102
2025-03-27,6.5689183025413795,0.297535945330825,0.040606154452445496,0.2072528456822459,0.00016836140043281823,0.2034143245787863,0.19632465039138286,0.017085714081115606,0.03761200408276607
2025-03-28,6.667880266644462,0.3710745967373236,0.041078596764800385,0.16059090649303132,0.0002075824527336178,0.1512679584818191,0.22531784607953545,0.016721772757473854,0.03374074023328264
2025-03-31,6.914039064386731,0.5298389810378247,0.012932059556151714,0.06122190866429774,9.704841081708286e-05,0.04991874576107368,0.3288591571580113,0.0056920292027857625,0.011440070209038072
2025-04-01,6.997327212814025,0.5331134082387359,0.011961482691101314,0.053190556551293885,0.00015135092413309862,0.045146455494704675,0.3271563773012311,0.003836694880990664,0.025443673917809433
2025-04-02,6.936974061831987,0.4948110293489432,0.018999907789907962,0.0768276364756526,9.461639599473077e-05,0.07223019085458106,0.31833806870257775,0.004707597929130543,0.01399095250321212
2025-04-03,5.5623404949283355,0.027827962334931813,0.009169462142416316,0.020319191944152912,0.28480505693947644,0.025565431033395782,0.01685644558646696,0.6061262071674961,0.00933024285166361
2025-04-04,4.929753315895556,0.00021172360514707197,0.0006626133277751536,0.00027806346002961124,0.8415803198762554,0.0004148953953572775,0.00020489215950337744,0.15110172839577923,0.005545763780152907
2025-04-08,5.028720250927481,0.03094752630416016,0.0058959706706560215,0.0027591851447355733,0.778627425247566,0.0034940562957877963,0.01811359219340176,0.15369750296745774,0.006464741176234967
2025-04-09,3.707830105609777,0.00013524116405235593,5.7505668272357915e-05,1.262515181624718e-05,0.9742067797363682,7.583749686709387e-06,2.833677554869745e-05,0.02490065568527238,0.0006512720689830913
2025-04-10,7.066730817333724,0.4441148689677019,0.049465337971552295,0.030346867782646416,0.00928491904842894,0.02447428802349348,0.3217267592275638,0.029176587332426618,0.09141037164618654
2025-04-11,5.326203205543684,0.0016536272019985554,0.008233700130095011,0.013542681142664565,0.33782534363213856,0.01502345824874301,0.0027992371009543378,0.6078652276004061,0.013056724942999946
2025-04-14,6.15639042717485,0.04925727713089178,0.052098123544513035,0.25110688116192087,0.03173058571410071,0.21657306831838996,0.03624087976446123,0.3124207373330934,0.050572447032629
2025-04-15,5.899989597584988,0.009775117232020564,0.0576084491932101,0.14622249700624373,0.023217043854977856,0.14733593804423106,0.007825434591435367,0.5528023396114717,0.05521318046640948
2025-04-16,6.253038691161747,0.1437005292758974,0.06165353290133048,0.22346912023203466,0.06018585604867829,0.2153415454906186,0.08913357719572414,0.16221417351695955,0.04430166533875684
2025-04-17,6.170222919116856,0.01891046785093978,0.0876874927032207,0.30740353451193675,0.012567718028510286,0.2918157972340823,0.01630406056641809,0.18541354869106783,0.07989738041382423
2025-04-18,6.308914690448278,0.13172767105509578,0.0675129414270078,0.2695014626625523,0.008924784986062641,0.2815254173488407,0.08454884869947099,0.0849558189419129,0.07130305487905697
2025-04-21,6.116677462175651,0.014479120767687533,0.0776814852731192,0.2838485174857784,0.004228152896563234,0.26876602709306485,0.013871906686281847,0.2649422225011636,0.07218256729634134
2025-04-22,5.35735571416579,0.12812751220063856,0.04686187416464171,0.15042526173140586,0.34243484525983575,0.13098883562676872,0.08365999425795181,0.08992256667844416,0.02757911008031342
2025-04-23,5.644289569814322,0.0011070006980387031,0.016606923434364512,0.03478804890536965,0.10292046788171655,0.027607057781183678,0.001129939719726977,0.7956681353546337,0.020172426224966223
2025-04-24,6.17207693806891,0.022128460776016996,0.0865608559340085,0.3124617817673023,0.004309914334730176,0.29492412184078187,0.01794631613539687,0.17440328653626008,0.08726526267550312
2025-04-25,6.547136768704975,0.26085322886542517,0.050204647725824114,0.22543246492187405,0.000831155901385657,0.20485131145902882,0.1631088333269455,0.059613715833302224,0.035104641966214434
2025-04-28,6.619540494965294,0.34039545290368933,0.04277294226620996,0.1817546843236881,0.00017449954183497882,0.17478825480678725,0.2174847652120274,0.015301606748660936,0.027327794197102098
2025-04-29,6.884116541316534,0.47034749672560944,0.023553481871356047,0.09485029508815662,0.00010520277905123735,0.09251917283998089,0.30131592676824126,0.005714912380106596,0.011593511547497933
2025-05-05,6.846205765611028,0.4255201627400254,0.027277092668779753,0.11215946577474072,0.0003144977208880286,0.12083706819514677,0.26715923540651654,0.013644622900567309,0.033087854593335485
2025-05-06,6.480168247686917,0.29759988946137983,0.04095369364807339,0.1347392148040627,0.007274013675335333,0.14452644999017938,0.1915804852280839,0.13900869478775332,0.044317558405132185
2025-05-07,6.7484183989973285,0.35806645312165436,0.041620405430848606,0.16248007875109727,0.0003646541821753748,0.1455597978993872,0.23203947616328438,0.021195692698553002,0.038673441752999804
2025-05-08,6.569273189842676,0.394115228732423,0.017812622756511853,0.06158167703494589,0.04721080779174439,0.0431378101277303,0.25169339014378816,0.1412014686231584,0.04324699478969791
2025-05-09,6.372573122786102,0.15282716457323134,0.06228505564431952,0.2365355708706038,0.003196072802825524,0.23660195780813156,0.10513124983118474,0.16041527624406104,0.0430076522256425
2025-05-12,6.113181231593822,0.03134421342497635,0.07978517621331593,0.28433374651457627,0.012773584554989515,0.27119558370259034,0.024631251245733676,0.20267920295479316,0.09325724138902478
2025-05-13,6.551991210065226,0.2870595508201769,0.04079192002417297,0.19377560564693178,0.0013247052079962758,0.1698336294127743,0.194551081416776,0.07866745309670604,0.033996054374465685
2025-05-14,6.145360409879626,0.04241969803247276,0.08235591248404128,0.3082045279764662,0.003562042668436832,0.2590201285466342,0.036852704187545576,0.17049019040149357,0.09709479570290953
2025-05-15,6.521734208201506,0.21754042980787416,0.0515652102505585,0.25925071337334893,0.00045952184093893715,0.24860183460034838,0.14085830539196043,0.0305689975336064,0.05115498720136429
2025-05-16,6.324464348110155,0.10953330893938121,0.07930107053007472,0.2958921055991652,0.001048513517046959,0.29389154617212665,0.06886460819766956,0.09117605060952809,0.060292796435007616
2025-05-19,6.2956554062809245,0.09098272963073993,0.08299037565485981,0.2994526384190014,0.001622251137868392,0.281704717461328,0.0679744788803409,0.09914044107206582,0.07613236774379578
2025-05-20,6.118368914794712,0.03193504646586593,0.07307936971910522,0.2917954741275258,0.0040898619436131115,0.23564626229113295,0.024990136205053814,0.23680515504875835,0.10165869419894484
2025-05-21,6.255692181155704,0.07795600216807606,0.05417741130377356,0.25572884964067694,0.006057371714551409,0.24257457827611695,0.05890549247991211,0.23105418592069196,0.07354610849620102
2025-05-22,6.285292454561424,0.06315852906392924,0.07921289913218657,0.3409861488256881,0.0019383205441875953,0.29591228659029384,0.05086795123251697,0.09399740954311836,0.07392645506807939
2025-05-23,6.458082602817602,0.14118442929836122,0.06437861057179241,0.3078132842060066,0.00035647274303091814,0.3001707348509964,0.095550074678773,0.0395874133886206,0.05095898026241884
2025-05-26,5.478985573830522,0.015471366389905176,0.027283297439784172,0.1187324154403833,0.23957150708599587,0.1056713613622222,0.012828522796216572,0.4385188199820386,0.04192270950345411
2025-05-27,6.2127583582296415,0.07636532633348911,0.058175698449446124,0.2290138925231903,0.004968728871543261,0.22112056141843828,0.050969320258673616,0.3081576737494027,0.05122879839581658
2025-05-28,6.387775592059771,0.14828274968186514,0.06485355984508986,0.27217170866177326,0.003531660333763545,0.25309729298895206,0.10037644818283466,0.09887685573787913,0.05880972456784234
2025-05-29,6.623904154668357,0.24793472522252466,0.04979718463157068,0.2384845351646359,0.00027039638225115613,0.24840380895545788,0.1536682070067574,0.023635329226110984,0.037805813410691315
2025-05-30,6.814772420050081,0.4683301122489782,0.01917426335422668,0.1051013493567018,0.00010095926791570662,0.09813076280465494,0.2858461826967289,0.005915833739474354,0.01740053653131944
2025-06-02,6.655824277378352,0.31286545322706677,0.03324006649447081,0.2024282261012971,0.00017814534078091485,0.1946896322191892,0.20686512939994328,0.015821825429328064,0.03391152178792384
2025-06-03,6.3495291638919005,0.16438901663657948,0.05013834919383108,0.2428933065301318,0.002601074549206659,0.22414329591788162,0.11844082634474917,0.1234525916685514,0.07394153915906877
2025-06-04,6.716843744720024,0.3892783594591492,0.038317326672677995,0.1275783741750782,0.0006944855376398965,0.11978069075623256,0.24535161518143098,0.05703458878935068,0.021964559428440552
2025-06-05,6.760929046953581,0.4250515930084652,0.023735914633915545,0.1250319805774699,0.0001460788507340762,0.13338427225228136,0.2668182208522381,0.006119339519061059,0.019712600305834778
2025-06-06,6.374409572275766,0.1087559590405772,0.06835526715659435,0.3071388275117555,0.018502002966467052,0.303651646639498,0.06922926538912935,0.07386619827558166,0.05050083302039692
2025-06-09,6.579301918354034,0.2690285834501417,0.061341139496408584,0.20003554509510482,0.0008008908652123992,0.2233992028820411,0.1599209565047481,0.052813411122285374,0.032660270584057904
2025-06-10,6.321039499263949,0.09263738870718895,0.0773010941212904,0.3152793451881998,0.0024070607908892308,0.27905397465532533,0.06689186517289022,0.09130793128466216,0.07512134007955393
2025-06-11,6.520916213987996,0.16603198342182135,0.05896752268980449,0.3098445111888075,0.00018552709669298356,0.29348463000417835,0.10684153466033837,0.021701923818595,0.042942367119762
2025-06-12,6.331906319060838,0.2101235154442655,0.04068307412132347,0.18059638715699178,0.05294770005902585,0.1636217837660066,0.13061839366840777,0.19074831791952,0.03066082786445898
2025-06-13,6.136668108519078,0.05033599289226961,0.07009323505186645,0.23530727198209264,0.012093672375486935,0.24928712704690856,0.03524512863567299,0.2922084746148601,0.055429097400842696
2025-06-16,6.364723853101756,0.15251966803360406,0.06408010580529153,0.2692125584173025,0.002713506358215815,0.24334101148695425,0.10491317473180564,0.09046023985173224,0.07275973531509396
2025-06-17,6.255291996659097,0.06833144346444002,0.06794955221288429,0.288555008326883,0.0029110225064414783,0.2818921204298296,0.050662372608203235,0.1734355591304625,0.06626292132085589
2025-06-18,6.412765565803185,0.17855134854854116,0.06070534283559774,0.2560372878929484,0.0009108210710047484,0.2438599677755416,0.1183365487984401,0.07994025163714569,0.061658431440780606
2025-06-19,6.703724276706677,0.3432865639716069,0.030324680490966465,0.18033830744026744,0.00018110487910875388,0.1570341445874468,0.2302895063810107,0.016157703024000367,0.04238798922559254
2025-06-20,6.532005422446542,0.2462348789150165,0.0428529338153242,0.22415239927723116,0.002879854815281004,0.2250051117601831,0.15358029056521208,0.0657425867753886,0.03955194407636338
2025-06-23,6.453781679205258,0.2011706005408355,0.05542299696856555,0.2568962363850296,0.001021438505295931,0.22790659303937985,0.1323063031583801,0.055459661052823676,0.06981617034968976
2025-06-24,6.334018268428311,0.0879916310477705,0.06955978225178243,0.29306578134268485,0.0023036902856126197,0.30222067194931324,0.06712011209887353,0.10168448738885452,0.07605384363510834
2025-06-25,6.560942258365643,0.28615100048822606,0.04410855026257008,0.21259368950600613,0.0003882975340262701,0.19521865260354773,0.1993088825952777,0.02896262419401408,0.033268302816332
2025-06-26,6.5659452254440716,0.2953251329020339,0.0370889403536843,0.2103120877800499,0.009918827517696556,0.21368397855087407,0.17838859135893814,0.0227328797570764,0.03254956177964674
2025-06-27,6.571673764393914,0.27580382598977266,0.04362770553155445,0.2246886145362225,0.0002502652708390926,0.20741095694012612,0.18217125403526233,0.02225898188266996,0.043788395813552865
2025-06-30,6.875579472685162,0.5009132098189435,0.017302041083114946,0.07834240401792705,0.00011411383312546567,0.07569340967215941,0.3088840209135344,0.005415807910018659,0.013334992751176557
2025-07-01,6.745569605179051,0.44641392383622636,0.029842141049520987,0.11453947914472888,0.0002190112726090908,0.09897477776339661,0.27452103392763233,0.010289937082732417,0.02519969592315336
2025-07-02,6.6122374380844695,0.34231350942646305,0.035402448243614264,0.17285368449118954,0.00029012687146710907,0.15679767470342615,0.23587457387130095,0.02084451888566178,0.03562346350687713
2025-07-03,6.413900982575949,0.1921083035540577,0.05407366997459263,0.23248017277931018,0.007747306022739618,0.23792737451938775,0.13274006369963395,0.08725391333062367,0.05566919611965453
2025-07-04,6.747959292599317,0.38983779856689266,0.025178557930959265,0.16106963641759597,0.00018988975810653753,0.14563900419458972,0.244016811249674,0.00722113241104023,0.026847169471141633
2025-07-07,6.553825627300065,0.20997105107277467,0.05068474869477801,0.2659215194379133,0.00034701053300023545,0.24199286124624558,0.1431458982108185,0.030937962768090296,0.056998948036379435
2025-07-08,6.430302132072303,0.12050547869425951,0.058386794411279946,0.3175847319357851,0.0007326297851833103,0.29735608569877003,0.08912177843397251,0.04354906029290684,0.07276344074784273
2025-07-09,6.274260820926499,0.09244973622184789,0.06429091810820346,0.28620928002882773,0.0024282663245216276,0.24916728873608593,0.07477209155235169,0.154581086581719,0.07610133244644267
2025-07-10,6.142576135629508,0.06291042370558418,0.061165672482914,0.29531156670382697,0.03415795531938904,0.24157567803752195,0.05517993575475033,0.17775014182963483,0.0719486261663787
2025-07-11,5.905238850740687,0.013478527258184578,0.044512742946536364,0.17145253868078336,0.019540349935286323,0.13710711408551568,0.012639582951162444,0.5313564346109704,0.06991270953156087
2025-07-14,5.623159136702635,0.0015626709131513787,0.019150381943950138,0.0600621530479337,0.2094117418951292,0.05751071294383865,0.001888234380535977,0.613572192086391,0.03684191278906994
2025-07-15,6.360245295422589,0.12900308764404483,0.061773062036191734,0.28827704673238097,0.0028185416844533164,0.2784526169152974,0.09333069866895158,0.09999462702148923,0.04635031929719092
2025-07-16,6.550319043032778,0.35388643237762535,0.025786321394098522,0.12288357769664882,0.019437694878579423,0.10124566141240471,0.24636372510656618,0.084344379869246,0.04605220726483109
2025-07-17,6.222713402234002,0.06485857762269595,0.06087482365185758,0.26827877185269083,0.0031002705576830877,0.2257280794604754,0.049870129606991276,0.2549714615364108,0.07231788571119507
2025-07-18,6.009181306885622,0.027527466410693816,0.06532847804358864,0.18990436844065994,0.015594565132152112,0.16660634191209642,0.022308676168198715,0.460373463046443,0.05235664084616729
2025-07-21,5.912155568661092,0.014911317224367289,0.05683560808936205,0.14812636513402597,0.02123451743855214,0.15766105124445912,0.009906975559549584,0.5442357909993618,0.04708837431032204
2025-07-22,6.139453606611279,0.0388346279853941,0.06368615406712676,0.29947977645259494,0.01591432780684319,0.2703155470265213,0.027441477574774914,0.19203980093028977,0.09228828815645507
2025-07-23,5.824269513294314,0.018406308556815302,0.04483970340601441,0.13675891376211183,0.09500300327190916,0.12327822563911317,0.014876974455919406,0.5186184074903624,0.048218463417754355
2025-07-24,6.06296173097107,0.04117550598323535,0.0665555659475901,0.25351365044059365,0.049606961523963974,0.23528410828829185,0.029521596376634287,0.273699995210023,0.05064261622966781
2025-07-25,6.208846574619316,0.06148985316472895,0.06474570434296258,0.2926889962478808,0.004252974164043964,0.2572282783852195,0.04707209244014864,0.19580438745109338,0.07671771380392221
2025-07-28,6.26093233276933,0.07781065047603966,0.06286860544177002,0.29144620676475275,0.002311949621995034,0.25853915038045944,0.06292429651099202,0.1694409882285902,0.07465815257540091
2025-07-29,5.406206014270741,0.0013503755705375309,0.022740646035629364,0.02569134309314414,0.27813937854375903,0.0362009302323414,0.0009409554767872074,0.6219092749282484,0.013027096119552937
2025-07-30,5.587241386673702,0.013542281718835786,0.036950804136741434,0.09012693783850861,0.3043166116853226,0.09221226277898575,0.007737028390546103,0.42665318235152144,0.028460891099538328
2025-07-31,5.532823663025657,0.0004006870250127612,0.014443837921836294,0.02300839923977365,0.21099219265821045,0.02590549405389902,0.0006308531643266858,0.7020155938661538,0.0226029420707874
2025-08-01,5.983451265199836,0.023178538736522827,0.07131705799173882,0.18697361816875943,0.01743637509033039,0.18942129324647256,0.016832706375205925,0.4428982596019046,0.051942150789065486
2025-08-04,5.9447767739578135,0.009926556395484452,0.05487665409719808,0.21061232922121131,0.018255493889714293,0.1565809471148224,0.011546998431350469,0.44817423645271415,0.09002678439750486
2025-08-05,5.16634545990594,0.000625828637291639,0.014306673326054453,0.025480685443507758,0.2801113939901333,0.028891042979295584,0.0006772582147800035,0.6234523708342011,0.026454746574736118
2025-08-06,5.296750217809392,0.0006976456333199625,0.01024386551066461,0.020803490512360773,0.4849735299581665,0.020888324608219454,0.0006932048481892869,0.43887591293531353,0.02282402599376591
2025-08-07,5.718427281128632,0.001769728392932585,0.020521682194610546,0.05349964516209388,0.05371566706921098,0.04081082130623358,0.0017629911173026105,0.7892592420885276,0.03866022266908815
2025-08-08,5.820179329014806,0.00485622722303301,0.044351330067192225,0.11487991861330084,0.04611581241445511,0.11806687162757927,0.004702411304562875,0.6257567556874163,0.04127067306246039
2025-08-11,5.930487486923877,0.003138546301947066,0.054125748234104175,0.13758212492171956,0.0110829224101361,0.12788084185368034,0.005293313568629169,0.6086758831906842,0.05222061951909949
2025-08-12,6.247035688591039,0.04267496639304805,0.08949782323571912,0.33153630270819834,0.001293549130692538,0.3095819468582715,0.031063657748161024,0.10865096596766348,0.08570078795824591
2025-08-13,5.75489511627812,0.016440744164341842,0.057953253973608565,0.11381937129076035,0.0895606806964953,0.12733251597191933,0.011729561118936622,0.5563348835985321,0.026828989185405817
2025-08-14,5.794895801379637,0.010250854415313105,0.03537134351131316,0.12680149791943782,0.04229662355106524,0.10588251315959114,0.007829640140972215,0.6108826681541315,0.060684859148175826
2025-08-15,5.6938931343910815,0.0025736466737937467,0.026224880752980795,0.04987953422430043,0.06733372852218801,0.05113089787236314,0.0024850081197990105,0.7645004236069672,0.03587188022760758
2025-08-18,6.070052133402158,0.029811322352343104,0.06522258695003051,0.19767713967208114,0.008287655651696181,0.17356500234737612,0.024504307988716775,0.4541055476798403,0.04682643735791584
2025-08-19,5.919497315129363,0.04403412300000817,0.05794000433883914,0.18157316955372355,0.0527344659923697,0.17338427482443183,0.03153848787374533,0.3882789650601311,0.07051650935675115
2025-08-20,5.462252301537428,0.002227090980542654,0.03416069454070593,0.04166702762659684,0.3445874281377215,0.04870609759591665,0.0020331012244450062,0.5051925627670686,0.02142599712700278
2025-08-21,5.836054330412608,0.008136308374668519,0.046382620890413596,0.1323701073269741,0.054885213568948106,0.1352099394069897,0.006966021691072349,0.5627698636220512,0.0532799251188825
2025-08-22,5.028074541326074,0.00046844722280117967,0.004369897609380499,0.007197433055564082,0.6605213287180544,0.0059192623372457415,0.00031441505987072,0.31454561044307505,0.006663605554008323
2025-08-25,5.392554196028368,0.0011958411228534895,0.011420745911382141,0.016405026138050668,0.34056326193593867,0.009818705182315542,0.001373928206842839,0.604096854874877,0.015125636627739717
2025-08-26,5.560083975155711,0.0018536614825550794,0.015661481784785106,0.026546637371586527,0.18262918473897874,0.03415584575547839,0.0014586689998007944,0.7090937952211667,0.028600724645648667
2025-08-27,5.536112135825503,0.00030277870413172165,0.012761714977248309,0.02516602743877952,0.10295748593519229,0.019275083909983344,0.0004218991354697165,0.8196695544591412,0.01944545544005384
2025-08-28,5.534121678810203,0.003763964497332472,0.023982177167977334,0.0567132813979996,0.19056289424676995,0.05603961122943533,0.0031881979869954466,0.635072376949232,0.030677496524257962
2025-08-29,5.961850514456004,0.007349993407883173,0.06152451834443049,0.1914474478690423,0.009957806426028544,0.1697595665577347,0.008145070949423605,0.49104524682823353,0.060770349617223676
2025-09-03,5.8232188570912164,0.003048168631379757,0.03740345055574138,0.08890464664960006,0.02280486806043644,0.07847776360779846,0.0035540407676776633,0.7237078009957276,0.04209926073163858
2025-09-04,6.1445015305666635,0.07599124784668557,0.07238528531667447,0.2564340650639723,0.004341969559612458,0.2098793132402809,0.047407292571665725,0.2633050660170385,0.07025576038407005
2025-09-05,5.961532315741505,0.02134322769815342,0.08260567762356665,0.2326363882542971,0.05898795887294504,0.24919834661367551,0.015606257477309033,0.2649706120197881,0.07465153144026515
2025-09-08,5.640410276191234,0.001651113782129957,0.021208055667619425,0.05147978880980333,0.09538163146554512,0.04466028831430161,0.0015539686936861888,0.7628894432449027,0.021175710022011664
2025-09-09,5.801881827605573,0.005024004752660408,0.04826347377283702,0.14138005139526216,0.10351809087991393,0.12410627819290591,0.005582515288425296,0.5315394012540786,0.04058618446391665
2025-09-10,5.873347141422441,0.024353902385536787,0.055057074161559263,0.1423786879906021,0.042428810094568094,0.1304006662602729,0.018050738549838387,0.5490299255220072,0.0383001950356152
2025-09-11,5.338981817451347,0.002260029434607194,0.01831695085292181,0.028969518234474797,0.3906154891960742,0.030296551150397193,0.002179052500844161,0.5128420463285656,0.014520362302115102
2025-09-12,5.537598892182061,0.0016638475441771421,0.018451186255718403,0.02542942405326343,0.13571931221078803,0.026606761021889566,0.0013737144052934059,0.770330884276678,0.020424870232192006
2025-09-15,5.975820435885736,0.0088458919868179,0.055667216991383155,0.18468142980822863,0.008152955745120684,0.15936415197643108,0.008577170385104603,0.5178660841584051,0.056845098948508796
2025-09-16,6.090788900036223,0.0408590714741794,0.07282539584094766,0.2694529357189634,0.04722275522326362,0.2828537765980132,0.025036695131165555,0.190235678989578,0.07151369102388917
2025-09-17,6.24090416578689,0.043493245512162396,0.08002794379493279,0.3189583053712662,0.003060632336090425,0.2835318413220218,0.03516837487665493,0.1651678103304003,0.07059184645647122
2025-09-18,6.173702877423173,0.07460227358575637,0.05550827721243145,0.21162443104664144,0.009303840364556327,0.21651374397472611,0.04220159825330373,0.3445457037166524,0.045700131845932204
2025-09-19,6.054091514037605,0.02197507926174213,0.07411010558059761,0.21434897969406044,0.007176512839570731,0.20910085852172244,0.01747826930276506,0.3978492957075875,0.05796089909195411
2025-09-22,5.705033214747779,0.00543852665214512,0.039072301968754074,0.08156449898381168,0.10658105442217132,0.08522062547660048,0.004674278624308358,0.6575878054246985,0.019860908447510463
2025-09-23,6.130741787976701,0.06912543881147648,0.06705992581286062,0.23907973563983193,0.018014438015964602,0.2322270704551475,0.050560569152330696,0.2536434478696415,0.07028937424274669
2025-09-24,5.623377622761742,0.004650501493940753,0.018790862574302195,0.04936608443031425,0.09369923252911547,0.04792992288217616,0.0042238336993974165,0.756013507760578,0.025326054630175808
2025-09-25,6.036634713556379,0.018774410278537566,0.05611088940275524,0.20952221050112527,0.006662548329107715,0.20498698229620047,0.016084852617803794,0.4214879386158791,0.06637016795859081
2025-09-26,6.264285280397888,0.12291994198432,0.05748362384554968,0.28766889805703505,0.04393242524211165,0.2731832676953577,0.076947103103346,0.06371441187307819,0.0741503281992017
2025-09-29,5.91157250531662,0.017799978988981315,0.051244803855350754,0.16473910433380862,0.019546935546178167,0.14472196510917096,0.012057855180080384,0.5204185279333837,0.06947082905304604
2025-09-30,6.093636345129824,0.0606733315751565,0.06286327507191376,0.20796107038284622,0.03346646982858282,0.21101022997678914,0.037296262049054243,0.3340981246344754,0.052631236481181926
2025-10-01,6.259206788652344,0.054033203143075616,0.0735596031534916,0.3223274887345231,0.004125425095162902,0.3188823812671662,0.041657980106770076,0.1148966379129066,0.07051728058690397
2025-10-02,6.322040351498488,0.13667016414951785,0.05991451964392377,0.268330784992695,0.04191067578872965,0.2684185758396404,0.08513635941412159,0.07893222770318294,0.060686692468188794
2025-10-03,6.114258727612866,0.039203786360762174,0.0737844819532186,0.28530464362999153,0.026291553060411064,0.28344149959147164,0.028671892857234257,0.17856637149365417,0.08473577105325651
2025-10-06,5.772317736106591,0.03417294453018143,0.04332184088320095,0.14069379269042448,0.16929756621764339,0.1286356648395066,0.028442288196145624,0.3845902362367187,0.07084566640617879
2025-10-07,6.318317227406082,0.08552162410890353,0.0728878442516597,0.29242845943564594,0.0036276314588268538,0.30529172218128275,0.056726681563230436,0.12418048710346599,0.05933554989698482
2025-10-08,6.117768608718537,0.16248815213732384,0.0346686592083861,0.12712614655423268,0.08570360736352153,0.11597494164727369,0.09485071304011199,0.3370155333442374,0.042172246704912784
2025-10-09,6.062181121557487,0.03285580814888254,0.057881020386830205,0.21552498826522734,0.020294429403103928,0.1725327093527858,0.025341058618128666,0.4091598135218904,0.06641017230315108
2025-10-10,6.168550435319339,0.043341897922736815,0.0752060791658934,0.30174730613397716,0.014026091108189413,0.257296995188438,0.03556711133182358,0.19508885445969396,0.07772566468924773
2025-10-13,5.947888028644989,0.018322134880488023,0.06519356006680951,0.24486152237862152,0.012369414778283148,0.19449392409896415,0.01565517643802623,0.3465411052684778,0.10256316209032955
2025-10-14,5.7215842672031085,0.012105196475899941,0.037616552375503785,0.1215126122611521,0.11814747517376428,0.11341718946999435,0.009256560319690372,0.5413198633760774,0.04662455054791778
2025-10-15,6.161288687121001,0.01689312291907983,0.09721745234183729,0.3324001200988328,0.0028485696024133523,0.294116682684952,0.015592225498843601,0.15216496955697703,0.08876685729706406
2025-10-16,6.291005843063545,0.07218692805098412,0.07431662920656057,0.30023109369654893,0.0027556997512198475,0.30686194032106984,0.04769527342675941,0.138533684040623,0.057418751506234295
2025-10-17,6.083478548389344,0.08889331010890617,0.06976636782428151,0.22453517735902045,0.0876853084292023,0.24574538682798977,0.05267391801559231,0.18366850393378512,0.04703202750122237
2025-10-20,5.670959885320419,0.012536400980473445,0.052880704916918944,0.12257490102397602,0.1348370774962498,0.12312529916627324,0.010806392042677509,0.49740734932767794,0.04583187504575312
2025-10-21,5.043492164227907,0.0004476961579475273,0.010203339504021157,0.013111879823987123,0.6745178746390984,0.014324299131738142,0.00042011065388824164,0.2671461440711436,0.019828656018175798
2025-10-22,5.337934173520186,0.0004715878606532186,0.011225595837039646,0.017121434179884994,0.2806088841576013,0.019334232713712637,0.0006127635472607959,0.6465653096134577,0.024060192090389704
2025-10-23,5.548279137284726,0.0014110937374980656,0.017087501963542008,0.0463650161594782,0.1795340293726293,0.036450898139269126,0.001580193594987199,0.6920614977410404,0.025509769291555635
2025-10-24,5.501171751409571,0.00042408032190001757,0.018107888565506335,0.015383149918234664,0.25654075924520514,0.01825910012092694,0.0004292710526681441,0.6771500753319825,0.013705675443576372
2025-10-27,5.349134507583375,0.00035881873757965464,0.015896761746403167,0.025818090068491333,0.33467324013506317,0.01957280349502506,0.0005231967050001615,0.5813413629114581,0.021815726200979303
2025-10-28,5.3774082203367,0.0012049413173586439,0.012159227737075935,0.021624364145850204,0.3590439525948001,0.022794341683460093,0.0023583616576450957,0.5626944562028139,0.018120354660996017
2025-10-29,5.8046459518877125,0.005031904585207226,0.03451135666659769,0.11402087289812458,0.03519753475009006,0.09384550209663715,0.006573700209192689,0.6595221499874879,0.051296978806662626
2025-10-30,5.722980138003145,0.006154802231164542,0.04019831935351806,0.09609609504206654,0.13569431143271157,0.09592122958453896,0.004982241623201203,0.5924926937074612,0.028460307025337913
2025-10-31,5.78938056658711,0.008611776527822936,0.04691158714328054,0.09517436250694641,0.08666591021877508,0.08462007400092975,0.0067585458754009335,0.6394265315757423,0.03183121215110213
2025-11-03,5.466391822262797,0.00526514709804098,0.023646315348668085,0.044298144437899464,0.23376467317990993,0.04499194549707613,0.004187656585770028,0.6138183569692771,0.0300277608833583
2025-11-04,5.543347000307108,0.0007983938482412459,0.014310906376093635,0.0211930638486284,0.18026094844992238,0.023959607481166833,0.0007454721850749428,0.7369115148893964,0.021820092921476138
2025-11-05,5.667286632571154,0.0012099861760714518,0.02447559515965406,0.04325867633972847,0.07472626158513142,0.041083299011019175,0.0015195301766123361,0.7913487425041902,0.022377909047592938
2025-11-06,5.845726448709881,0.03913028378105404,0.04360479056387359,0.09102511815848467,0.07775124354250287,0.08986787500926806,0.022767270832740567,0.6009410437688149,0.034912374343261346
2025-11-07,5.863435851479414,0.02953254303389104,0.056824258803724784,0.17698067668095266,0.08464767351821327,0.20309940562124937,0.01841154454200925,0.3751419076596357,0.05536199014032399
2025-11-10,5.871828823788236,0.017303367244325515,0.04435860277254322,0.12543128228090153,0.052993848330321,0.14036923147109992,0.011143688457876175,0.5726904307673584,0.035709548675574306
2025-11-11,5.625908474225144,0.0028038239669470164,0.036114582520938264,0.08217617865501602,0.1623328126242842,0.07403726525269923,0.002646923959334716,0.6018453094993546,0.03804310352142608
2025-11-12,5.863597283720863,0.01427733938081101,0.04770682766739729,0.2055385290238011,0.05652874199400674,0.18589936316085245,0.01382156206107954,0.4042273106656272,0.07200032604642459
2025-11-13,5.998072062283038,0.061963218958015015,0.07349071882682061,0.21816197020273553,0.05854540585907436,0.19533956520801093,0.03793946033271317,0.29413335239714894,0.06042630821548145
2025-11-14,6.226815429409888,0.06582336439247707,0.06657725596055906,0.3050811731622847,0.0050713538956138225,0.25859391301006796,0.052397922027795765,0.16159881827105557,0.08485619928014604
2025-11-17,6.006516552408171,0.026940420762985723,0.06818083768796637,0.24310918695437608,0.01679514595599509,0.22262630863859484,0.02506852436052012,0.31342223531692204,0.08385734032263975
2025-11-18,6.254808076549792,0.09655166366947765,0.07554643340310128,0.270186925914431,0.0028831628273038195,0.25427025116177887,0.0658958958822664,0.17741488394267244,0.057250783198968515
2025-11-19,6.4291507601542035,0.18992624935082075,0.05461635255371355,0.25805441242545335,0.006875883183701652,0.25790082564643224,0.12364626983616257,0.06516495306920857,0.04381505393450735
2025-11-20,6.369712112474216,0.15638716550997603,0.05824380484076188,0.22020789608048014,0.0029927615123318835,0.21576421570070953,0.11329251143495547,0.16718450831898868,0.06592713660179639
2025-11-21,5.862315661231565,0.006054318262463193,0.052864352666569234,0.13649638203169423,0.0494557845235628,0.12394557659651363,0.006082823093627887,0.5867994971657907,0.03830126565977828
2025-11-24,6.192689679693656,0.064878056073039,0.06646548235602887,0.2555641025802984,0.0032781754493901596,0.2357532405814454,0.05179372780265586,0.23047152985319694,0.0917956853039454
2025-11-25,6.32782287032982,0.1109891189429469,0.053566336550714126,0.2623421183236457,0.008082696296827953,0.2724007719670836,0.07645744176859,0.16524835110075953,0.05091316504943218
2025-11-26,6.259872409848918,0.12267709412675422,0.059409646515903074,0.25494182635792934,0.003264588373897754,0.23315743914370562,0.07528837982612015,0.17522889653247758,0.07603212912321229
2025-11-27,6.346422103403454,0.09733617319365294,0.07577437655306378,0.33340449564157776,0.0015887540263803302,0.2945485449798404,0.06456531310120094,0.07596141571397316,0.056820926790310665
2025-11-28,6.432193645258297,0.21632468615784664,0.05593281932540378,0.22809991849064012,0.00590436745245791,0.22864574811752894,0.1450699134263525,0.08204998338699783,0.037972563642772274
2025-12-01,6.3976641462173145,0.12787133605038625,0.0738025942991362,0.30519885486840176,0.0008220972976917463,0.2727489853602842,0.09643355316409129,0.0534443373190806,0.06967824164092792
2025-12-02,6.4123350228020195,0.18452859152499615,0.0558495485364356,0.2682650605535342,0.0011802440407351936,0.23453344761326064,0.1190587189857462,0.06621788398707694,0.07036650475821506
2025-12-03,6.44880305425223,0.22384268700237905,0.0383159989741186,0.19867191363343806,0.0038490068494166415,0.17994049580765417,0.1572333867510178,0.13572619763539803,0.06242031334657771
2025-12-04,6.416947021747722,0.19041437210344458,0.04876663261758291,0.24679022119292743,0.002074151438469051,0.23248998738349677,0.11178251308735922,0.10899896063619746,0.05868316154052261
2025-12-05,6.291109077460782,0.056194188565999253,0.08758012391803821,0.33779901126168027,0.0011470045509949505,0.3164791278674263,0.04105013321673455,0.09334364822585071,0.06640676239327568
2025-12-08,6.548862591025196,0.21334304772507753,0.055367945156630835,0.25755941585573394,0.0004511667251670591,0.2592267180938207,0.1398569905970225,0.022243606017390484,0.05195110982915697
2025-12-09,6.022445089844362,0.05658410080406423,0.07056237750512862,0.1878793820150708,0.01669572851438561,0.19617530442316658,0.034380401870586504,0.3913999355757693,0.04632276929182841
2025-12-10,6.085189709918042,0.039080045121764904,0.08585912103870344,0.25337504382380976,0.04189563959209794,0.24292120743697934,0.027221169745363698,0.244502814171985,0.0651449590692959
2025-12-11,5.863372956039639,0.008024482050757807,0.07553796092778421,0.14625799781788487,0.06691685856199475,0.15467865389139646,0.007587396602279842,0.49349090655870675,0.0475057435891953
2025-12-12,5.8863200017875945,0.014903058323390258,0.06144365617937863,0.14190700614103022,0.05614401191061113,0.1507890338600019,0.012883763468963333,0.5217356601484701,0.040193809968154526
2025-12-15,5.9050918786141455,0.0232444064870611,0.07193129759323504,0.16775095782957794,0.05580259721222101,0.1586031885257103,0.015481677549618036,0.4422961889810343,0.06488968582154234
2025-12-16,5.694202286076588,0.011574642252251074,0.02485863746790143,0.05275632702667724,0.15994776157265764,0.048287519915161274,0.010992453925740263,0.6617068904050775,0.02987576743453369
2025-12-17,6.0056919637966235,0.05621321966630754,0.06396805141317005,0.20492815822519744,0.029042894376114882,0.18833897561664226,0.034065745734355474,0.3770384125808892,0.046404542387323174
2025-12-18,6.135734287325155,0.03349513541671247,0.08275760658059435,0.29769420494366855,0.004830005931888757,0.26764397515086025,0.027735535772151935,0.2107616511842447,0.07508188501987897
2025-12-19,6.065004966595166,0.051435225378118926,0.057991173928190726,0.20951616033673615,0.022843590617558158,0.19480721854489647,0.034293234731974515,0.36510311219952235,0.06401028426300279
2025-12-22,5.9404439000238245,0.029016323967901648,0.047376793158274595,0.18694591814376313,0.02639728674208099,0.1580690401017855,0.028486807234476042,0.45622066897025804,0.06748716168146005
2025-12-23,6.029235500145874,0.025028345540958685,0.05841236671083736,0.21073555546897058,0.010237160614154778,0.19022043391737786,0.02160779066048545,0.42101417934864205,0.06274416773857322
2025-12-24,6.0439337917770315,0.043752014785219416,0.047686240771863855,0.15738529900379758,0.018947710055140718,0.14885364864493486,0.031046679854426187,0.506325910931654,0.04600249595296341
2025-12-25,6.066579809971016,0.01891649797326055,0.07458469228200601,0.2710123831277149,0.007362557981643019,0.2408989935615998,0.016608853288130613,0.2892077382940448,0.0814082834916003
2025-12-26,5.369925058519129,0.0014170537169104886,0.014371131700911423,0.02255731553660631,0.35931569058347707,0.02593484410589973,0.001894734711691159,0.5582305661539443,0.016278663490559588
2025-12-29,5.739828075899216,0.0068196909402480155,0.041033210945040435,0.11894513070969018,0.12930350011274946,0.10264829539527599,0.008138133702409674,0.5435264317727381,0.04958560642184815
2025-12-30,6.0224803572520225,0.01906931748716784,0.0775168139751819,0.2531236688972272,0.00984591834064087,0.22556802121450692,0.014444092200966045,0.31217290474015164,0.08825926314415761
2025-12-31,6.256206322102114,0.0516380827457896,0.0756916682494689,0.3219668648559126,0.001699489997368236,0.2939047866187361,0.03582296943958777,0.13196759072302258,0.08730854737011425
2026-01-05,6.07755638987061,0.03286588591021329,0.0650468949724694,0.2833656501721584,0.08242451378590704,0.27072494091366367,0.025772096338177574,0.173213900427736,0.06658611747967458
2026-01-06,6.028954429297454,0.06333098577089259,0.06824632619966478,0.19960929368510824,0.044174087485922484,0.20007245226680992,0.043432609882677414,0.31993191216089506,0.06120233254802952
2026-01-07,6.022848632940042,0.026358052500533344,0.05458422443900279,0.24559142810033777,0.03618190166666037,0.2196482787517187,0.02010984785563918,0.3188424417879145,0.07868382489819341
2026-01-08,6.036312951652287,0.030094518489749807,0.0633525885234795,0.24884943789202368,0.0375788897212248,0.21420153055453717,0.028730865565250757,0.3066371830425695,0.07055498621116481
2026-01-09,5.776066075500274,0.0037127505956279683,0.033976455114743585,0.06995764060373044,0.06121739289042957,0.07740545609277215,0.003374351374522261,0.7198043783392901,0.03055157498888395
2026-01-12,5.700719089652897,0.006129532560667884,0.02770497502744716,0.06463059412922705,0.12277605664282788,0.0601634026575371,0.004924623976007411,0.6773481841065013,0.03632263089978417
2026-01-13,6.173887854532853,0.030646588253501743,0.0802900802399626,0.29870253052017665,0.0035965158381434,0.2869273068789863,0.026686267851876576,0.1940554618020651,0.07909524861528765
2026-01-14,6.033287276412674,0.09240509667004662,0.05187816409750998,0.1886320785586904,0.09766168148413577,0.18325830103699858,0.0613386926792632,0.28564144430912536,0.03918454116423005
2026-01-15,5.783503135013567,0.022267742091998437,0.030288167467784996,0.0944021012469799,0.05018774885626883,0.08093527801676464,0.01262703551629273,0.6772733190689744,0.03201860773493613
2026-01-16,5.883211127713229,0.010103876462065673,0.03040776422614819,0.1331828595149015,0.02240913807338005,0.11037690072710098,0.009015103122054563,0.6241906806165726,0.060313677257776414
2026-01-19,6.014220569794486,0.017832203461755427,0.07283851993232494,0.2453294530649584,0.008350273118512296,0.20818247467737422,0.017104137298556643,0.3612402446083031,0.06912269383821497
2026-01-20,6.009221942693188,0.029080308195252303,0.05937588476060992,0.25648619786384114,0.11324472752173345,0.2428349312790581,0.020435817495347515,0.21134892088551907,0.06719321199863852
2026-01-21,5.7297069342355575,0.0036632506599457355,0.030508346500951695,0.0789528608445359,0.043611215252631,0.07413303243419087,0.0031211935358334527,0.7350488246176673,0.03096127615424404
2026-01-22,6.016569546221674,0.017293807595784704,0.08160905158617396,0.2512247713130045,0.022135971928573323,0.2281467794960938,0.015899279020269764,0.2987341092837065,0.08495622977639346
2026-01-23,6.169341699913498,0.03906008262006699,0.081693873778613,0.28531733515932944,0.008997596964220157,0.2945099175501572,0.029658119710171252,0.20779534161195523,0.052967732605486754
2026-01-26,5.883391927530768,0.017074601603918726,0.07567503296173336,0.1896461757375769,0.031309048941434776,0.19951791271295635,0.014521545763311564,0.42618968816419456,0.04606599411487376
2026-01-27,6.029163305395373,0.03751557566710699,0.06305190024722994,0.21993610536368927,0.007967514889866618,0.20282074896265953,0.0328866078686807,0.3658415780524932,0.06997996894827378
2026-01-28,5.783485642129652,0.005997022066288954,0.056064885750340944,0.1436273145582916,0.07322689981911662,0.1452542749789257,0.005696487821932041,0.5285853209383234,0.04154779406678065
2026-01-29,6.217962222616862,0.03197652380187476,0.08503735431309446,0.331963455301982,0.0017288384420813584,0.2988616613256577,0.026221390630656122,0.14115798677777278,0.0830527894068808
2026-01-30,6.454205047106007,0.19934344540124657,0.05212375515719595,0.25443640026302644,0.0010561493749823262,0.2392665987151705,0.13794438605722212,0.05303823581083946,0.06279102922031658
2026-02-02,5.655177264172911,0.014036545527845497,0.022394841360444572,0.03231204720285849,0.07372361201183429,0.03419179257180358,0.007372447891837802,0.7986837986836067,0.017284914749769134
2026-02-03,6.175709436642754,0.04133289010408949,0.07910384539088645,0.27535501805891593,0.0043398897780292135,0.26953070195417955,0.030183272387947692,0.24423769912363258,0.05591668320231906
2026-02-04,5.891162307499052,0.02738154653999455,0.06107651981062983,0.14476020157912114,0.045180602819482024,0.16120463974166388,0.017007041488759044,0.4997282807525833,0.043661167267766234
2026-02-05,5.898545679767853,0.007957475642330812,0.05876738290470408,0.16148839544280086,0.022338415092775833,0.1490587636654622,0.008161496412779452,0.5427533280034469,0.049474742835699935
2026-02-06,5.872391555567196,0.0038257145416854977,0.0389139677170363,0.11418731794658997,0.023521247650513364,0.10015473514391969,0.005450581542309379,0.6646562062021149,0.04929022925583096
2026-02-09,6.346420910238268,0.09630540891437134,0.08492678728614807,0.31810800071791684,0.00069086047861717,0.3102518770224979,0.06244896769272512,0.06497510916360519,0.06229298872411833
2026-02-10,6.131822681614579,0.041895528023067764,0.08426207384873541,0.2785627975708951,0.03836915463625733,0.2794734131773878,0.029826300301929076,0.1767424936929814,0.0708682387487462
2026-02-11,5.830737098039129,0.021902760050800166,0.0362839642296693,0.13097267834236964,0.04753701162959098,0.09429741529616131,0.01940168148521619,0.5912352628315956,0.05836922613459678
2026-02-12,6.708656308346938,0.353179335626714,0.040693933408148086,0.14877641633004546,0.0006407232983812632,0.1480623385131942,0.23276898150164899,0.05132644725002332,0.02455182407184466
2026-02-13,6.616305559557806,0.3300409023979009,0.04558915653957878,0.1620577883066697,0.0008972754831615235,0.16348943691646942,0.2190649066967836,0.05202247967672374,0.02683805398271234
2026-02-23,6.661883314350388,0.31580775442507214,0.04201560604014341,0.188632497857178,0.0007809924973710982,0.1860926634015121,0.210837441112078,0.01809418421696766,0.03773886044967761
2026-02-24,6.561770885568767,0.26627865268122,0.05332757396420659,0.22622563442230237,0.0005414329296242021,0.2153452593814114,0.16979512519748005,0.031900396080943944,0.03658592534281152
2026-02-25,6.346741959680283,0.13612822997435015,0.08374776670988957,0.27052150453619045,0.001206939169645893,0.2597800362387139,0.09876617114373003,0.0815075288050596,0.06834182342242044
2026-02-26,6.321838385778729,0.07913223473321035,0.06734018983281136,0.31500866246916115,0.002889967943460913,0.30501702631083827,0.05380889410626773,0.08615191747090574,0.09065110713334448
2026-02-27,6.365660664181135,0.1428279746893525,0.07240761457323765,0.24692885349327875,0.012095668034962977,0.24664927971300565,0.10056678297006914,0.128837211164134,0.049686615361959376
2026-03-02,6.062006268129469,0.016755890530908972,0.08090334070427946,0.28010031754212683,0.014436767852501503,0.23784302457325676,0.016829422130167804,0.2848967249344901,0.06823451173226858
2026-03-03,5.673896058595235,0.010525688382365839,0.04006772930341427,0.08385419847103816,0.19153401060562844,0.08247446143233424,0.009346313793997278,0.5584642956718944,0.023733302339327484
2026-03-04,5.360195571788147,0.00031284393492055264,0.018021025168941943,0.01268874865520598,0.40343552013325984,0.012485849344954489,0.00025342364076707456,0.542676482460027,0.010126106661923219
2026-03-05,5.687589953819773,0.009624741344935472,0.05221823828974721,0.15120758972774778,0.3083358580254991,0.15020413733463256,0.00838125901808199,0.28671141843385584,0.033316757825500004
2026-03-06,5.566844077245587,0.0006717437675998799,0.0214922928768824,0.030613734700697736,0.13593453622741639,0.028882059785539784,0.0008826755045442492,0.7547850469055603,0.026737910231759247
2026-03-09,5.335100580319359,0.0650413148644825,0.005986727005697598,0.0165884408223411,0.5646298882132612,0.0189958865617186,0.038224077947273415,0.2807259594162299,0.009807705168995635
2026-03-10,5.334735285241311,0.0003052207442172167,0.003985888325348869,0.005277510597738791,0.41497305887324026,0.004198914934881336,0.0002770062331422571,0.5591575661972771,0.011824834094154232
2026-03-11,5.590470476761708,0.0025549393013431228,0.023120551763399284,0.05584657630991431,0.19717754052621445,0.05917817805595882,0.0029100447821949933,0.617177466896323,0.04203470236465197
2026-03-12,5.746772971450988,0.0022815311636446662,0.016599866863199208,0.03842565325485092,0.05092031042710358,0.03009497238925307,0.002304103325366364,0.8381835022955346,0.021190060281047588
2026-03-13,5.710552808840587,0.00417161741895297,0.03281649740820266,0.11952240146585824,0.10178333844701432,0.0914743500794462,0.0064572465709769825,0.5854232331148221,0.058351315494726504
2026-03-16,5.869130379442863,0.009464911484854508,0.05374772078773229,0.1339217143567625,0.061168801373812226,0.11377114097253728,0.007372970590426709,0.5746326068989398,0.045920133534934626
2026-03-17,5.775631110314475,0.005696227416720519,0.039683549276910146,0.1397720290986669,0.08370188683597103,0.11642577952796386,0.006320188796973738,0.5586789048345334,0.049721434212260406
2026-03-18,5.699423088257108,0.0053579533702693295,0.04270395016431325,0.10359049070166192,0.15504002278004764,0.10054015121331701,0.005316580652142519,0.5529549317910071,0.03449591932724116
2026-03-19,5.893448486331495,0.0063987575228419994,0.049454185762099284,0.16432530272813234,0.022582378533585922,0.12572667719087158,0.007018311429225945,0.5658955604136843,0.05859882641955867
2026-03-20,5.742421656909857,0.0038609468027219884,0.030014044674382373,0.06499690422245266,0.04859417347439469,0.05923695239563783,0.0031368542714460086,0.7652795402451525,0.02488058391381189
2026-03-23,5.508684335206867,0.00018425066670088166,0.008819098505221654,0.010323044265216479,0.11827965167169191,0.01363140279782752,0.00017168763787203466,0.8361409934487753,0.012449871006694086
2026-03-24,5.746581467598389,0.000514124342670502,0.017195336951898732,0.025377748040408973,0.02597643204494203,0.024364073286647383,0.0007028998266228691,0.8837038394673742,0.022165546039435324
2026-03-25,6.097062914440971,0.045761669463233665,0.06787528556434379,0.230609247590157,0.006590060515904958,0.20220063553448553,0.036617859510529115,0.33981633707137493,0.070528904749971
2026-03-26,6.050474907138194,0.020840891062581527,0.07503285816353726,0.2416484743640498,0.013001584179648057,0.2386515900755889,0.017218956863044546,0.3330456533676073,0.06055999192394266
2026-03-27,5.9301429715903,0.016802384101482024,0.055834089057193885,0.18779761919828822,0.027420506290971206,0.17046708368852517,0.013339911218992109,0.45833555133794923,0.07000285510659818
2026-03-30,5.64277628627304,0.0023495289678872543,0.023040577522632076,0.0650488426207645,0.08726892436651416,0.05943907557248286,0.002231905081995476,0.7302963532183462,0.03032479264937752
2026-03-31,5.801703808428399,0.004683548021914096,0.027693892965843084,0.08059666851915788,0.040236223542649205,0.07587678396369157,0.004221074174200554,0.7212020216740034,0.045489787138540155
2026-04-01,6.1639461356884215,0.06080330735387279,0.057617308216406565,0.24235883433565683,0.006100612827341791,0.22663295306686457,0.045101285302803266,0.2903114424426066,0.07107425645444759
2026-04-02,6.103825868948058,0.03441197020059585,0.06123474492337921,0.20502301338332363,0.008043483165188069,0.21956268869550924,0.02626161979601759,0.3984871236750215,0.046975356160964925
2026-04-03,6.291050486657443,0.09734345826846698,0.06789083230160711,0.23685049106313064,0.006631313134411911,0.24992170708483566,0.05967370366473552,0.24821126342345984,0.03347723105935238
2026-04-06,5.914508415964409,0.007429942084053006,0.046484904977832434,0.14778170371288218,0.013853535109739508,0.1275903076008621,0.007600204734305675,0.5781365251549037,0.07112287662542136
2026-04-07,6.023671141312271,0.015935102024431297,0.08393900195400564,0.2508138055542192,0.01096141535035207,0.22570106617999694,0.013627708403607134,0.32850021974521626,0.07052168078817145
2026-04-08,5.8888561790266145,0.009363323387306055,0.02278709511030611,0.06292035665261306,0.015561889079110889,0.05598952131136234,0.009728781838952446,0.7959397598573676,0.027709272762981484
2026-04-09,6.1349229942780665,0.0234076345573119,0.0817980151769498,0.2717528565058606,0.003492573885648452,0.2656412681131654,0.018646483469848398,0.2652192853851499,0.0700418829060655
2026-04-10,6.1667386847816115,0.03659738636627604,0.07660881285134932,0.26995316548324355,0.004251976590141965,0.2582830235984338,0.03161871594338482,0.2526240447809236,0.07006287438624687
2026-04-13,6.212041160508852,0.08785612865523014,0.07017966778103522,0.2551819274199865,0.005084432387769601,0.22065839582951963,0.06986668159445741,0.21487066877115812,0.07630209756084338
2026-04-14,6.260481780810934,0.07372197467579071,0.07670644299353951,0.2457573101511045,0.003639641487165666,0.25037422256350933,0.04562565474876322,0.25266816711981416,0.05150658626031292
2026-04-15,6.378266693558685,0.15264757882725097,0.0560537518161387,0.2582950303835189,0.00639112571890476,0.2501453910412531,0.10262731808739164,0.12066633510364558,0.053173469021896284
2026-04-16,6.624749728499604,0.27706683811260535,0.040817876756050434,0.20665907489852997,0.0002395115972012246,0.2139965706518821,0.18925539190633095,0.019225041533987366,0.0527396945434126
2026-04-17,6.079864567471393,0.047041198334976005,0.05539749034559171,0.20477856145339815,0.009510514864434109,0.1790746948535712,0.03663568107684186,0.39521068373481766,0.0723511753363693
2026-04-20,6.299956008979588,0.04523243989353851,0.0949593353480052,0.3587643430158112,0.0009309406030111514,0.3221873199059884,0.033195230850142816,0.07287386954530009,0.07185652083820254
2026-04-21,6.359695946958537,0.1025965289087933,0.07747375904528273,0.3049509596705253,0.0009866241798583493,0.2950089397250325,0.0744255274742925,0.07733369037812286,0.06722397061809249
2026-04-22,5.969781078302233,0.019039041788349278,0.07080632407985687,0.21768905241167769,0.02916395298642019,0.2040487274125164,0.01408723764012643,0.38132652496091246,0.06383913872014073
2026-04-23,5.735782635015486,0.017686962879076746,0.041822939080922925,0.09554836151532685,0.1301316017946328,0.08935766397801218,0.010366650553824228,0.5859129426949977,0.029172877503206487
2026-04-24,5.949785020478776,0.004847013742938271,0.04872246274883397,0.1588739857687619,0.012346168431462126,0.14441960477950044,0.006123640994588664,0.5693564860763196,0.055310637457594916
2026-04-28,6.068334208814132,0.04165017900140932,0.06141425939116354,0.20958878125019567,0.008606756419409282,0.18444990785357732,0.03277547060780888,0.3937687364865389,0.0677459089898971
2026-04-29,6.339338359961268,0.12723009221440873,0.07673606123483288,0.2792537181171006,0.001966950010278972,0.2734605800796618,0.0934474177029395,0.08266339621938244,0.06524178442139508
2026-05-04,5.987999141971255,0.017282311025374666,0.07319478218458286,0.20001711551704265,0.019606198629989486,0.22132235942545883,0.01342798799540679,0.40387403160155194,0.051275213620592786
2026-05-05,6.203804744233088,0.06564880530846741,0.05312208606105207,0.24637773535484353,0.006419605818571481,0.22389632341455598,0.04830181553855404,0.2660072704185874,0.09022635808536811
2026-05-06,6.320914400620459,0.11543478145491314,0.06411067937324406,0.27383686338964014,0.0022457211371457323,0.2595477612208704,0.0730570883422962,0.14350214147766677,0.06826496360422349
2026-05-07,5.996235354517488,0.01454308309462386,0.057884778622477755,0.22716750763012503,0.013937783199014233,0.190295596643618,0.01411605115119748,0.410302857572541,0.07175234208640267
2026-05-08,6.368825087018482,0.18990442191289625,0.04591753021348295,0.22781129973721564,0.011103976766560424,0.2135108799792336,0.12391836077161049,0.13905223924571622,0.04878129137328439
2026-05-11,6.205691284009854,0.06084870271828405,0.06347848251247785,0.25056987617931237,0.006972593411120467,0.24371276888579574,0.04924463843100308,0.2727699538675747,0.052402983994431766
2026-05-12,6.30304437186117,0.13501336494935068,0.05833587927750484,0.2428675737576715,0.00544459658442873,0.2407207302275696,0.09149623829448887,0.16984776396252493,0.05627385294646077
2026-05-13,6.056412942327789,0.04064350945868019,0.07268462588900797,0.24625293377777666,0.020547140407887358,0.2348716971570688,0.028360601482372735,0.29924115424555,0.05739833758165636
2026-05-14,6.0580808271184585,0.03541143615662835,0.06391807827887429,0.2517824263415579,0.012132865878695527,0.19779320287572968,0.02791319556932942,0.3269707989497953,0.08407799594938951
2026-05-15,6.259158088366946,0.09752581290756224,0.0674813431374709,0.2678516145239475,0.00262081907199227,0.25505654455797755,0.06978773531078013,0.18249567338813455,0.05718045710213484
2026-05-18,6.264911247599479,0.046771256240784286,0.07625895196158869,0.34491862803356615,0.001000784487733166,0.3304829101600259,0.035601596037128945,0.08173150841318434,0.08323436466598855
2026-05-19,6.197162393122137,0.0872907209253807,0.0683772063595112,0.2263655319270281,0.006527862925517782,0.23468047558675467,0.05851675714861319,0.26121953897363764,0.057021906153556734
2026-05-20,6.139331759221666,0.07475107376652657,0.060132919541333874,0.19205834144392278,0.008543495872418263,0.20222222982025,0.046650937353858085,0.37239688938383686,0.04324411281785352
2026-05-21,6.2717696734140755,0.028613486345414496,0.0971197259068281,0.352811699404996,0.0010899233481502578,0.3428789690761984,0.022747815654430487,0.08818427309443896,0.06655410716954326
2026-05-22,6.021693724052889,0.01667110048870545,0.07387885089637267,0.22424813720267872,0.008500565682871582,0.20470479150278065,0.013599053382726961,0.39605302244057167,0.062344478403292325
2026-05-25,6.3182493980834735,0.09378908386286776,0.08325830081489355,0.31472522756756105,0.0008776710620519776,0.2995348379576695,0.05981331240886301,0.08037335144607147,0.0676282148800216
2026-05-26,6.472360775591708,0.23334061304313952,0.044767988834848435,0.22866372035968766,0.000775758618869393,0.21681103334312596,0.15636288819607963,0.06150455646793763,0.05777344113631174
2026-05-27,6.4394465245766614,0.18775486084809173,0.06481409420286569,0.2381631315636131,0.0011956590550241254,0.2493542319425421,0.10925513486337148,0.09657522100032045,0.05288766652417131
2026-05-28,6.344082152303903,0.1351871806598708,0.07352631865756364,0.2899715071432116,0.0010377782102113163,0.2782901903058806,0.08027883847380339,0.08339855487508577,0.05830963167437288
2026-05-29,6.319690697881515,0.07078934657781355,0.07313483110778132,0.3054347193920066,0.0019542012207145317,0.3004883515317787,0.05169915576205204,0.11653123179668143,0.07996816261117184
2026-06-01,6.383412080596788,0.1520723669627296,0.07744942643299708,0.2591800764796054,0.002621905418202373,0.2843405305453216,0.09511807156799842,0.07901696062732824,0.0502006619658173
2026-06-02,6.434464019375941,0.24379440558838703,0.05171103042781307,0.19800627765941145,0.002913020197820002,0.19353331159393747,0.14769975295676957,0.1207951735301514,0.041547028045710005
2026-06-03,6.347204038222087,0.1070381153073504,0.07152553227884381,0.28733214769291243,0.007916852260001953,0.3104302357518616,0.07502581055504975,0.07990317506727712,0.060828131086702895
2026-06-04,6.351404876902748,0.17370898280484381,0.05501586154642604,0.2224599918148047,0.005480232738820562,0.20928180118701048,0.11356204790676096,0.1536812216937747,0.06680986030755873
2026-06-05,6.553505459018325,0.27415482235842303,0.050866110444610445,0.22011075725706722,0.0002720004971355785,0.20812175075307718,0.17871959238556193,0.023820584063613644,0.043934382240511
2026-06-08,6.226760292972815,0.07154749704474336,0.07903239842973953,0.27446772693043703,0.0031333738432713617,0.2756308044098427,0.0510585212449575,0.19713937969747572,0.04799029839953272
2026-06-09,6.497049348279265,0.21847023999821238,0.047855118334439346,0.2223088269469166,0.001495090173276916,0.21821333261880035,0.1416000187837207,0.10353659482937916,0.04652077831525452
2026-06-10,6.492054644583606,0.22384487728786231,0.05736639233363364,0.23773280474267522,0.000824874627428652,0.20898856378723876,0.15342428557994503,0.04718325791039211,0.07063494373082431
2026-06-11,6.6036849412982415,0.22536158637306836,0.05172891341713759,0.25678077044938036,0.00026615154055453804,0.26481476625558126,0.1482136446812929,0.015363307989312763,0.03747085929367219
2026-06-12,6.481105746380473,0.30153241802458247,0.04806446175367737,0.16252715355742037,0.031977772157065765,0.1558390344966287,0.1985580528945484,0.06528302105224112,0.03621808606383586
2026-06-15,6.205573361444466,0.03022497819151279,0.07673611600820618,0.27462107136978053,0.0030963545244184197,0.30722368703534986,0.023158720025222956,0.21692744307018527,0.06801162977532399
2026-06-16,6.688373291603526,0.34977216736780614,0.040298534553698716,0.16509853719446183,0.00025956121890333584,0.1729637871361391,0.23306764588257453,0.010124362127864718,0.028415404518551627
2026-06-17,6.618879363827873,0.30975898526152845,0.044652724960022046,0.20946698060236218,0.00029543287094392607,0.1777729747309772,0.19439307703947198,0.023469783546302497,0.04019004098839172
2026-06-18,6.710420559308676,0.3288100415297791,0.03696473230607112,0.19819275847802167,0.00013218675260106823,0.17426226215265245,0.22231607083679744,0.011245996058744342,0.02807595188533279
2026-06-19,6.564090533553889,0.3189480241151788,0.044369730900529876,0.1747649808719733,0.001620680663064134,0.16178924222856306,0.196495186200513,0.07248306673111868,0.029529088289059112
2026-06-22,6.532562706682289,0.18839665295690777,0.045417192420577346,0.2945351410389628,0.0008563845374473325,0.26869860378692223,0.13235885632280323,0.01940492945879365,0.050332239477585645
2026-06-23,6.450550928378754,0.22119254762678203,0.05396248000122268,0.19709061149841733,0.0012634876325996432,0.2204742380709628,0.14573483939833257,0.0917899357165351,0.0684918600551479
2026-06-24,6.316983235087431,0.09683653522224653,0.06846130090326837,0.289725326918519,0.0016360482673408463,0.2530587289968895,0.07606305043810821,0.138137829615825,0.07608117963780257
2026-06-25,6.675959354080685,0.30995331347854244,0.041554303779373275,0.2014590463677527,0.00023248461664572364,0.2077855277699772,0.19372809271170793,0.011614204258479971,0.03367302701752073
2026-06-26,6.494510546469862,0.18211669998579288,0.05142501882990256,0.27466953833206503,0.00021897736899816487,0.2920421595896204,0.11384317741363763,0.02465986566140101,0.06102456281858236
2026-06-29,6.651212271466232,0.37093852342374695,0.03907090401792195,0.147327207612287,0.0005934097839049283,0.14778867314469524,0.23073454820490158,0.03646023405931737,0.027086499753224996
2026-06-30,6.724270205415753,0.3924749703387734,0.03517044844593274,0.13545127095886428,0.0006698162976174901,0.13866613371024708,0.24724424106800907,0.03108367603894123,0.019239443141614722
2026-07-01,6.807693485354397,0.4439694268012323,0.01885758801486607,0.10647738778735892,0.0001568932066818131,0.09536100785362195,0.2983482005337919,0.007682814050451272,0.029146681751995782
2026-07-02,6.7276871009291135,0.36423552207674,0.04315419949120969,0.15889992202252226,0.0003953183697300632,0.14969736842015938,0.23216111894923433,0.018469981154427148,0.032986569515977185
2026-07-03,6.598208261530927,0.2716141247251533,0.04725547939077963,0.2362717676623746,0.0003100694123796562,0.2184457332721249,0.1673183284948957,0.017867584730770828,0.04091691231152142
2026-07-06,6.5336449485232295,0.28413649815267117,0.05239157605949503,0.17699651887034096,0.011736960853051594,0.18998389049653047,0.1836318869346034,0.0763821604778145,0.024740508155492884
2026-07-07,6.401887532770726,0.13797738616931352,0.06402978167598503,0.29220653189077117,0.0005027748022678309,0.3074350369447437,0.0823626941074029,0.047488188851222864,0.06799760555829297
2026-07-08,6.490983300222361,0.16628881050667133,0.06309448506293833,0.29861213987328517,0.000618469696895045,0.2792575697122323,0.10051732802301981,0.03650787271328113,0.055103324411676854
2026-07-09,6.728981609687847,0.42984094944056694,0.024072128880248813,0.13588623510296796,9.820898890482914e-05,0.12236654645330108,0.2619127711786808,0.0059606049547627745,0.019862555000566814
2026-07-10,6.650867706721037,0.3908074484711987,0.037115639773304676,0.11867237854076639,0.0013488778823743711,0.12374603135417339,0.23671885473859186,0.0703615544651369,0.021229214774453723
2026-07-13,6.368806261600225,0.22180605994928748,0.06473573447616567,0.17778435330652048,0.01408016610754862,0.191474835335655,0.12411490305919802,0.17768924281729084,0.02831470494833389
2026-07-14,6.11472276886866,0.019289667455701997,0.07885804480814317,0.2636610109289633,0.009100811405292333,0.2733789524954553,0.016124452249503124,0.2652600932496739,0.07432696740726683
2026-07-15,6.085734540953714,0.025084409946415472,0.08464763860528417,0.23943901349799532,0.008685674194325454,0.24285864858311826,0.019124412398452254,0.32473924514972213,0.05542095762468694
2026-07-16,6.074925673189425,0.023634955531819025,0.07734530825275601,0.2505310800250087,0.0061062048573074824,0.2478443803769125,0.01813963986102717,0.2951621068247748,0.08123632427039432
2026-07-17,6.38862888158308,0.10710681956467953,0.06281188460144925,0.3003374473298798,0.002944302220997039,0.28569801942364287,0.07422541956403825,0.11212615831899263,0.05474994897632054
2026-07-20,6.085816770626374,0.08958867326170872,0.06560358456732765,0.20554400610201912,0.06812119750627818,0.21676094200593596,0.05136822315463431,0.2527609621990494,0.050252411203046646
2026-07-21,5.8760631822261224,0.006369967899134671,0.053699212185138664,0.13900609695763363,0.027700127251878467,0.12930802655614845,0.0055227332243249026,0.5919467784862908,0.04644705743945037
2026-07-22,5.699979752787114,0.009853713613319577,0.03538085774085471,0.07276869971718412,0.13773358221198365,0.06612056659536994,0.00825477509559544,0.6401475004197685,0.029740304605924035
2026-07-23,5.697014947158978,0.004027163835364787,0.02371669333682096,0.04205029143721853,0.06392697672442059,0.04823293679258089,0.0024122189139671145,0.7915805193127783,0.02405319964684889
2026-07-24,5.809909201749894,0.0035415506230972765,0.03177929091351279,0.0943328960093161,0.039774424157416444,0.08644769187157005,0.0035616568404446803,0.7079787213466378,0.032583768238004886
2026-07-27,5.978261387716629,0.024988817587853464,0.0693476991994501,0.21184128351749842,0.02912745696525088,0.21249744124865141,0.02042340605724818,0.36980908579670213,0.0619648096273454
2026-07-28,5.771626028082705,0.0013397359869322736,0.022579176108909055,0.046541645427652906,0.03819173822907746,0.043762612720213784,0.0017101546847513207,0.8178024115021479,0.028072525340315218
2026-07-29,6.162151303360608,0.06052686966531728,0.07704821090345854,0.2803553621870371,0.004600235110231617,0.25651991754481634,0.04147087593243128,0.1896378281297169,0.08984070052699099
2026-07-30,5.996558533432438,0.01756986176664187,0.04944086855456709,0.20493407405717662,0.007376502152577193,0.16610195085666257,0.017078229642664453,0.4507472089132565,0.08675130405645375
2026-07-31,6.157930580962496,0.05326742135671039,0.06831168661259437,0.2235172011361738,0.006346192070660175,0.22782482673296278,0.039586380004929166,0.32930483309749914,0.05184145898847019
