horizon_min,start,end,missing_minutes,endpoints_present,category
1,2017-11-13 10:57:00,2017-11-13 10:58:00,1,False,endpoint_missing
1,2017-11-13 10:58:00,2017-11-13 10:59:00,1,False,endpoint_missing
1,2017-11-13 11:07:00,2017-11-13 11:08:00,1,False,endpoint_missing
1,2017-11-13 11:08:00,2017-11-13 11:09:00,1,False,endpoint_missing
1,2017-11-13 11:29:00,2017-11-13 11:30:00,1,False,endpoint_missing
1,2017-11-13 13:02:00,2017-11-13 13:03:00,1,False,endpoint_missing
1,2017-11-13 13:03:00,2017-11-13 13:04:00,1,False,endpoint_missing
1,2017-11-13 13:12:00,2017-11-13 13:13:00,1,False,endpoint_missing
1,2017-11-13 13:13:00,2017-11-13 13:14:00,1,False,endpoint_missing
1,2017-11-14 10:37:00,2017-11-14 10:38:00,1,False,endpoint_missing
1,2017-11-14 10:38:00,2017-11-14 10:39:00,1,False,endpoint_missing
1,2017-11-14 10:41:00,2017-11-14 10:42:00,1,False,endpoint_missing
1,2017-11-14 10:42:00,2017-11-14 10:43:00,1,False,endpoint_missing
1,2017-11-14 10:47:00,2017-11-14 10:48:00,1,False,endpoint_missing
1,2017-11-14 10:48:00,2017-11-14 10:49:00,1,False,endpoint_missing
1,2017-11-14 10:51:00,2017-11-14 10:52:00,1,False,endpoint_missing
1,2017-11-14 10:52:00,2017-11-14 10:53:00,1,False,endpoint_missing
1,2017-11-14 10:55:00,2017-11-14 10:56:00,1,False,endpoint_missing
1,2017-11-14 10:56:00,2017-11-14 10:57:00,1,False,endpoint_missing
1,2017-11-14 11:29:00,2017-11-14 11:30:00,1,False,endpoint_missing
1,2017-11-15 10:17:00,2017-11-15 10:18:00,1,False,endpoint_missing
1,2017-11-15 10:18:00,2017-11-15 10:19:00,1,False,endpoint_missing
1,2017-11-15 10:33:00,2017-11-15 10:34:00,1,False,endpoint_missing
1,2017-11-15 10:34:00,2017-11-15 10:35:00,1,False,endpoint_missing
1,2017-11-15 10:45:00,2017-11-15 10:46:00,1,False,endpoint_missing
1,2017-11-15 10:46:00,2017-11-15 10:47:00,1,False,endpoint_missing
1,2017-11-15 10:49:00,2017-11-15 10:50:00,1,False,endpoint_missing
1,2017-11-15 10:50:00,2017-11-15 10:51:00,1,False,endpoint_missing
1,2017-11-15 11:06:00,2017-11-15 11:07:00,1,False,endpoint_missing
1,2017-11-15 11:07:00,2017-11-15 11:08:00,1,False,endpoint_missing
1,2017-11-15 11:13:00,2017-11-15 11:14:00,1,False,endpoint_missing
1,2017-11-15 11:14:00,2017-11-15 11:15:00,1,False,endpoint_missing
1,2017-11-15 11:22:00,2017-11-15 11:23:00,1,False,endpoint_missing
1,2017-11-15 11:23:00,2017-11-15 11:24:00,1,False,endpoint_missing
1,2017-11-16 10:01:00,2017-11-16 10:02:00,1,False,endpoint_missing
1,2017-11-16 10:02:00,2017-11-16 10:03:00,1,False,endpoint_missing
1,2017-11-16 10:15:00,2017-11-16 10:16:00,1,False,endpoint_missing
1,2017-11-16 10:16:00,2017-11-16 10:17:00,1,False,endpoint_missing
1,2017-11-16 10:18:00,2017-11-16 10:19:00,1,False,endpoint_missing
1,2017-11-16 10:19:00,2017-11-16 10:20:00,1,False,endpoint_missing
1,2017-11-16 10:47:00,2017-11-16 10:48:00,1,False,endpoint_missing
1,2017-11-16 10:48:00,2017-11-16 10:49:00,2,False,endpoint_missing
1,2017-11-16 10:49:00,2017-11-16 10:50:00,2,False,endpoint_missing
1,2017-11-16 10:50:00,2017-11-16 10:51:00,1,False,endpoint_missing
1,2017-11-16 10:51:00,2017-11-16 10:52:00,1,False,endpoint_missing
1,2017-11-16 10:52:00,2017-11-16 10:53:00,2,False,endpoint_missing
1,2017-11-16 10:53:00,2017-11-16 10:54:00,1,False,endpoint_missing
1,2017-11-16 10:59:00,2017-11-16 11:00:00,1,False,endpoint_missing
1,2017-11-16 11:00:00,2017-11-16 11:01:00,1,False,endpoint_missing
1,2017-11-16 11:11:00,2017-11-16 11:12:00,1,False,endpoint_missing
1,2017-11-16 11:12:00,2017-11-16 11:13:00,1,False,endpoint_missing
1,2017-11-16 11:16:00,2017-11-16 11:17:00,1,False,endpoint_missing
1,2017-11-16 11:17:00,2017-11-16 11:18:00,1,False,endpoint_missing
1,2017-11-16 11:20:00,2017-11-16 11:21:00,1,False,endpoint_missing
1,2017-11-16 11:21:00,2017-11-16 11:22:00,1,False,endpoint_missing
1,2017-11-16 13:01:00,2017-11-16 13:02:00,1,False,endpoint_missing
1,2017-11-16 13:02:00,2017-11-16 13:03:00,2,False,endpoint_missing
1,2017-11-16 13:03:00,2017-11-16 13:04:00,1,False,endpoint_missing
1,2017-11-16 13:10:00,2017-11-16 13:11:00,1,False,endpoint_missing
1,2017-11-16 13:11:00,2017-11-16 13:12:00,2,False,endpoint_missing
1,2017-11-16 13:12:00,2017-11-16 13:13:00,1,False,endpoint_missing
1,2017-11-16 14:08:00,2017-11-16 14:09:00,1,False,endpoint_missing
1,2017-11-16 14:09:00,2017-11-16 14:10:00,1,False,endpoint_missing
1,2017-11-16 14:18:00,2017-11-16 14:19:00,1,False,endpoint_missing
1,2017-11-16 14:19:00,2017-11-16 14:20:00,1,False,endpoint_missing
1,2017-11-16 14:20:00,2017-11-16 14:21:00,1,False,endpoint_missing
1,2017-11-16 14:21:00,2017-11-16 14:22:00,1,False,endpoint_missing
1,2017-11-16 14:23:00,2017-11-16 14:24:00,1,False,endpoint_missing
1,2017-11-16 14:24:00,2017-11-16 14:25:00,1,False,endpoint_missing
1,2017-11-17 10:47:00,2017-11-17 10:48:00,1,False,endpoint_missing
1,2017-11-17 10:48:00,2017-11-17 10:49:00,1,False,endpoint_missing
1,2017-11-17 11:20:00,2017-11-17 11:21:00,1,False,endpoint_missing
1,2017-11-17 11:21:00,2017-11-17 11:22:00,1,False,endpoint_missing
1,2017-11-20 13:00:00,2017-11-20 13:01:00,1,False,endpoint_missing
1,2017-11-20 13:01:00,2017-11-20 13:02:00,1,False,endpoint_missing
1,2017-11-22 10:23:00,2017-11-22 10:24:00,1,False,endpoint_missing
1,2017-11-22 10:24:00,2017-11-22 10:25:00,1,False,endpoint_missing
1,2017-11-23 09:14:00,2017-11-23 09:15:00,1,False,endpoint_missing
1,2017-11-23 09:15:00,2017-11-23 09:16:00,2,False,endpoint_missing
1,2017-11-23 09:16:00,2017-11-23 09:17:00,2,False,endpoint_missing
1,2017-11-23 09:17:00,2017-11-23 09:18:00,2,False,endpoint_missing
1,2017-11-23 09:18:00,2017-11-23 09:19:00,2,False,endpoint_missing
1,2017-11-23 09:19:00,2017-11-23 09:20:00,1,False,endpoint_missing
1,2017-11-24 09:04:00,2017-11-24 09:05:00,1,False,endpoint_missing
1,2017-11-24 09:05:00,2017-11-24 09:06:00,2,False,endpoint_missing
1,2017-11-24 09:06:00,2017-11-24 09:07:00,2,False,endpoint_missing
1,2017-11-24 09:07:00,2017-11-24 09:08:00,2,False,endpoint_missing
1,2017-11-24 09:08:00,2017-11-24 09:09:00,1,False,endpoint_missing
1,2017-11-24 09:24:00,2017-11-24 09:25:00,1,False,endpoint_missing
1,2017-11-24 09:25:00,2017-11-24 09:26:00,1,False,endpoint_missing
1,2017-11-24 09:27:00,2017-11-24 09:28:00,1,False,endpoint_missing
1,2017-11-24 09:28:00,2017-11-24 09:29:00,2,False,endpoint_missing
1,2017-11-24 09:29:00,2017-11-24 09:30:00,2,False,endpoint_missing
1,2017-11-24 09:30:00,2017-11-24 09:31:00,2,False,endpoint_missing
1,2017-11-24 09:31:00,2017-11-24 09:32:00,2,False,endpoint_missing
1,2017-11-24 09:32:00,2017-11-24 09:33:00,1,False,endpoint_missing
1,2017-11-24 11:29:00,2017-11-24 11:30:00,1,False,endpoint_missing
1,2017-11-24 14:07:00,2017-11-24 14:08:00,1,False,endpoint_missing
1,2017-11-24 14:08:00,2017-11-24 14:09:00,1,False,endpoint_missing
1,2017-11-27 13:01:00,2017-11-27 13:02:00,1,False,endpoint_missing
1,2017-11-27 13:02:00,2017-11-27 13:03:00,1,False,endpoint_missing
1,2017-11-28 10:15:00,2017-11-28 10:16:00,1,False,endpoint_missing
1,2017-11-28 10:16:00,2017-11-28 10:17:00,1,False,endpoint_missing
1,2017-11-29 09:38:00,2017-11-29 09:39:00,1,False,endpoint_missing
1,2017-11-29 09:39:00,2017-11-29 09:40:00,1,False,endpoint_missing
1,2017-11-29 11:13:00,2017-11-29 11:14:00,1,False,endpoint_missing
1,2017-11-29 11:14:00,2017-11-29 11:15:00,1,False,endpoint_missing
1,2017-11-29 11:22:00,2017-11-29 11:23:00,1,False,endpoint_missing
1,2017-11-29 11:23:00,2017-11-29 11:24:00,1,False,endpoint_missing
1,2017-11-29 11:29:00,2017-11-29 11:30:00,1,False,endpoint_missing
1,2017-11-29 13:00:00,2017-11-29 13:01:00,1,False,endpoint_missing
1,2017-11-29 13:01:00,2017-11-29 13:02:00,1,False,endpoint_missing
1,2017-11-29 13:35:00,2017-11-29 13:36:00,1,False,endpoint_missing
1,2017-11-29 13:36:00,2017-11-29 13:37:00,1,False,endpoint_missing
1,2017-11-29 13:40:00,2017-11-29 13:41:00,1,False,endpoint_missing
1,2017-11-29 13:41:00,2017-11-29 13:42:00,1,False,endpoint_missing
1,2017-11-30 10:12:00,2017-11-30 10:13:00,1,False,endpoint_missing
1,2017-11-30 10:13:00,2017-11-30 10:14:00,1,False,endpoint_missing
1,2017-11-30 11:22:00,2017-11-30 11:23:00,1,False,endpoint_missing
1,2017-11-30 11:23:00,2017-11-30 11:24:00,1,False,endpoint_missing
1,2017-11-30 11:29:00,2017-11-30 11:30:00,1,False,endpoint_missing
1,2017-11-30 13:29:00,2017-11-30 13:30:00,1,False,endpoint_missing
1,2017-11-30 13:30:00,2017-11-30 13:31:00,1,False,endpoint_missing
1,2017-12-01 10:13:00,2017-12-01 10:14:00,1,False,endpoint_missing
1,2017-12-01 10:14:00,2017-12-01 10:15:00,1,False,endpoint_missing
1,2017-12-01 10:34:00,2017-12-01 10:35:00,1,False,endpoint_missing
1,2017-12-01 10:35:00,2017-12-01 10:36:00,1,False,endpoint_missing
1,2017-12-01 10:36:00,2017-12-01 10:37:00,1,False,endpoint_missing
1,2017-12-01 10:37:00,2017-12-01 10:38:00,1,False,endpoint_missing
1,2017-12-01 10:57:00,2017-12-01 10:58:00,1,False,endpoint_missing
1,2017-12-01 10:58:00,2017-12-01 10:59:00,1,False,endpoint_missing
1,2017-12-01 11:07:00,2017-12-01 11:08:00,1,False,endpoint_missing
1,2017-12-01 11:08:00,2017-12-01 11:09:00,1,False,endpoint_missing
1,2017-12-01 11:12:00,2017-12-01 11:13:00,1,False,endpoint_missing
1,2017-12-01 11:13:00,2017-12-01 11:14:00,2,False,endpoint_missing
1,2017-12-01 11:14:00,2017-12-01 11:15:00,2,False,endpoint_missing
1,2017-12-01 11:15:00,2017-12-01 11:16:00,1,False,endpoint_missing
1,2017-12-01 11:25:00,2017-12-01 11:26:00,1,False,endpoint_missing
1,2017-12-01 11:26:00,2017-12-01 11:27:00,1,False,endpoint_missing
1,2017-12-01 11:27:00,2017-12-01 11:28:00,1,False,endpoint_missing
1,2017-12-01 11:28:00,2017-12-01 11:29:00,1,False,endpoint_missing
1,2017-12-04 10:05:00,2017-12-04 10:06:00,1,False,endpoint_missing
1,2017-12-04 10:06:00,2017-12-04 10:07:00,1,False,endpoint_missing
1,2017-12-04 10:07:00,2017-12-04 10:08:00,1,False,endpoint_missing
1,2017-12-04 10:08:00,2017-12-04 10:09:00,1,False,endpoint_missing
1,2017-12-06 14:23:00,2017-12-06 14:24:00,1,False,endpoint_missing
1,2017-12-06 14:24:00,2017-12-06 14:25:00,1,False,endpoint_missing
1,2017-12-06 14:29:00,2017-12-06 14:30:00,1,False,endpoint_missing
1,2017-12-12 13:22:00,2017-12-12 13:23:00,1,False,endpoint_missing
1,2017-12-12 13:23:00,2017-12-12 13:24:00,1,False,endpoint_missing
1,2017-12-12 13:55:00,2017-12-12 13:56:00,1,False,endpoint_missing
1,2017-12-12 13:56:00,2017-12-12 13:57:00,1,False,endpoint_missing
1,2017-12-12 14:02:00,2017-12-12 14:03:00,1,False,endpoint_missing
1,2017-12-12 14:03:00,2017-12-12 14:04:00,1,False,endpoint_missing
1,2017-12-12 14:07:00,2017-12-12 14:08:00,1,False,endpoint_missing
1,2017-12-12 14:08:00,2017-12-12 14:09:00,1,False,endpoint_missing
1,2017-12-12 14:12:00,2017-12-12 14:13:00,1,False,endpoint_missing
1,2017-12-12 14:13:00,2017-12-12 14:14:00,1,False,endpoint_missing
1,2017-12-12 14:16:00,2017-12-12 14:17:00,1,False,endpoint_missing
1,2017-12-12 14:17:00,2017-12-12 14:18:00,1,False,endpoint_missing
1,2017-12-12 14:19:00,2017-12-12 14:20:00,1,False,endpoint_missing
1,2017-12-12 14:20:00,2017-12-12 14:21:00,1,False,endpoint_missing
1,2017-12-12 14:22:00,2017-12-12 14:23:00,1,False,endpoint_missing
1,2017-12-12 14:23:00,2017-12-12 14:24:00,1,False,endpoint_missing
1,2017-12-12 14:25:00,2017-12-12 14:26:00,1,False,endpoint_missing
1,2017-12-12 14:26:00,2017-12-12 14:27:00,1,False,endpoint_missing
1,2017-12-12 14:28:00,2017-12-12 14:29:00,1,False,endpoint_missing
1,2017-12-12 14:29:00,2017-12-12 14:30:00,1,False,endpoint_missing
1,2017-12-13 13:43:00,2017-12-13 13:44:00,1,False,endpoint_missing
1,2017-12-13 13:44:00,2017-12-13 13:45:00,1,False,endpoint_missing
1,2017-12-13 13:53:00,2017-12-13 13:54:00,1,False,endpoint_missing
1,2017-12-13 13:54:00,2017-12-13 13:55:00,1,False,endpoint_missing
1,2017-12-13 13:58:00,2017-12-13 13:59:00,1,False,endpoint_missing
1,2017-12-13 13:59:00,2017-12-13 14:00:00,1,False,endpoint_missing
1,2017-12-13 14:03:00,2017-12-13 14:04:00,1,False,endpoint_missing
1,2017-12-13 14:04:00,2017-12-13 14:05:00,1,False,endpoint_missing
1,2017-12-13 14:07:00,2017-12-13 14:08:00,1,False,endpoint_missing
1,2017-12-13 14:08:00,2017-12-13 14:09:00,1,False,endpoint_missing
1,2017-12-13 14:11:00,2017-12-13 14:12:00,1,False,endpoint_missing
1,2017-12-13 14:12:00,2017-12-13 14:13:00,1,False,endpoint_missing
1,2017-12-13 14:14:00,2017-12-13 14:15:00,1,False,endpoint_missing
1,2017-12-13 14:15:00,2017-12-13 14:16:00,1,False,endpoint_missing
1,2017-12-13 14:18:00,2017-12-13 14:19:00,1,False,endpoint_missing
1,2017-12-13 14:19:00,2017-12-13 14:20:00,1,False,endpoint_missing
1,2017-12-13 14:21:00,2017-12-13 14:22:00,1,False,endpoint_missing
1,2017-12-13 14:22:00,2017-12-13 14:23:00,1,False,endpoint_missing
1,2017-12-13 14:23:00,2017-12-13 14:24:00,1,False,endpoint_missing
1,2017-12-13 14:24:00,2017-12-13 14:25:00,1,False,endpoint_missing
1,2017-12-13 14:26:00,2017-12-13 14:27:00,1,False,endpoint_missing
1,2017-12-13 14:27:00,2017-12-13 14:28:00,1,False,endpoint_missing
1,2017-12-13 14:28:00,2017-12-13 14:29:00,1,False,endpoint_missing
1,2017-12-13 14:29:00,2017-12-13 14:30:00,1,False,endpoint_missing
1,2017-12-14 09:30:00,2017-12-14 09:31:00,1,False,endpoint_missing
1,2017-12-14 09:31:00,2017-12-14 09:32:00,2,False,endpoint_missing
1,2017-12-14 09:32:00,2017-12-14 09:33:00,1,False,endpoint_missing
1,2017-12-14 14:02:00,2017-12-14 14:03:00,1,False,endpoint_missing
1,2017-12-14 14:03:00,2017-12-14 14:04:00,1,False,endpoint_missing
1,2017-12-14 14:11:00,2017-12-14 14:12:00,1,False,endpoint_missing
1,2017-12-14 14:12:00,2017-12-14 14:13:00,1,False,endpoint_missing
1,2017-12-14 14:18:00,2017-12-14 14:19:00,1,False,endpoint_missing
1,2017-12-14 14:19:00,2017-12-14 14:20:00,1,False,endpoint_missing
1,2017-12-14 14:23:00,2017-12-14 14:24:00,1,False,endpoint_missing
1,2017-12-14 14:24:00,2017-12-14 14:25:00,1,False,endpoint_missing
1,2017-12-14 14:27:00,2017-12-14 14:28:00,1,False,endpoint_missing
1,2017-12-14 14:28:00,2017-12-14 14:29:00,1,False,endpoint_missing
1,2017-12-18 13:02:00,2017-12-18 13:03:00,1,False,endpoint_missing
1,2017-12-18 13:03:00,2017-12-18 13:04:00,1,False,endpoint_missing
1,2017-12-19 14:11:00,2017-12-19 14:12:00,1,False,endpoint_missing
1,2017-12-19 14:12:00,2017-12-19 14:13:00,1,False,endpoint_missing
1,2017-12-19 14:13:00,2017-12-19 14:14:00,1,False,endpoint_missing
1,2017-12-19 14:14:00,2017-12-19 14:15:00,2,False,endpoint_missing
1,2017-12-19 14:15:00,2017-12-19 14:16:00,2,False,endpoint_missing
1,2017-12-19 14:16:00,2017-12-19 14:17:00,1,False,endpoint_missing
1,2017-12-19 14:17:00,2017-12-19 14:18:00,1,False,endpoint_missing
1,2017-12-19 14:18:00,2017-12-19 14:19:00,1,False,endpoint_missing
1,2017-12-19 14:19:00,2017-12-19 14:20:00,1,False,endpoint_missing
1,2017-12-19 14:20:00,2017-12-19 14:21:00,2,False,endpoint_missing
1,2017-12-19 14:21:00,2017-12-19 14:22:00,2,False,endpoint_missing
1,2017-12-19 14:22:00,2017-12-19 14:23:00,1,False,endpoint_missing
1,2017-12-19 14:25:00,2017-12-19 14:26:00,1,False,endpoint_missing
1,2017-12-19 14:26:00,2017-12-19 14:27:00,1,False,endpoint_missing
1,2017-12-19 14:27:00,2017-12-19 14:28:00,1,False,endpoint_missing
1,2017-12-19 14:28:00,2017-12-19 14:29:00,1,False,endpoint_missing
1,2017-12-20 14:13:00,2017-12-20 14:14:00,1,False,endpoint_missing
1,2017-12-20 14:14:00,2017-12-20 14:15:00,1,False,endpoint_missing
1,2017-12-20 14:20:00,2017-12-20 14:21:00,1,False,endpoint_missing
1,2017-12-20 14:21:00,2017-12-20 14:22:00,1,False,endpoint_missing
1,2017-12-20 14:25:00,2017-12-20 14:26:00,1,False,endpoint_missing
1,2017-12-20 14:26:00,2017-12-20 14:27:00,1,False,endpoint_missing
1,2017-12-21 10:41:00,2017-12-21 10:42:00,1,False,endpoint_missing
1,2017-12-21 10:42:00,2017-12-21 10:43:00,1,False,endpoint_missing
1,2017-12-21 10:45:00,2017-12-21 10:46:00,1,False,endpoint_missing
1,2017-12-21 10:46:00,2017-12-21 10:47:00,1,False,endpoint_missing
1,2017-12-21 11:29:00,2017-12-21 11:30:00,1,False,endpoint_missing
1,2017-12-21 13:01:00,2017-12-21 13:02:00,1,False,endpoint_missing
1,2017-12-21 13:02:00,2017-12-21 13:03:00,1,False,endpoint_missing
1,2017-12-21 13:04:00,2017-12-21 13:05:00,1,False,endpoint_missing
1,2017-12-21 13:05:00,2017-12-21 13:06:00,1,False,endpoint_missing
1,2017-12-21 13:20:00,2017-12-21 13:21:00,1,False,endpoint_missing
1,2017-12-21 13:21:00,2017-12-21 13:22:00,1,False,endpoint_missing
1,2017-12-21 14:04:00,2017-12-21 14:05:00,1,False,endpoint_missing
1,2017-12-21 14:05:00,2017-12-21 14:06:00,1,False,endpoint_missing
1,2017-12-22 11:29:00,2017-12-22 11:30:00,1,False,endpoint_missing
1,2017-12-25 11:04:00,2017-12-25 11:05:00,1,False,endpoint_missing
1,2017-12-25 11:05:00,2017-12-25 11:06:00,1,False,endpoint_missing
1,2017-12-25 11:17:00,2017-12-25 11:18:00,1,False,endpoint_missing
1,2017-12-25 11:18:00,2017-12-25 11:19:00,2,False,endpoint_missing
1,2017-12-25 11:19:00,2017-12-25 11:20:00,1,False,endpoint_missing
1,2017-12-26 11:10:00,2017-12-26 11:11:00,1,False,endpoint_missing
1,2017-12-26 11:11:00,2017-12-26 11:12:00,1,False,endpoint_missing
1,2017-12-26 11:12:00,2017-12-26 11:13:00,1,False,endpoint_missing
1,2017-12-26 11:13:00,2017-12-26 11:14:00,1,False,endpoint_missing
1,2017-12-27 13:01:00,2017-12-27 13:02:00,1,False,endpoint_missing
1,2017-12-27 13:02:00,2017-12-27 13:03:00,2,False,endpoint_missing
1,2017-12-27 13:03:00,2017-12-27 13:04:00,1,False,endpoint_missing
1,2017-12-28 11:10:00,2017-12-28 11:11:00,1,False,endpoint_missing
1,2017-12-28 11:11:00,2017-12-28 11:12:00,1,False,endpoint_missing
1,2018-01-03 11:13:00,2018-01-03 11:14:00,1,False,endpoint_missing
1,2018-01-03 11:14:00,2018-01-03 11:15:00,1,False,endpoint_missing
1,2018-01-04 10:49:00,2018-01-04 10:50:00,1,False,endpoint_missing
1,2018-01-04 10:50:00,2018-01-04 10:51:00,1,False,endpoint_missing
1,2018-01-05 13:53:00,2018-01-05 13:54:00,1,False,endpoint_missing
1,2018-01-05 13:54:00,2018-01-05 13:55:00,1,False,endpoint_missing
1,2018-01-10 13:00:00,2018-01-10 13:01:00,2,False,endpoint_missing
1,2018-01-10 13:01:00,2018-01-10 13:02:00,1,False,endpoint_missing
1,2018-01-12 11:17:00,2018-01-12 11:18:00,1,False,endpoint_missing
1,2018-01-12 11:18:00,2018-01-12 11:19:00,1,False,endpoint_missing
1,2018-01-15 11:21:00,2018-01-15 11:22:00,1,False,endpoint_missing
1,2018-01-15 11:22:00,2018-01-15 11:23:00,1,False,endpoint_missing
1,2018-01-16 11:29:00,2018-01-16 11:30:00,1,False,endpoint_missing
1,2018-01-16 14:28:00,2018-01-16 14:29:00,1,False,endpoint_missing
1,2018-01-16 14:29:00,2018-01-16 14:30:00,1,False,endpoint_missing
1,2018-01-17 10:16:00,2018-01-17 10:17:00,1,False,endpoint_missing
1,2018-01-17 10:17:00,2018-01-17 10:18:00,1,False,endpoint_missing
1,2018-01-17 13:06:00,2018-01-17 13:07:00,1,False,endpoint_missing
1,2018-01-17 13:07:00,2018-01-17 13:08:00,1,False,endpoint_missing
1,2018-01-17 13:11:00,2018-01-17 13:12:00,1,False,endpoint_missing
1,2018-01-17 13:12:00,2018-01-17 13:13:00,1,False,endpoint_missing
1,2018-01-18 13:47:00,2018-01-18 13:48:00,1,False,endpoint_missing
1,2018-01-18 13:48:00,2018-01-18 13:49:00,1,False,endpoint_missing
1,2018-01-18 13:50:00,2018-01-18 13:51:00,1,False,endpoint_missing
1,2018-01-18 13:51:00,2018-01-18 13:52:00,1,False,endpoint_missing
1,2018-01-18 14:00:00,2018-01-18 14:01:00,1,False,endpoint_missing
1,2018-01-18 14:01:00,2018-01-18 14:02:00,1,False,endpoint_missing
1,2018-01-18 14:06:00,2018-01-18 14:07:00,1,False,endpoint_missing
1,2018-01-18 14:07:00,2018-01-18 14:08:00,1,False,endpoint_missing
1,2018-01-18 14:12:00,2018-01-18 14:13:00,1,False,endpoint_missing
1,2018-01-18 14:13:00,2018-01-18 14:14:00,1,False,endpoint_missing
1,2018-01-18 14:18:00,2018-01-18 14:19:00,1,False,endpoint_missing
1,2018-01-18 14:19:00,2018-01-18 14:20:00,1,False,endpoint_missing
1,2018-01-18 14:24:00,2018-01-18 14:25:00,1,False,endpoint_missing
1,2018-01-18 14:25:00,2018-01-18 14:26:00,1,False,endpoint_missing
1,2018-01-18 14:27:00,2018-01-18 14:28:00,1,False,endpoint_missing
1,2018-01-18 14:28:00,2018-01-18 14:29:00,1,False,endpoint_missing
1,2018-01-19 14:25:00,2018-01-19 14:26:00,1,False,endpoint_missing
1,2018-01-19 14:26:00,2018-01-19 14:27:00,1,False,endpoint_missing
1,2018-01-19 14:28:00,2018-01-19 14:29:00,1,False,endpoint_missing
1,2018-01-19 14:29:00,2018-01-19 14:30:00,1,False,endpoint_missing
1,2018-01-23 09:41:00,2018-01-23 09:42:00,1,False,endpoint_missing
1,2018-01-23 09:42:00,2018-01-23 09:43:00,2,False,endpoint_missing
1,2018-01-23 09:43:00,2018-01-23 09:44:00,1,False,endpoint_missing
1,2018-01-23 10:16:00,2018-01-23 10:17:00,1,False,endpoint_missing
1,2018-01-23 10:17:00,2018-01-23 10:18:00,1,False,endpoint_missing
1,2018-01-23 11:12:00,2018-01-23 11:13:00,1,False,endpoint_missing
1,2018-01-23 11:13:00,2018-01-23 11:14:00,1,False,endpoint_missing
1,2018-01-23 11:15:00,2018-01-23 11:16:00,1,False,endpoint_missing
1,2018-01-23 11:16:00,2018-01-23 11:17:00,1,False,endpoint_missing
1,2018-01-23 11:29:00,2018-01-23 11:30:00,1,False,endpoint_missing
1,2018-01-24 11:26:00,2018-01-24 11:27:00,1,False,endpoint_missing
1,2018-01-24 11:27:00,2018-01-24 11:28:00,1,False,endpoint_missing
1,2018-01-24 13:00:00,2018-01-24 13:01:00,1,False,endpoint_missing
1,2018-01-25 14:19:00,2018-01-25 14:20:00,1,False,endpoint_missing
1,2018-01-25 14:20:00,2018-01-25 14:21:00,1,False,endpoint_missing
1,2018-01-25 14:22:00,2018-01-25 14:23:00,1,False,endpoint_missing
1,2018-01-25 14:23:00,2018-01-25 14:24:00,1,False,endpoint_missing
1,2018-01-25 14:28:00,2018-01-25 14:29:00,1,False,endpoint_missing
1,2018-01-25 14:29:00,2018-01-25 14:30:00,1,False,endpoint_missing
1,2018-01-26 14:10:00,2018-01-26 14:11:00,1,False,endpoint_missing
1,2018-01-26 14:11:00,2018-01-26 14:12:00,1,False,endpoint_missing
1,2018-01-26 14:25:00,2018-01-26 14:26:00,1,False,endpoint_missing
1,2018-01-26 14:26:00,2018-01-26 14:27:00,1,False,endpoint_missing
1,2018-01-26 14:29:00,2018-01-26 14:30:00,1,False,endpoint_missing
1,2018-01-31 14:17:00,2018-01-31 14:18:00,1,False,endpoint_missing
1,2018-01-31 14:18:00,2018-01-31 14:19:00,1,False,endpoint_missing
1,2018-01-31 14:24:00,2018-01-31 14:25:00,1,False,endpoint_missing
1,2018-01-31 14:25:00,2018-01-31 14:26:00,1,False,endpoint_missing
1,2018-01-31 14:29:00,2018-01-31 14:30:00,1,False,endpoint_missing
1,2018-02-01 14:04:00,2018-02-01 14:05:00,1,False,endpoint_missing
1,2018-02-01 14:05:00,2018-02-01 14:06:00,1,False,endpoint_missing
1,2018-02-01 14:07:00,2018-02-01 14:08:00,1,False,endpoint_missing
1,2018-02-01 14:08:00,2018-02-01 14:09:00,1,False,endpoint_missing
1,2018-02-01 14:15:00,2018-02-01 14:16:00,1,False,endpoint_missing
1,2018-02-01 14:16:00,2018-02-01 14:17:00,1,False,endpoint_missing
1,2018-02-01 14:23:00,2018-02-01 14:24:00,1,False,endpoint_missing
1,2018-02-01 14:24:00,2018-02-01 14:25:00,1,False,endpoint_missing
1,2018-02-01 14:28:00,2018-02-01 14:29:00,1,False,endpoint_missing
1,2018-02-01 14:29:00,2018-02-01 14:30:00,1,False,endpoint_missing
1,2018-02-02 14:08:00,2018-02-02 14:09:00,1,False,endpoint_missing
1,2018-02-02 14:09:00,2018-02-02 14:10:00,1,False,endpoint_missing
1,2018-02-02 14:20:00,2018-02-02 14:21:00,1,False,endpoint_missing
1,2018-02-02 14:21:00,2018-02-02 14:22:00,1,False,endpoint_missing
1,2018-02-02 14:25:00,2018-02-02 14:26:00,1,False,endpoint_missing
1,2018-02-02 14:26:00,2018-02-02 14:27:00,1,False,endpoint_missing
1,2018-02-05 14:05:00,2018-02-05 14:06:00,1,False,endpoint_missing
1,2018-02-05 14:06:00,2018-02-05 14:07:00,1,False,endpoint_missing
1,2018-02-05 14:18:00,2018-02-05 14:19:00,1,False,endpoint_missing
1,2018-02-05 14:19:00,2018-02-05 14:20:00,1,False,endpoint_missing
1,2018-02-05 14:24:00,2018-02-05 14:25:00,1,False,endpoint_missing
1,2018-02-05 14:25:00,2018-02-05 14:26:00,1,False,endpoint_missing
1,2018-02-05 14:28:00,2018-02-05 14:29:00,1,False,endpoint_missing
1,2018-02-05 14:29:00,2018-02-05 14:30:00,1,False,endpoint_missing
1,2018-02-06 13:41:00,2018-02-06 13:42:00,1,False,endpoint_missing
1,2018-02-06 13:42:00,2018-02-06 13:43:00,1,False,endpoint_missing
1,2018-02-06 13:43:00,2018-02-06 13:44:00,1,False,endpoint_missing
1,2018-02-06 13:44:00,2018-02-06 13:45:00,1,False,endpoint_missing
1,2018-02-06 13:46:00,2018-02-06 13:47:00,1,False,endpoint_missing
1,2018-02-06 13:47:00,2018-02-06 13:48:00,1,False,endpoint_missing
1,2018-02-06 13:51:00,2018-02-06 13:52:00,1,False,endpoint_missing
1,2018-02-06 13:52:00,2018-02-06 13:53:00,1,False,endpoint_missing
1,2018-02-06 13:55:00,2018-02-06 13:56:00,1,False,endpoint_missing
1,2018-02-06 13:56:00,2018-02-06 13:57:00,1,False,endpoint_missing
1,2018-02-06 14:00:00,2018-02-06 14:01:00,1,False,endpoint_missing
1,2018-02-06 14:01:00,2018-02-06 14:02:00,1,False,endpoint_missing
1,2018-02-06 14:03:00,2018-02-06 14:04:00,1,False,endpoint_missing
1,2018-02-06 14:04:00,2018-02-06 14:05:00,1,False,endpoint_missing
1,2018-02-06 14:06:00,2018-02-06 14:07:00,1,False,endpoint_missing
1,2018-02-06 14:07:00,2018-02-06 14:08:00,1,False,endpoint_missing
1,2018-02-06 14:08:00,2018-02-06 14:09:00,1,False,endpoint_missing
1,2018-02-06 14:09:00,2018-02-06 14:10:00,1,False,endpoint_missing
1,2018-02-06 14:11:00,2018-02-06 14:12:00,1,False,endpoint_missing
1,2018-02-06 14:12:00,2018-02-06 14:13:00,1,False,endpoint_missing
1,2018-02-06 14:14:00,2018-02-06 14:15:00,1,False,endpoint_missing
1,2018-02-06 14:15:00,2018-02-06 14:16:00,1,False,endpoint_missing
1,2018-02-06 14:16:00,2018-02-06 14:17:00,1,False,endpoint_missing
1,2018-02-06 14:17:00,2018-02-06 14:18:00,1,False,endpoint_missing
1,2018-02-06 14:19:00,2018-02-06 14:20:00,1,False,endpoint_missing
1,2018-02-06 14:20:00,2018-02-06 14:21:00,1,False,endpoint_missing
1,2018-02-06 14:21:00,2018-02-06 14:22:00,1,False,endpoint_missing
1,2018-02-06 14:22:00,2018-02-06 14:23:00,1,False,endpoint_missing
1,2018-02-06 14:23:00,2018-02-06 14:24:00,1,False,endpoint_missing
1,2018-02-06 14:24:00,2018-02-06 14:25:00,1,False,endpoint_missing
1,2018-02-06 14:25:00,2018-02-06 14:26:00,1,False,endpoint_missing
1,2018-02-06 14:26:00,2018-02-06 14:27:00,1,False,endpoint_missing
1,2018-02-06 14:27:00,2018-02-06 14:28:00,1,False,endpoint_missing
1,2018-02-06 14:28:00,2018-02-06 14:29:00,1,False,endpoint_missing
1,2018-02-06 14:29:00,2018-02-06 14:30:00,1,False,endpoint_missing
1,2018-02-07 13:37:00,2018-02-07 13:38:00,1,False,endpoint_missing
1,2018-02-07 13:38:00,2018-02-07 13:39:00,1,False,endpoint_missing
1,2018-02-07 13:47:00,2018-02-07 13:48:00,1,False,endpoint_missing
1,2018-02-07 13:48:00,2018-02-07 13:49:00,1,False,endpoint_missing
1,2018-02-07 13:51:00,2018-02-07 13:52:00,1,False,endpoint_missing
1,2018-02-07 13:52:00,2018-02-07 13:53:00,1,False,endpoint_missing
1,2018-02-07 13:56:00,2018-02-07 13:57:00,1,False,endpoint_missing
1,2018-02-07 13:57:00,2018-02-07 13:58:00,1,False,endpoint_missing
1,2018-02-07 13:59:00,2018-02-07 14:00:00,1,False,endpoint_missing
1,2018-02-07 14:00:00,2018-02-07 14:01:00,1,False,endpoint_missing
1,2018-02-07 14:03:00,2018-02-07 14:04:00,1,False,endpoint_missing
1,2018-02-07 14:04:00,2018-02-07 14:05:00,1,False,endpoint_missing
1,2018-02-07 14:07:00,2018-02-07 14:08:00,1,False,endpoint_missing
1,2018-02-07 14:08:00,2018-02-07 14:09:00,1,False,endpoint_missing
1,2018-02-07 14:10:00,2018-02-07 14:11:00,1,False,endpoint_missing
1,2018-02-07 14:11:00,2018-02-07 14:12:00,1,False,endpoint_missing
1,2018-02-07 14:12:00,2018-02-07 14:13:00,1,False,endpoint_missing
1,2018-02-07 14:13:00,2018-02-07 14:14:00,1,False,endpoint_missing
1,2018-02-07 14:16:00,2018-02-07 14:17:00,1,False,endpoint_missing
1,2018-02-07 14:17:00,2018-02-07 14:18:00,1,False,endpoint_missing
1,2018-02-07 14:18:00,2018-02-07 14:19:00,1,False,endpoint_missing
1,2018-02-07 14:19:00,2018-02-07 14:20:00,1,False,endpoint_missing
1,2018-02-07 14:21:00,2018-02-07 14:22:00,1,False,endpoint_missing
1,2018-02-07 14:22:00,2018-02-07 14:23:00,1,False,endpoint_missing
1,2018-02-07 14:23:00,2018-02-07 14:24:00,1,False,endpoint_missing
1,2018-02-07 14:24:00,2018-02-07 14:25:00,1,False,endpoint_missing
1,2018-02-07 14:26:00,2018-02-07 14:27:00,1,False,endpoint_missing
1,2018-02-07 14:27:00,2018-02-07 14:28:00,1,False,endpoint_missing
1,2018-02-07 14:28:00,2018-02-07 14:29:00,1,False,endpoint_missing
1,2018-02-07 14:29:00,2018-02-07 14:30:00,1,False,endpoint_missing
1,2018-02-08 14:01:00,2018-02-08 14:02:00,1,False,endpoint_missing
1,2018-02-08 14:02:00,2018-02-08 14:03:00,1,False,endpoint_missing
1,2018-02-08 14:10:00,2018-02-08 14:11:00,1,False,endpoint_missing
1,2018-02-08 14:11:00,2018-02-08 14:12:00,1,False,endpoint_missing
1,2018-02-08 14:17:00,2018-02-08 14:18:00,1,False,endpoint_missing
1,2018-02-08 14:18:00,2018-02-08 14:19:00,1,False,endpoint_missing
1,2018-02-08 14:22:00,2018-02-08 14:23:00,1,False,endpoint_missing
1,2018-02-08 14:23:00,2018-02-08 14:24:00,1,False,endpoint_missing
1,2018-02-08 14:26:00,2018-02-08 14:27:00,1,False,endpoint_missing
1,2018-02-08 14:27:00,2018-02-08 14:28:00,1,False,endpoint_missing
1,2018-02-09 13:17:00,2018-02-09 13:18:00,1,False,endpoint_missing
1,2018-02-09 13:18:00,2018-02-09 13:19:00,1,False,endpoint_missing
1,2018-02-09 13:22:00,2018-02-09 13:23:00,1,False,endpoint_missing
1,2018-02-09 13:23:00,2018-02-09 13:24:00,1,False,endpoint_missing
1,2018-02-09 13:27:00,2018-02-09 13:28:00,1,False,endpoint_missing
1,2018-02-09 13:28:00,2018-02-09 13:29:00,1,False,endpoint_missing
1,2018-02-09 13:36:00,2018-02-09 13:37:00,1,False,endpoint_missing
1,2018-02-09 13:37:00,2018-02-09 13:38:00,1,False,endpoint_missing
1,2018-02-09 13:41:00,2018-02-09 13:42:00,1,False,endpoint_missing
1,2018-02-09 13:42:00,2018-02-09 13:43:00,1,False,endpoint_missing
1,2018-02-09 13:46:00,2018-02-09 13:47:00,1,False,endpoint_missing
1,2018-02-09 13:47:00,2018-02-09 13:48:00,1,False,endpoint_missing
1,2018-02-09 13:50:00,2018-02-09 13:51:00,1,False,endpoint_missing
1,2018-02-09 13:51:00,2018-02-09 13:52:00,1,False,endpoint_missing
1,2018-02-09 13:54:00,2018-02-09 13:55:00,1,False,endpoint_missing
1,2018-02-09 13:55:00,2018-02-09 13:56:00,1,False,endpoint_missing
1,2018-02-09 13:57:00,2018-02-09 13:58:00,1,False,endpoint_missing
1,2018-02-09 13:58:00,2018-02-09 13:59:00,1,False,endpoint_missing
1,2018-02-09 14:00:00,2018-02-09 14:01:00,1,False,endpoint_missing
1,2018-02-09 14:01:00,2018-02-09 14:02:00,1,False,endpoint_missing
1,2018-02-09 14:03:00,2018-02-09 14:04:00,1,False,endpoint_missing
1,2018-02-09 14:04:00,2018-02-09 14:05:00,1,False,endpoint_missing
1,2018-02-09 14:05:00,2018-02-09 14:06:00,1,False,endpoint_missing
1,2018-02-09 14:06:00,2018-02-09 14:07:00,1,False,endpoint_missing
1,2018-02-09 14:07:00,2018-02-09 14:08:00,1,False,endpoint_missing
1,2018-02-09 14:08:00,2018-02-09 14:09:00,1,False,endpoint_missing
1,2018-02-09 14:09:00,2018-02-09 14:10:00,1,False,endpoint_missing
1,2018-02-09 14:10:00,2018-02-09 14:11:00,1,False,endpoint_missing
1,2018-02-09 14:12:00,2018-02-09 14:13:00,1,False,endpoint_missing
1,2018-02-09 14:13:00,2018-02-09 14:14:00,1,False,endpoint_missing
1,2018-02-09 14:15:00,2018-02-09 14:16:00,1,False,endpoint_missing
1,2018-02-09 14:16:00,2018-02-09 14:17:00,1,False,endpoint_missing
1,2018-02-09 14:17:00,2018-02-09 14:18:00,1,False,endpoint_missing
1,2018-02-09 14:18:00,2018-02-09 14:19:00,1,False,endpoint_missing
1,2018-02-09 14:19:00,2018-02-09 14:20:00,1,False,endpoint_missing
1,2018-02-09 14:20:00,2018-02-09 14:21:00,1,False,endpoint_missing
1,2018-02-09 14:22:00,2018-02-09 14:23:00,1,False,endpoint_missing
1,2018-02-09 14:23:00,2018-02-09 14:24:00,1,False,endpoint_missing
1,2018-02-09 14:24:00,2018-02-09 14:25:00,1,False,endpoint_missing
1,2018-02-09 14:25:00,2018-02-09 14:26:00,1,False,endpoint_missing
1,2018-02-09 14:26:00,2018-02-09 14:27:00,1,False,endpoint_missing
1,2018-02-09 14:27:00,2018-02-09 14:28:00,1,False,endpoint_missing
1,2018-02-09 14:28:00,2018-02-09 14:29:00,1,False,endpoint_missing
1,2018-02-09 14:29:00,2018-02-09 14:30:00,1,False,endpoint_missing
1,2018-02-13 10:00:00,2018-02-13 10:01:00,1,False,endpoint_missing
1,2018-02-13 10:01:00,2018-02-13 10:02:00,1,False,endpoint_missing
1,2018-02-13 11:22:00,2018-02-13 11:23:00,1,False,endpoint_missing
1,2018-02-13 11:23:00,2018-02-13 11:24:00,1,False,endpoint_missing
1,2018-02-13 11:29:00,2018-02-13 11:30:00,1,False,endpoint_missing
1,2018-02-13 13:32:00,2018-02-13 13:33:00,1,False,endpoint_missing
1,2018-02-13 13:33:00,2018-02-13 13:34:00,1,False,endpoint_missing
1,2018-02-13 13:38:00,2018-02-13 13:39:00,1,False,endpoint_missing
1,2018-02-13 13:39:00,2018-02-13 13:40:00,1,False,endpoint_missing
1,2018-02-13 13:50:00,2018-02-13 13:51:00,1,False,endpoint_missing
1,2018-02-13 13:51:00,2018-02-13 13:52:00,1,False,endpoint_missing
1,2018-02-13 13:57:00,2018-02-13 13:58:00,1,False,endpoint_missing
1,2018-02-13 13:58:00,2018-02-13 13:59:00,1,False,endpoint_missing
1,2018-02-13 13:59:00,2018-02-13 14:00:00,1,False,endpoint_missing
1,2018-02-13 14:00:00,2018-02-13 14:01:00,1,False,endpoint_missing
1,2018-02-13 14:08:00,2018-02-13 14:09:00,1,False,endpoint_missing
1,2018-02-13 14:09:00,2018-02-13 14:10:00,1,False,endpoint_missing
1,2018-02-13 14:14:00,2018-02-13 14:15:00,1,False,endpoint_missing
1,2018-02-13 14:15:00,2018-02-13 14:16:00,1,False,endpoint_missing
1,2018-02-13 14:17:00,2018-02-13 14:18:00,1,False,endpoint_missing
1,2018-02-13 14:18:00,2018-02-13 14:19:00,1,False,endpoint_missing
1,2018-02-13 14:20:00,2018-02-13 14:21:00,1,False,endpoint_missing
1,2018-02-13 14:21:00,2018-02-13 14:22:00,1,False,endpoint_missing
1,2018-02-13 14:23:00,2018-02-13 14:24:00,1,False,endpoint_missing
1,2018-02-13 14:24:00,2018-02-13 14:25:00,1,False,endpoint_missing
1,2018-02-13 14:26:00,2018-02-13 14:27:00,1,False,endpoint_missing
1,2018-02-13 14:27:00,2018-02-13 14:28:00,1,False,endpoint_missing
1,2018-02-13 14:29:00,2018-02-13 14:30:00,1,False,endpoint_missing
1,2018-02-22 13:25:00,2018-02-22 13:26:00,1,False,endpoint_missing
1,2018-02-22 13:26:00,2018-02-22 13:27:00,1,False,endpoint_missing
1,2018-02-22 13:35:00,2018-02-22 13:36:00,1,False,endpoint_missing
1,2018-02-22 13:36:00,2018-02-22 13:37:00,1,False,endpoint_missing
1,2018-02-22 13:38:00,2018-02-22 13:39:00,1,False,endpoint_missing
1,2018-02-22 13:39:00,2018-02-22 13:40:00,1,False,endpoint_missing
1,2018-02-22 13:46:00,2018-02-22 13:47:00,1,False,endpoint_missing
1,2018-02-22 13:47:00,2018-02-22 13:48:00,1,False,endpoint_missing
1,2018-02-22 13:55:00,2018-02-22 13:56:00,1,False,endpoint_missing
1,2018-02-22 13:56:00,2018-02-22 13:57:00,1,False,endpoint_missing
1,2018-02-22 14:00:00,2018-02-22 14:01:00,1,False,endpoint_missing
1,2018-02-22 14:01:00,2018-02-22 14:02:00,1,False,endpoint_missing
1,2018-02-22 14:03:00,2018-02-22 14:04:00,1,False,endpoint_missing
1,2018-02-22 14:04:00,2018-02-22 14:05:00,1,False,endpoint_missing
1,2018-02-22 14:07:00,2018-02-22 14:08:00,1,False,endpoint_missing
1,2018-02-22 14:08:00,2018-02-22 14:09:00,1,False,endpoint_missing
1,2018-02-22 14:10:00,2018-02-22 14:11:00,1,False,endpoint_missing
1,2018-02-22 14:11:00,2018-02-22 14:12:00,1,False,endpoint_missing
1,2018-02-22 14:12:00,2018-02-22 14:13:00,1,False,endpoint_missing
1,2018-02-22 14:13:00,2018-02-22 14:14:00,1,False,endpoint_missing
1,2018-02-22 14:15:00,2018-02-22 14:16:00,1,False,endpoint_missing
1,2018-02-22 14:16:00,2018-02-22 14:17:00,1,False,endpoint_missing
1,2018-02-22 14:17:00,2018-02-22 14:18:00,1,False,endpoint_missing
1,2018-02-22 14:18:00,2018-02-22 14:19:00,1,False,endpoint_missing
1,2018-02-22 14:21:00,2018-02-22 14:22:00,1,False,endpoint_missing
1,2018-02-22 14:22:00,2018-02-22 14:23:00,1,False,endpoint_missing
1,2018-02-22 14:24:00,2018-02-22 14:25:00,1,False,endpoint_missing
1,2018-02-22 14:25:00,2018-02-22 14:26:00,2,False,endpoint_missing
1,2018-02-22 14:26:00,2018-02-22 14:27:00,1,False,endpoint_missing
1,2018-02-22 14:28:00,2018-02-22 14:29:00,1,False,endpoint_missing
1,2018-02-22 14:29:00,2018-02-22 14:30:00,1,False,endpoint_missing
1,2018-02-23 13:08:00,2018-02-23 13:09:00,1,False,endpoint_missing
1,2018-02-23 13:09:00,2018-02-23 13:10:00,1,False,endpoint_missing
1,2018-02-23 13:19:00,2018-02-23 13:20:00,1,False,endpoint_missing
1,2018-02-23 13:20:00,2018-02-23 13:21:00,1,False,endpoint_missing
1,2018-02-23 13:48:00,2018-02-23 13:49:00,1,False,endpoint_missing
1,2018-02-23 13:49:00,2018-02-23 13:50:00,1,False,endpoint_missing
1,2018-02-23 13:52:00,2018-02-23 13:53:00,1,False,endpoint_missing
1,2018-02-23 13:53:00,2018-02-23 13:54:00,1,False,endpoint_missing
1,2018-02-23 13:58:00,2018-02-23 13:59:00,1,False,endpoint_missing
1,2018-02-23 13:59:00,2018-02-23 14:00:00,1,False,endpoint_missing
1,2018-02-23 14:02:00,2018-02-23 14:03:00,1,False,endpoint_missing
1,2018-02-23 14:03:00,2018-02-23 14:04:00,1,False,endpoint_missing
1,2018-02-23 14:06:00,2018-02-23 14:07:00,1,False,endpoint_missing
1,2018-02-23 14:07:00,2018-02-23 14:08:00,1,False,endpoint_missing
1,2018-02-23 14:09:00,2018-02-23 14:10:00,1,False,endpoint_missing
1,2018-02-23 14:10:00,2018-02-23 14:11:00,1,False,endpoint_missing
1,2018-02-23 14:13:00,2018-02-23 14:14:00,1,False,endpoint_missing
1,2018-02-23 14:14:00,2018-02-23 14:15:00,1,False,endpoint_missing
1,2018-02-23 14:16:00,2018-02-23 14:17:00,1,False,endpoint_missing
1,2018-02-23 14:17:00,2018-02-23 14:18:00,1,False,endpoint_missing
1,2018-02-23 14:20:00,2018-02-23 14:21:00,1,False,endpoint_missing
1,2018-02-23 14:21:00,2018-02-23 14:22:00,1,False,endpoint_missing
1,2018-02-23 14:22:00,2018-02-23 14:23:00,1,False,endpoint_missing
1,2018-02-23 14:23:00,2018-02-23 14:24:00,1,False,endpoint_missing
1,2018-02-23 14:24:00,2018-02-23 14:25:00,1,False,endpoint_missing
1,2018-02-23 14:25:00,2018-02-23 14:26:00,1,False,endpoint_missing
1,2018-02-23 14:27:00,2018-02-23 14:28:00,1,False,endpoint_missing
1,2018-02-23 14:28:00,2018-02-23 14:29:00,1,False,endpoint_missing
1,2018-02-23 14:29:00,2018-02-23 14:30:00,1,False,endpoint_missing
1,2018-02-26 13:55:00,2018-02-26 13:56:00,1,False,endpoint_missing
1,2018-02-26 13:56:00,2018-02-26 13:57:00,1,False,endpoint_missing
1,2018-02-26 14:05:00,2018-02-26 14:06:00,1,False,endpoint_missing
1,2018-02-26 14:06:00,2018-02-26 14:07:00,1,False,endpoint_missing
1,2018-02-26 14:14:00,2018-02-26 14:15:00,1,False,endpoint_missing
1,2018-02-26 14:15:00,2018-02-26 14:16:00,1,False,endpoint_missing
1,2018-02-26 14:19:00,2018-02-26 14:20:00,1,False,endpoint_missing
1,2018-02-26 14:20:00,2018-02-26 14:21:00,1,False,endpoint_missing
1,2018-02-26 14:22:00,2018-02-26 14:23:00,1,False,endpoint_missing
1,2018-02-26 14:23:00,2018-02-26 14:24:00,1,False,endpoint_missing
1,2018-02-26 14:24:00,2018-02-26 14:25:00,1,False,endpoint_missing
1,2018-02-26 14:25:00,2018-02-26 14:26:00,1,False,endpoint_missing
1,2018-02-26 14:27:00,2018-02-26 14:28:00,1,False,endpoint_missing
1,2018-02-26 14:28:00,2018-02-26 14:29:00,1,False,endpoint_missing
1,2018-02-27 13:00:00,2018-02-27 13:01:00,1,False,endpoint_missing
1,2018-02-27 13:02:00,2018-02-27 13:03:00,1,False,endpoint_missing
1,2018-02-27 13:03:00,2018-02-27 13:04:00,1,False,endpoint_missing
1,2018-02-27 13:09:00,2018-02-27 13:10:00,1,False,endpoint_missing
1,2018-02-27 13:10:00,2018-02-27 13:11:00,1,False,endpoint_missing
1,2018-02-27 13:11:00,2018-02-27 13:12:00,1,False,endpoint_missing
1,2018-02-27 13:12:00,2018-02-27 13:13:00,1,False,endpoint_missing
1,2018-02-27 13:14:00,2018-02-27 13:15:00,1,False,endpoint_missing
1,2018-02-27 13:15:00,2018-02-27 13:16:00,1,False,endpoint_missing
1,2018-02-27 13:19:00,2018-02-27 13:20:00,1,False,endpoint_missing
1,2018-02-27 13:20:00,2018-02-27 13:21:00,1,False,endpoint_missing
1,2018-02-27 13:21:00,2018-02-27 13:22:00,1,False,endpoint_missing
1,2018-02-27 13:22:00,2018-02-27 13:23:00,1,False,endpoint_missing
1,2018-02-27 13:25:00,2018-02-27 13:26:00,1,False,endpoint_missing
1,2018-02-27 13:26:00,2018-02-27 13:27:00,1,False,endpoint_missing
1,2018-02-27 13:29:00,2018-02-27 13:30:00,1,False,endpoint_missing
1,2018-02-27 13:30:00,2018-02-27 13:31:00,1,False,endpoint_missing
1,2018-02-27 13:31:00,2018-02-27 13:32:00,1,False,endpoint_missing
1,2018-02-27 13:32:00,2018-02-27 13:33:00,1,False,endpoint_missing
1,2018-02-27 13:34:00,2018-02-27 13:35:00,1,False,endpoint_missing
1,2018-02-27 13:35:00,2018-02-27 13:36:00,1,False,endpoint_missing
1,2018-02-27 13:37:00,2018-02-27 13:38:00,1,False,endpoint_missing
1,2018-02-27 13:38:00,2018-02-27 13:39:00,1,False,endpoint_missing
1,2018-02-27 13:39:00,2018-02-27 13:40:00,1,False,endpoint_missing
1,2018-02-27 13:40:00,2018-02-27 13:41:00,1,False,endpoint_missing
1,2018-02-27 13:41:00,2018-02-27 13:42:00,1,False,endpoint_missing
1,2018-02-27 13:42:00,2018-02-27 13:43:00,1,False,endpoint_missing
1,2018-02-27 13:44:00,2018-02-27 13:45:00,1,False,endpoint_missing
1,2018-02-27 13:45:00,2018-02-27 13:46:00,1,False,endpoint_missing
1,2018-02-27 13:46:00,2018-02-27 13:47:00,1,False,endpoint_missing
1,2018-02-27 13:47:00,2018-02-27 13:48:00,1,False,endpoint_missing
1,2018-02-27 13:48:00,2018-02-27 13:49:00,1,False,endpoint_missing
1,2018-02-27 13:49:00,2018-02-27 13:50:00,1,False,endpoint_missing
1,2018-02-27 13:51:00,2018-02-27 13:52:00,1,False,endpoint_missing
1,2018-02-27 13:52:00,2018-02-27 13:53:00,1,False,endpoint_missing
1,2018-02-27 13:53:00,2018-02-27 13:54:00,1,False,endpoint_missing
1,2018-02-27 13:54:00,2018-02-27 13:55:00,1,False,endpoint_missing
1,2018-02-27 13:55:00,2018-02-27 13:56:00,1,False,endpoint_missing
1,2018-02-27 13:56:00,2018-02-27 13:57:00,1,False,endpoint_missing
1,2018-02-27 13:57:00,2018-02-27 13:58:00,1,False,endpoint_missing
1,2018-02-27 13:58:00,2018-02-27 13:59:00,1,False,endpoint_missing
1,2018-02-27 13:59:00,2018-02-27 14:00:00,1,False,endpoint_missing
1,2018-02-27 14:00:00,2018-02-27 14:01:00,1,False,endpoint_missing
1,2018-02-27 14:01:00,2018-02-27 14:02:00,1,False,endpoint_missing
1,2018-02-27 14:02:00,2018-02-27 14:03:00,1,False,endpoint_missing
1,2018-02-27 14:04:00,2018-02-27 14:05:00,1,False,endpoint_missing
1,2018-02-27 14:05:00,2018-02-27 14:06:00,1,False,endpoint_missing
1,2018-02-27 14:06:00,2018-02-27 14:07:00,1,False,endpoint_missing
1,2018-02-27 14:07:00,2018-02-27 14:08:00,1,False,endpoint_missing
1,2018-02-27 14:08:00,2018-02-27 14:09:00,1,False,endpoint_missing
1,2018-02-27 14:09:00,2018-02-27 14:10:00,1,False,endpoint_missing
1,2018-02-27 14:10:00,2018-02-27 14:11:00,1,False,endpoint_missing
1,2018-02-27 14:11:00,2018-02-27 14:12:00,2,False,endpoint_missing
1,2018-02-27 14:12:00,2018-02-27 14:13:00,1,False,endpoint_missing
1,2018-02-27 14:13:00,2018-02-27 14:14:00,1,False,endpoint_missing
1,2018-02-27 14:14:00,2018-02-27 14:15:00,1,False,endpoint_missing
1,2018-02-27 14:15:00,2018-02-27 14:16:00,1,False,endpoint_missing
1,2018-02-27 14:16:00,2018-02-27 14:17:00,2,False,endpoint_missing
1,2018-02-27 14:17:00,2018-02-27 14:18:00,1,False,endpoint_missing
1,2018-02-27 14:18:00,2018-02-27 14:19:00,1,False,endpoint_missing
1,2018-02-27 14:19:00,2018-02-27 14:20:00,1,False,endpoint_missing
1,2018-02-27 14:20:00,2018-02-27 14:21:00,1,False,endpoint_missing
1,2018-02-27 14:21:00,2018-02-27 14:22:00,1,False,endpoint_missing
1,2018-02-27 14:22:00,2018-02-27 14:23:00,1,False,endpoint_missing
1,2018-02-27 14:23:00,2018-02-27 14:24:00,2,False,endpoint_missing
1,2018-02-27 14:24:00,2018-02-27 14:25:00,1,False,endpoint_missing
1,2018-02-27 14:25:00,2018-02-27 14:26:00,1,False,endpoint_missing
1,2018-02-27 14:26:00,2018-02-27 14:27:00,2,False,endpoint_missing
1,2018-02-27 14:27:00,2018-02-27 14:28:00,1,False,endpoint_missing
1,2018-02-27 14:28:00,2018-02-27 14:29:00,1,False,endpoint_missing
1,2018-02-27 14:29:00,2018-02-27 14:30:00,1,False,endpoint_missing
1,2018-02-28 13:21:00,2018-02-28 13:22:00,1,False,endpoint_missing
1,2018-02-28 13:22:00,2018-02-28 13:23:00,1,False,endpoint_missing
1,2018-02-28 13:26:00,2018-02-28 13:27:00,1,False,endpoint_missing
1,2018-02-28 13:27:00,2018-02-28 13:28:00,1,False,endpoint_missing
1,2018-02-28 13:30:00,2018-02-28 13:31:00,1,False,endpoint_missing
1,2018-02-28 13:31:00,2018-02-28 13:32:00,1,False,endpoint_missing
1,2018-02-28 13:35:00,2018-02-28 13:36:00,1,False,endpoint_missing
1,2018-02-28 13:36:00,2018-02-28 13:37:00,1,False,endpoint_missing
1,2018-02-28 13:39:00,2018-02-28 13:40:00,1,False,endpoint_missing
1,2018-02-28 13:40:00,2018-02-28 13:41:00,1,False,endpoint_missing
1,2018-02-28 13:43:00,2018-02-28 13:44:00,1,False,endpoint_missing
1,2018-02-28 13:44:00,2018-02-28 13:45:00,1,False,endpoint_missing
1,2018-02-28 13:47:00,2018-02-28 13:48:00,1,False,endpoint_missing
1,2018-02-28 13:48:00,2018-02-28 13:49:00,1,False,endpoint_missing
1,2018-02-28 13:51:00,2018-02-28 13:52:00,1,False,endpoint_missing
1,2018-02-28 13:52:00,2018-02-28 13:53:00,1,False,endpoint_missing
1,2018-02-28 13:54:00,2018-02-28 13:55:00,1,False,endpoint_missing
1,2018-02-28 13:55:00,2018-02-28 13:56:00,1,False,endpoint_missing
1,2018-02-28 13:58:00,2018-02-28 13:59:00,1,False,endpoint_missing
1,2018-02-28 13:59:00,2018-02-28 14:00:00,1,False,endpoint_missing
1,2018-02-28 14:00:00,2018-02-28 14:01:00,1,False,endpoint_missing
1,2018-02-28 14:01:00,2018-02-28 14:02:00,1,False,endpoint_missing
1,2018-02-28 14:02:00,2018-02-28 14:03:00,1,False,endpoint_missing
1,2018-02-28 14:03:00,2018-02-28 14:04:00,1,False,endpoint_missing
1,2018-02-28 14:04:00,2018-02-28 14:05:00,1,False,endpoint_missing
1,2018-02-28 14:05:00,2018-02-28 14:06:00,1,False,endpoint_missing
1,2018-02-28 14:07:00,2018-02-28 14:08:00,1,False,endpoint_missing
1,2018-02-28 14:08:00,2018-02-28 14:09:00,1,False,endpoint_missing
1,2018-02-28 14:10:00,2018-02-28 14:11:00,1,False,endpoint_missing
1,2018-02-28 14:11:00,2018-02-28 14:12:00,1,False,endpoint_missing
1,2018-02-28 14:12:00,2018-02-28 14:13:00,1,False,endpoint_missing
1,2018-02-28 14:13:00,2018-02-28 14:14:00,1,False,endpoint_missing
1,2018-02-28 14:15:00,2018-02-28 14:16:00,1,False,endpoint_missing
1,2018-02-28 14:16:00,2018-02-28 14:17:00,1,False,endpoint_missing
1,2018-02-28 14:17:00,2018-02-28 14:18:00,1,False,endpoint_missing
1,2018-02-28 14:18:00,2018-02-28 14:19:00,1,False,endpoint_missing
1,2018-02-28 14:19:00,2018-02-28 14:20:00,1,False,endpoint_missing
1,2018-02-28 14:20:00,2018-02-28 14:21:00,1,False,endpoint_missing
1,2018-02-28 14:22:00,2018-02-28 14:23:00,1,False,endpoint_missing
1,2018-02-28 14:23:00,2018-02-28 14:24:00,1,False,endpoint_missing
1,2018-02-28 14:24:00,2018-02-28 14:25:00,1,False,endpoint_missing
1,2018-02-28 14:25:00,2018-02-28 14:26:00,1,False,endpoint_missing
1,2018-02-28 14:26:00,2018-02-28 14:27:00,1,False,endpoint_missing
1,2018-02-28 14:27:00,2018-02-28 14:28:00,1,False,endpoint_missing
1,2018-02-28 14:28:00,2018-02-28 14:29:00,1,False,endpoint_missing
1,2018-02-28 14:29:00,2018-02-28 14:30:00,2,False,endpoint_missing
1,2018-03-01 11:25:00,2018-03-01 11:26:00,1,False,endpoint_missing
1,2018-03-01 11:26:00,2018-03-01 11:27:00,1,False,endpoint_missing
1,2018-03-01 13:12:00,2018-03-01 13:13:00,1,False,endpoint_missing
1,2018-03-01 13:13:00,2018-03-01 13:14:00,1,False,endpoint_missing
1,2018-03-01 13:15:00,2018-03-01 13:16:00,1,False,endpoint_missing
1,2018-03-01 13:16:00,2018-03-01 13:17:00,1,False,endpoint_missing
1,2018-03-01 13:18:00,2018-03-01 13:19:00,1,False,endpoint_missing
1,2018-03-01 13:19:00,2018-03-01 13:20:00,1,False,endpoint_missing
1,2018-03-01 13:25:00,2018-03-01 13:26:00,1,False,endpoint_missing
1,2018-03-01 13:26:00,2018-03-01 13:27:00,1,False,endpoint_missing
1,2018-03-01 13:30:00,2018-03-01 13:31:00,1,False,endpoint_missing
1,2018-03-01 13:31:00,2018-03-01 13:32:00,1,False,endpoint_missing
1,2018-03-01 13:36:00,2018-03-01 13:37:00,1,False,endpoint_missing
1,2018-03-01 13:37:00,2018-03-01 13:38:00,1,False,endpoint_missing
1,2018-03-01 13:39:00,2018-03-01 13:40:00,1,False,endpoint_missing
1,2018-03-01 13:40:00,2018-03-01 13:41:00,1,False,endpoint_missing
1,2018-03-01 13:42:00,2018-03-01 13:43:00,1,False,endpoint_missing
1,2018-03-01 13:43:00,2018-03-01 13:44:00,1,False,endpoint_missing
1,2018-03-01 13:46:00,2018-03-01 13:47:00,1,False,endpoint_missing
1,2018-03-01 13:47:00,2018-03-01 13:48:00,1,False,endpoint_missing
1,2018-03-01 13:49:00,2018-03-01 13:50:00,1,False,endpoint_missing
1,2018-03-01 13:50:00,2018-03-01 13:51:00,1,False,endpoint_missing
1,2018-03-01 13:52:00,2018-03-01 13:53:00,1,False,endpoint_missing
1,2018-03-01 13:53:00,2018-03-01 13:54:00,1,False,endpoint_missing
1,2018-03-01 13:55:00,2018-03-01 13:56:00,1,False,endpoint_missing
1,2018-03-01 13:56:00,2018-03-01 13:57:00,1,False,endpoint_missing
1,2018-03-01 13:58:00,2018-03-01 13:59:00,1,False,endpoint_missing
1,2018-03-01 13:59:00,2018-03-01 14:00:00,1,False,endpoint_missing
1,2018-03-01 14:00:00,2018-03-01 14:01:00,1,False,endpoint_missing
1,2018-03-01 14:01:00,2018-03-01 14:02:00,1,False,endpoint_missing
1,2018-03-01 14:03:00,2018-03-01 14:04:00,1,False,endpoint_missing
1,2018-03-01 14:04:00,2018-03-01 14:05:00,1,False,endpoint_missing
1,2018-03-01 14:05:00,2018-03-01 14:06:00,1,False,endpoint_missing
1,2018-03-01 14:06:00,2018-03-01 14:07:00,1,False,endpoint_missing
1,2018-03-01 14:07:00,2018-03-01 14:08:00,1,False,endpoint_missing
1,2018-03-01 14:08:00,2018-03-01 14:09:00,1,False,endpoint_missing
1,2018-03-01 14:09:00,2018-03-01 14:10:00,1,False,endpoint_missing
1,2018-03-01 14:10:00,2018-03-01 14:11:00,1,False,endpoint_missing
1,2018-03-01 14:12:00,2018-03-01 14:13:00,1,False,endpoint_missing
1,2018-03-01 14:13:00,2018-03-01 14:14:00,1,False,endpoint_missing
1,2018-03-01 14:14:00,2018-03-01 14:15:00,1,False,endpoint_missing
1,2018-03-01 14:15:00,2018-03-01 14:16:00,1,False,endpoint_missing
1,2018-03-01 14:16:00,2018-03-01 14:17:00,1,False,endpoint_missing
1,2018-03-01 14:17:00,2018-03-01 14:18:00,1,False,endpoint_missing
1,2018-03-01 14:18:00,2018-03-01 14:19:00,1,False,endpoint_missing
1,2018-03-01 14:19:00,2018-03-01 14:20:00,1,False,endpoint_missing
1,2018-03-01 14:20:00,2018-03-01 14:21:00,1,False,endpoint_missing
1,2018-03-01 14:21:00,2018-03-01 14:22:00,1,False,endpoint_missing
1,2018-03-01 14:22:00,2018-03-01 14:23:00,1,False,endpoint_missing
1,2018-03-01 14:23:00,2018-03-01 14:24:00,1,False,endpoint_missing
1,2018-03-01 14:24:00,2018-03-01 14:25:00,1,False,endpoint_missing
1,2018-03-01 14:25:00,2018-03-01 14:26:00,1,False,endpoint_missing
1,2018-03-01 14:26:00,2018-03-01 14:27:00,1,False,endpoint_missing
1,2018-03-01 14:27:00,2018-03-01 14:28:00,1,False,endpoint_missing
1,2018-03-01 14:28:00,2018-03-01 14:29:00,1,False,endpoint_missing
1,2018-03-01 14:29:00,2018-03-01 14:30:00,2,False,endpoint_missing
1,2018-03-02 13:04:00,2018-03-02 13:05:00,1,False,endpoint_missing
1,2018-03-02 13:05:00,2018-03-02 13:06:00,1,False,endpoint_missing
1,2018-03-02 13:22:00,2018-03-02 13:23:00,1,False,endpoint_missing
1,2018-03-02 13:23:00,2018-03-02 13:24:00,1,False,endpoint_missing
1,2018-03-02 13:29:00,2018-03-02 13:30:00,1,False,endpoint_missing
1,2018-03-02 13:30:00,2018-03-02 13:31:00,1,False,endpoint_missing
1,2018-03-02 13:33:00,2018-03-02 13:34:00,1,False,endpoint_missing
1,2018-03-02 13:34:00,2018-03-02 13:35:00,1,False,endpoint_missing
1,2018-03-02 13:39:00,2018-03-02 13:40:00,1,False,endpoint_missing
1,2018-03-02 13:40:00,2018-03-02 13:41:00,1,False,endpoint_missing
1,2018-03-02 13:42:00,2018-03-02 13:43:00,1,False,endpoint_missing
1,2018-03-02 13:43:00,2018-03-02 13:44:00,1,False,endpoint_missing
1,2018-03-02 13:47:00,2018-03-02 13:48:00,1,False,endpoint_missing
1,2018-03-02 13:48:00,2018-03-02 13:49:00,1,False,endpoint_missing
1,2018-03-02 13:51:00,2018-03-02 13:52:00,1,False,endpoint_missing
1,2018-03-02 13:52:00,2018-03-02 13:53:00,1,False,endpoint_missing
1,2018-03-02 13:54:00,2018-03-02 13:55:00,1,False,endpoint_missing
1,2018-03-02 13:55:00,2018-03-02 13:56:00,1,False,endpoint_missing
1,2018-03-02 13:57:00,2018-03-02 13:58:00,1,False,endpoint_missing
1,2018-03-02 13:58:00,2018-03-02 13:59:00,1,False,endpoint_missing
1,2018-03-02 13:59:00,2018-03-02 14:00:00,1,False,endpoint_missing
1,2018-03-02 14:00:00,2018-03-02 14:01:00,1,False,endpoint_missing
1,2018-03-02 14:02:00,2018-03-02 14:03:00,1,False,endpoint_missing
1,2018-03-02 14:03:00,2018-03-02 14:04:00,1,False,endpoint_missing
1,2018-03-02 14:04:00,2018-03-02 14:05:00,1,False,endpoint_missing
1,2018-03-02 14:05:00,2018-03-02 14:06:00,1,False,endpoint_missing
1,2018-03-02 14:08:00,2018-03-02 14:09:00,1,False,endpoint_missing
1,2018-03-02 14:09:00,2018-03-02 14:10:00,1,False,endpoint_missing
1,2018-03-02 14:10:00,2018-03-02 14:11:00,1,False,endpoint_missing
1,2018-03-02 14:11:00,2018-03-02 14:12:00,1,False,endpoint_missing
1,2018-03-02 14:12:00,2018-03-02 14:13:00,1,False,endpoint_missing
1,2018-03-02 14:13:00,2018-03-02 14:14:00,1,False,endpoint_missing
1,2018-03-02 14:14:00,2018-03-02 14:15:00,1,False,endpoint_missing
1,2018-03-02 14:15:00,2018-03-02 14:16:00,1,False,endpoint_missing
1,2018-03-02 14:17:00,2018-03-02 14:18:00,1,False,endpoint_missing
1,2018-03-02 14:18:00,2018-03-02 14:19:00,1,False,endpoint_missing
1,2018-03-02 14:19:00,2018-03-02 14:20:00,1,False,endpoint_missing
1,2018-03-02 14:20:00,2018-03-02 14:21:00,1,False,endpoint_missing
1,2018-03-02 14:21:00,2018-03-02 14:22:00,1,False,endpoint_missing
1,2018-03-02 14:22:00,2018-03-02 14:23:00,1,False,endpoint_missing
1,2018-03-02 14:23:00,2018-03-02 14:24:00,1,False,endpoint_missing
1,2018-03-02 14:24:00,2018-03-02 14:25:00,1,False,endpoint_missing
1,2018-03-02 14:25:00,2018-03-02 14:26:00,1,False,endpoint_missing
1,2018-03-02 14:26:00,2018-03-02 14:27:00,1,False,endpoint_missing
1,2018-03-02 14:28:00,2018-03-02 14:29:00,1,False,endpoint_missing
1,2018-03-02 14:29:00,2018-03-02 14:30:00,2,False,endpoint_missing
1,2018-03-05 13:53:00,2018-03-05 13:54:00,1,False,endpoint_missing
1,2018-03-05 13:54:00,2018-03-05 13:55:00,1,False,endpoint_missing
1,2018-03-05 13:57:00,2018-03-05 13:58:00,1,False,endpoint_missing
1,2018-03-05 13:58:00,2018-03-05 13:59:00,1,False,endpoint_missing
1,2018-03-05 14:03:00,2018-03-05 14:04:00,1,False,endpoint_missing
1,2018-03-05 14:04:00,2018-03-05 14:05:00,1,False,endpoint_missing
1,2018-03-05 14:07:00,2018-03-05 14:08:00,1,False,endpoint_missing
1,2018-03-05 14:08:00,2018-03-05 14:09:00,1,False,endpoint_missing
1,2018-03-05 14:11:00,2018-03-05 14:12:00,1,False,endpoint_missing
1,2018-03-05 14:12:00,2018-03-05 14:13:00,1,False,endpoint_missing
1,2018-03-05 14:16:00,2018-03-05 14:17:00,1,False,endpoint_missing
1,2018-03-05 14:17:00,2018-03-05 14:18:00,1,False,endpoint_missing
1,2018-03-05 14:20:00,2018-03-05 14:21:00,1,False,endpoint_missing
1,2018-03-05 14:21:00,2018-03-05 14:22:00,1,False,endpoint_missing
1,2018-03-05 14:24:00,2018-03-05 14:25:00,1,False,endpoint_missing
1,2018-03-05 14:25:00,2018-03-05 14:26:00,1,False,endpoint_missing
1,2018-03-05 14:26:00,2018-03-05 14:27:00,1,False,endpoint_missing
1,2018-03-05 14:27:00,2018-03-05 14:28:00,1,False,endpoint_missing
1,2018-03-05 14:29:00,2018-03-05 14:30:00,1,False,endpoint_missing
1,2018-03-06 13:32:00,2018-03-06 13:33:00,1,False,endpoint_missing
1,2018-03-06 13:33:00,2018-03-06 13:34:00,1,False,endpoint_missing
1,2018-03-06 13:37:00,2018-03-06 13:38:00,1,False,endpoint_missing
1,2018-03-06 13:38:00,2018-03-06 13:39:00,1,False,endpoint_missing
1,2018-03-06 13:42:00,2018-03-06 13:43:00,1,False,endpoint_missing
1,2018-03-06 13:43:00,2018-03-06 13:44:00,1,False,endpoint_missing
1,2018-03-06 13:46:00,2018-03-06 13:47:00,1,False,endpoint_missing
1,2018-03-06 13:47:00,2018-03-06 13:48:00,1,False,endpoint_missing
1,2018-03-06 13:51:00,2018-03-06 13:52:00,1,False,endpoint_missing
1,2018-03-06 13:52:00,2018-03-06 13:53:00,1,False,endpoint_missing
1,2018-03-06 13:54:00,2018-03-06 13:55:00,1,False,endpoint_missing
1,2018-03-06 13:55:00,2018-03-06 13:56:00,1,False,endpoint_missing
1,2018-03-06 13:57:00,2018-03-06 13:58:00,1,False,endpoint_missing
1,2018-03-06 13:58:00,2018-03-06 13:59:00,1,False,endpoint_missing
1,2018-03-06 13:59:00,2018-03-06 14:00:00,1,False,endpoint_missing
1,2018-03-06 14:00:00,2018-03-06 14:01:00,1,False,endpoint_missing
1,2018-03-06 14:02:00,2018-03-06 14:03:00,1,False,endpoint_missing
1,2018-03-06 14:03:00,2018-03-06 14:04:00,1,False,endpoint_missing
1,2018-03-06 14:05:00,2018-03-06 14:06:00,1,False,endpoint_missing
1,2018-03-06 14:06:00,2018-03-06 14:07:00,1,False,endpoint_missing
1,2018-03-06 14:07:00,2018-03-06 14:08:00,1,False,endpoint_missing
1,2018-03-06 14:08:00,2018-03-06 14:09:00,1,False,endpoint_missing
1,2018-03-06 14:10:00,2018-03-06 14:11:00,1,False,endpoint_missing
1,2018-03-06 14:11:00,2018-03-06 14:12:00,1,False,endpoint_missing
1,2018-03-06 14:12:00,2018-03-06 14:13:00,1,False,endpoint_missing
1,2018-03-06 14:13:00,2018-03-06 14:14:00,1,False,endpoint_missing
1,2018-03-06 14:15:00,2018-03-06 14:16:00,1,False,endpoint_missing
1,2018-03-06 14:16:00,2018-03-06 14:17:00,1,False,endpoint_missing
1,2018-03-06 14:17:00,2018-03-06 14:18:00,1,False,endpoint_missing
1,2018-03-06 14:18:00,2018-03-06 14:19:00,1,False,endpoint_missing
1,2018-03-06 14:20:00,2018-03-06 14:21:00,1,False,endpoint_missing
1,2018-03-06 14:21:00,2018-03-06 14:22:00,1,False,endpoint_missing
1,2018-03-06 14:22:00,2018-03-06 14:23:00,1,False,endpoint_missing
1,2018-03-06 14:23:00,2018-03-06 14:24:00,1,False,endpoint_missing
1,2018-03-06 14:24:00,2018-03-06 14:25:00,1,False,endpoint_missing
1,2018-03-06 14:25:00,2018-03-06 14:26:00,1,False,endpoint_missing
1,2018-03-06 14:26:00,2018-03-06 14:27:00,1,False,endpoint_missing
1,2018-03-06 14:27:00,2018-03-06 14:28:00,1,False,endpoint_missing
1,2018-03-06 14:28:00,2018-03-06 14:29:00,1,False,endpoint_missing
1,2018-03-06 14:29:00,2018-03-06 14:30:00,1,False,endpoint_missing
1,2018-03-07 13:30:00,2018-03-07 13:31:00,1,False,endpoint_missing
1,2018-03-07 13:31:00,2018-03-07 13:32:00,1,False,endpoint_missing
1,2018-03-07 13:41:00,2018-03-07 13:42:00,1,False,endpoint_missing
1,2018-03-07 13:42:00,2018-03-07 13:43:00,1,False,endpoint_missing
1,2018-03-07 13:45:00,2018-03-07 13:46:00,1,False,endpoint_missing
1,2018-03-07 13:46:00,2018-03-07 13:47:00,1,False,endpoint_missing
1,2018-03-07 13:48:00,2018-03-07 13:49:00,1,False,endpoint_missing
1,2018-03-07 13:49:00,2018-03-07 13:50:00,1,False,endpoint_missing
1,2018-03-07 13:52:00,2018-03-07 13:53:00,1,False,endpoint_missing
1,2018-03-07 13:53:00,2018-03-07 13:54:00,1,False,endpoint_missing
1,2018-03-07 13:55:00,2018-03-07 13:56:00,1,False,endpoint_missing
1,2018-03-07 13:56:00,2018-03-07 13:57:00,1,False,endpoint_missing
1,2018-03-07 13:58:00,2018-03-07 13:59:00,1,False,endpoint_missing
1,2018-03-07 13:59:00,2018-03-07 14:00:00,1,False,endpoint_missing
1,2018-03-07 14:01:00,2018-03-07 14:02:00,1,False,endpoint_missing
1,2018-03-07 14:02:00,2018-03-07 14:03:00,1,False,endpoint_missing
1,2018-03-07 14:03:00,2018-03-07 14:04:00,1,False,endpoint_missing
1,2018-03-07 14:04:00,2018-03-07 14:05:00,1,False,endpoint_missing
1,2018-03-07 14:06:00,2018-03-07 14:07:00,1,False,endpoint_missing
1,2018-03-07 14:07:00,2018-03-07 14:08:00,1,False,endpoint_missing
1,2018-03-07 14:08:00,2018-03-07 14:09:00,1,False,endpoint_missing
1,2018-03-07 14:09:00,2018-03-07 14:10:00,1,False,endpoint_missing
1,2018-03-07 14:10:00,2018-03-07 14:11:00,1,False,endpoint_missing
1,2018-03-07 14:11:00,2018-03-07 14:12:00,1,False,endpoint_missing
1,2018-03-07 14:13:00,2018-03-07 14:14:00,1,False,endpoint_missing
1,2018-03-07 14:14:00,2018-03-07 14:15:00,1,False,endpoint_missing
1,2018-03-07 14:15:00,2018-03-07 14:16:00,1,False,endpoint_missing
1,2018-03-07 14:16:00,2018-03-07 14:17:00,1,False,endpoint_missing
1,2018-03-07 14:17:00,2018-03-07 14:18:00,1,False,endpoint_missing
1,2018-03-07 14:18:00,2018-03-07 14:19:00,1,False,endpoint_missing
1,2018-03-07 14:19:00,2018-03-07 14:20:00,1,False,endpoint_missing
1,2018-03-07 14:20:00,2018-03-07 14:21:00,1,False,endpoint_missing
1,2018-03-07 14:21:00,2018-03-07 14:22:00,1,False,endpoint_missing
1,2018-03-07 14:22:00,2018-03-07 14:23:00,1,False,endpoint_missing
1,2018-03-07 14:23:00,2018-03-07 14:24:00,1,False,endpoint_missing
1,2018-03-07 14:24:00,2018-03-07 14:25:00,1,False,endpoint_missing
1,2018-03-07 14:25:00,2018-03-07 14:26:00,1,False,endpoint_missing
1,2018-03-07 14:26:00,2018-03-07 14:27:00,1,False,endpoint_missing
1,2018-03-07 14:27:00,2018-03-07 14:28:00,1,False,endpoint_missing
1,2018-03-07 14:28:00,2018-03-07 14:29:00,1,False,endpoint_missing
1,2018-03-07 14:29:00,2018-03-07 14:30:00,1,False,endpoint_missing
1,2018-03-08 13:16:00,2018-03-08 13:17:00,1,False,endpoint_missing
1,2018-03-08 13:17:00,2018-03-08 13:18:00,1,False,endpoint_missing
1,2018-03-08 13:22:00,2018-03-08 13:23:00,1,False,endpoint_missing
1,2018-03-08 13:23:00,2018-03-08 13:24:00,1,False,endpoint_missing
1,2018-03-08 13:27:00,2018-03-08 13:28:00,1,False,endpoint_missing
1,2018-03-08 13:28:00,2018-03-08 13:29:00,1,False,endpoint_missing
1,2018-03-08 13:30:00,2018-03-08 13:31:00,1,False,endpoint_missing
1,2018-03-08 13:31:00,2018-03-08 13:32:00,1,False,endpoint_missing
1,2018-03-08 13:34:00,2018-03-08 13:35:00,1,False,endpoint_missing
1,2018-03-08 13:35:00,2018-03-08 13:36:00,1,False,endpoint_missing
1,2018-03-08 13:36:00,2018-03-08 13:37:00,1,False,endpoint_missing
1,2018-03-08 13:37:00,2018-03-08 13:38:00,1,False,endpoint_missing
1,2018-03-08 13:39:00,2018-03-08 13:40:00,1,False,endpoint_missing
1,2018-03-08 13:40:00,2018-03-08 13:41:00,1,False,endpoint_missing
1,2018-03-08 13:42:00,2018-03-08 13:43:00,1,False,endpoint_missing
1,2018-03-08 13:43:00,2018-03-08 13:44:00,1,False,endpoint_missing
1,2018-03-08 13:45:00,2018-03-08 13:46:00,1,False,endpoint_missing
1,2018-03-08 13:46:00,2018-03-08 13:47:00,1,False,endpoint_missing
1,2018-03-08 13:47:00,2018-03-08 13:48:00,1,False,endpoint_missing
1,2018-03-08 13:48:00,2018-03-08 13:49:00,1,False,endpoint_missing
1,2018-03-08 13:50:00,2018-03-08 13:51:00,1,False,endpoint_missing
1,2018-03-08 13:51:00,2018-03-08 13:52:00,1,False,endpoint_missing
1,2018-03-08 13:52:00,2018-03-08 13:53:00,1,False,endpoint_missing
1,2018-03-08 13:53:00,2018-03-08 13:54:00,1,False,endpoint_missing
1,2018-03-08 13:55:00,2018-03-08 13:56:00,1,False,endpoint_missing
1,2018-03-08 13:56:00,2018-03-08 13:57:00,1,False,endpoint_missing
1,2018-03-08 13:57:00,2018-03-08 13:58:00,1,False,endpoint_missing
1,2018-03-08 13:58:00,2018-03-08 13:59:00,1,False,endpoint_missing
1,2018-03-08 13:59:00,2018-03-08 14:00:00,1,False,endpoint_missing
1,2018-03-08 14:00:00,2018-03-08 14:01:00,1,False,endpoint_missing
1,2018-03-08 14:01:00,2018-03-08 14:02:00,1,False,endpoint_missing
1,2018-03-08 14:02:00,2018-03-08 14:03:00,1,False,endpoint_missing
1,2018-03-08 14:03:00,2018-03-08 14:04:00,1,False,endpoint_missing
1,2018-03-08 14:04:00,2018-03-08 14:05:00,1,False,endpoint_missing
1,2018-03-08 14:05:00,2018-03-08 14:06:00,1,False,endpoint_missing
1,2018-03-08 14:06:00,2018-03-08 14:07:00,2,False,endpoint_missing
1,2018-03-08 14:07:00,2018-03-08 14:08:00,1,False,endpoint_missing
1,2018-03-08 14:08:00,2018-03-08 14:09:00,1,False,endpoint_missing
1,2018-03-08 14:09:00,2018-03-08 14:10:00,1,False,endpoint_missing
1,2018-03-08 14:10:00,2018-03-08 14:11:00,1,False,endpoint_missing
1,2018-03-08 14:11:00,2018-03-08 14:12:00,1,False,endpoint_missing
1,2018-03-08 14:12:00,2018-03-08 14:13:00,1,False,endpoint_missing
1,2018-03-08 14:13:00,2018-03-08 14:14:00,1,False,endpoint_missing
1,2018-03-08 14:14:00,2018-03-08 14:15:00,1,False,endpoint_missing
1,2018-03-08 14:15:00,2018-03-08 14:16:00,2,False,endpoint_missing
1,2018-03-08 14:16:00,2018-03-08 14:17:00,1,False,endpoint_missing
1,2018-03-08 14:17:00,2018-03-08 14:18:00,1,False,endpoint_missing
1,2018-03-08 14:18:00,2018-03-08 14:19:00,1,False,endpoint_missing
1,2018-03-08 14:19:00,2018-03-08 14:20:00,1,False,endpoint_missing
1,2018-03-08 14:20:00,2018-03-08 14:21:00,1,False,endpoint_missing
1,2018-03-08 14:21:00,2018-03-08 14:22:00,1,False,endpoint_missing
1,2018-03-08 14:22:00,2018-03-08 14:23:00,2,False,endpoint_missing
1,2018-03-08 14:23:00,2018-03-08 14:24:00,1,False,endpoint_missing
1,2018-03-08 14:24:00,2018-03-08 14:25:00,1,False,endpoint_missing
1,2018-03-08 14:25:00,2018-03-08 14:26:00,1,False,endpoint_missing
1,2018-03-08 14:26:00,2018-03-08 14:27:00,1,False,endpoint_missing
1,2018-03-08 14:27:00,2018-03-08 14:28:00,2,False,endpoint_missing
1,2018-03-08 14:28:00,2018-03-08 14:29:00,1,False,endpoint_missing
1,2018-03-08 14:29:00,2018-03-08 14:30:00,1,False,endpoint_missing
1,2018-03-09 13:36:00,2018-03-09 13:37:00,1,False,endpoint_missing
1,2018-03-09 13:37:00,2018-03-09 13:38:00,1,False,endpoint_missing
1,2018-03-09 13:41:00,2018-03-09 13:42:00,1,False,endpoint_missing
1,2018-03-09 13:42:00,2018-03-09 13:43:00,1,False,endpoint_missing
1,2018-03-09 13:46:00,2018-03-09 13:47:00,1,False,endpoint_missing
1,2018-03-09 13:47:00,2018-03-09 13:48:00,1,False,endpoint_missing
1,2018-03-09 13:50:00,2018-03-09 13:51:00,1,False,endpoint_missing
1,2018-03-09 13:51:00,2018-03-09 13:52:00,1,False,endpoint_missing
1,2018-03-09 13:54:00,2018-03-09 13:55:00,1,False,endpoint_missing
1,2018-03-09 13:55:00,2018-03-09 13:56:00,1,False,endpoint_missing
1,2018-03-09 13:57:00,2018-03-09 13:58:00,1,False,endpoint_missing
1,2018-03-09 13:58:00,2018-03-09 13:59:00,1,False,endpoint_missing
1,2018-03-09 14:00:00,2018-03-09 14:01:00,1,False,endpoint_missing
1,2018-03-09 14:01:00,2018-03-09 14:02:00,1,False,endpoint_missing
1,2018-03-09 14:03:00,2018-03-09 14:04:00,1,False,endpoint_missing
1,2018-03-09 14:04:00,2018-03-09 14:05:00,1,False,endpoint_missing
1,2018-03-09 14:05:00,2018-03-09 14:06:00,1,False,endpoint_missing
1,2018-03-09 14:06:00,2018-03-09 14:07:00,1,False,endpoint_missing
1,2018-03-09 14:08:00,2018-03-09 14:09:00,1,False,endpoint_missing
1,2018-03-09 14:09:00,2018-03-09 14:10:00,1,False,endpoint_missing
1,2018-03-09 14:10:00,2018-03-09 14:11:00,1,False,endpoint_missing
1,2018-03-09 14:11:00,2018-03-09 14:12:00,1,False,endpoint_missing
1,2018-03-09 14:13:00,2018-03-09 14:14:00,1,False,endpoint_missing
1,2018-03-09 14:14:00,2018-03-09 14:15:00,1,False,endpoint_missing
1,2018-03-09 14:15:00,2018-03-09 14:16:00,1,False,endpoint_missing
1,2018-03-09 14:16:00,2018-03-09 14:17:00,1,False,endpoint_missing
1,2018-03-09 14:17:00,2018-03-09 14:18:00,1,False,endpoint_missing
1,2018-03-09 14:18:00,2018-03-09 14:19:00,1,False,endpoint_missing
1,2018-03-09 14:19:00,2018-03-09 14:20:00,1,False,endpoint_missing
1,2018-03-09 14:20:00,2018-03-09 14:21:00,1,False,endpoint_missing
1,2018-03-09 14:21:00,2018-03-09 14:22:00,1,False,endpoint_missing
1,2018-03-09 14:22:00,2018-03-09 14:23:00,1,False,endpoint_missing
1,2018-03-09 14:23:00,2018-03-09 14:24:00,1,False,endpoint_missing
1,2018-03-09 14:24:00,2018-03-09 14:25:00,1,False,endpoint_missing
1,2018-03-09 14:25:00,2018-03-09 14:26:00,1,False,endpoint_missing
1,2018-03-09 14:26:00,2018-03-09 14:27:00,1,False,endpoint_missing
1,2018-03-09 14:27:00,2018-03-09 14:28:00,1,False,endpoint_missing
1,2018-03-09 14:28:00,2018-03-09 14:29:00,1,False,endpoint_missing
1,2018-03-09 14:29:00,2018-03-09 14:30:00,1,False,endpoint_missing
1,2018-03-12 14:01:00,2018-03-12 14:02:00,1,False,endpoint_missing
1,2018-03-12 14:02:00,2018-03-12 14:03:00,1,False,endpoint_missing
1,2018-03-12 14:08:00,2018-03-12 14:09:00,1,False,endpoint_missing
1,2018-03-12 14:09:00,2018-03-12 14:10:00,1,False,endpoint_missing
1,2018-03-12 14:13:00,2018-03-12 14:14:00,1,False,endpoint_missing
1,2018-03-12 14:14:00,2018-03-12 14:15:00,1,False,endpoint_missing
1,2018-03-12 14:19:00,2018-03-12 14:20:00,1,False,endpoint_missing
1,2018-03-12 14:20:00,2018-03-12 14:21:00,1,False,endpoint_missing
1,2018-03-12 14:22:00,2018-03-12 14:23:00,1,False,endpoint_missing
1,2018-03-12 14:23:00,2018-03-12 14:24:00,1,False,endpoint_missing
1,2018-03-12 14:24:00,2018-03-12 14:25:00,1,False,endpoint_missing
1,2018-03-12 14:25:00,2018-03-12 14:26:00,1,False,endpoint_missing
1,2018-03-12 14:28:00,2018-03-12 14:29:00,1,False,endpoint_missing
1,2018-03-12 14:29:00,2018-03-12 14:30:00,1,False,endpoint_missing
1,2018-03-13 11:21:00,2018-03-13 11:22:00,1,False,endpoint_missing
1,2018-03-13 11:22:00,2018-03-13 11:23:00,1,False,endpoint_missing
1,2018-03-13 13:33:00,2018-03-13 13:34:00,1,False,endpoint_missing
1,2018-03-13 13:34:00,2018-03-13 13:35:00,1,False,endpoint_missing
1,2018-03-13 13:38:00,2018-03-13 13:39:00,1,False,endpoint_missing
1,2018-03-13 13:39:00,2018-03-13 13:40:00,1,False,endpoint_missing
1,2018-03-13 13:43:00,2018-03-13 13:44:00,1,False,endpoint_missing
1,2018-03-13 13:44:00,2018-03-13 13:45:00,1,False,endpoint_missing
1,2018-03-13 13:51:00,2018-03-13 13:52:00,1,False,endpoint_missing
1,2018-03-13 13:52:00,2018-03-13 13:53:00,1,False,endpoint_missing
1,2018-03-13 13:55:00,2018-03-13 13:56:00,1,False,endpoint_missing
1,2018-03-13 13:56:00,2018-03-13 13:57:00,1,False,endpoint_missing
1,2018-03-13 13:58:00,2018-03-13 13:59:00,1,False,endpoint_missing
1,2018-03-13 13:59:00,2018-03-13 14:00:00,1,False,endpoint_missing
1,2018-03-13 14:01:00,2018-03-13 14:02:00,1,False,endpoint_missing
1,2018-03-13 14:02:00,2018-03-13 14:03:00,1,False,endpoint_missing
1,2018-03-13 14:05:00,2018-03-13 14:06:00,1,False,endpoint_missing
1,2018-03-13 14:06:00,2018-03-13 14:07:00,1,False,endpoint_missing
1,2018-03-13 14:08:00,2018-03-13 14:09:00,1,False,endpoint_missing
1,2018-03-13 14:09:00,2018-03-13 14:10:00,1,False,endpoint_missing
1,2018-03-13 14:11:00,2018-03-13 14:12:00,1,False,endpoint_missing
1,2018-03-13 14:12:00,2018-03-13 14:13:00,1,False,endpoint_missing
1,2018-03-13 14:14:00,2018-03-13 14:15:00,1,False,endpoint_missing
1,2018-03-13 14:15:00,2018-03-13 14:16:00,1,False,endpoint_missing
1,2018-03-13 14:17:00,2018-03-13 14:18:00,1,False,endpoint_missing
1,2018-03-13 14:18:00,2018-03-13 14:19:00,1,False,endpoint_missing
1,2018-03-13 14:19:00,2018-03-13 14:20:00,1,False,endpoint_missing
1,2018-03-13 14:20:00,2018-03-13 14:21:00,1,False,endpoint_missing
1,2018-03-13 14:21:00,2018-03-13 14:22:00,1,False,endpoint_missing
1,2018-03-13 14:22:00,2018-03-13 14:23:00,1,False,endpoint_missing
1,2018-03-13 14:24:00,2018-03-13 14:25:00,1,False,endpoint_missing
1,2018-03-13 14:25:00,2018-03-13 14:26:00,1,False,endpoint_missing
1,2018-03-13 14:27:00,2018-03-13 14:28:00,1,False,endpoint_missing
1,2018-03-13 14:28:00,2018-03-13 14:29:00,1,False,endpoint_missing
1,2018-03-13 14:29:00,2018-03-13 14:30:00,1,False,endpoint_missing
1,2018-03-14 10:24:00,2018-03-14 10:25:00,1,False,endpoint_missing
1,2018-03-14 10:25:00,2018-03-14 10:26:00,1,False,endpoint_missing
1,2018-03-14 13:47:00,2018-03-14 13:48:00,1,False,endpoint_missing
1,2018-03-14 13:48:00,2018-03-14 13:49:00,1,False,endpoint_missing
1,2018-03-14 13:55:00,2018-03-14 13:56:00,1,False,endpoint_missing
1,2018-03-14 13:56:00,2018-03-14 13:57:00,1,False,endpoint_missing
1,2018-03-14 14:03:00,2018-03-14 14:04:00,1,False,endpoint_missing
1,2018-03-14 14:04:00,2018-03-14 14:05:00,1,False,endpoint_missing
1,2018-03-14 14:10:00,2018-03-14 14:11:00,1,False,endpoint_missing
1,2018-03-14 14:11:00,2018-03-14 14:12:00,1,False,endpoint_missing
1,2018-03-14 14:14:00,2018-03-14 14:15:00,1,False,endpoint_missing
1,2018-03-14 14:15:00,2018-03-14 14:16:00,1,False,endpoint_missing
1,2018-03-14 14:18:00,2018-03-14 14:19:00,1,False,endpoint_missing
1,2018-03-14 14:19:00,2018-03-14 14:20:00,1,False,endpoint_missing
1,2018-03-14 14:21:00,2018-03-14 14:22:00,1,False,endpoint_missing
1,2018-03-14 14:22:00,2018-03-14 14:23:00,1,False,endpoint_missing
1,2018-03-14 14:26:00,2018-03-14 14:27:00,1,False,endpoint_missing
1,2018-03-14 14:27:00,2018-03-14 14:28:00,1,False,endpoint_missing
1,2018-03-14 14:29:00,2018-03-14 14:30:00,1,False,endpoint_missing
1,2018-03-15 10:36:00,2018-03-15 10:37:00,1,False,endpoint_missing
1,2018-03-15 10:37:00,2018-03-15 10:38:00,1,False,endpoint_missing
1,2018-03-15 10:38:00,2018-03-15 10:39:00,1,False,endpoint_missing
1,2018-03-15 10:39:00,2018-03-15 10:40:00,2,False,endpoint_missing
1,2018-03-15 10:40:00,2018-03-15 10:41:00,2,False,endpoint_missing
1,2018-03-15 10:41:00,2018-03-15 10:42:00,2,False,endpoint_missing
1,2018-03-15 10:42:00,2018-03-15 10:43:00,1,False,endpoint_missing
1,2018-03-15 10:44:00,2018-03-15 10:45:00,1,False,endpoint_missing
1,2018-03-15 10:45:00,2018-03-15 10:46:00,1,False,endpoint_missing
1,2018-03-15 10:57:00,2018-03-15 10:58:00,1,False,endpoint_missing
1,2018-03-15 10:58:00,2018-03-15 10:59:00,1,False,endpoint_missing
1,2018-03-15 11:04:00,2018-03-15 11:05:00,1,False,endpoint_missing
1,2018-03-15 11:05:00,2018-03-15 11:06:00,1,False,endpoint_missing
1,2018-03-15 14:22:00,2018-03-15 14:23:00,1,False,endpoint_missing
1,2018-03-15 14:23:00,2018-03-15 14:24:00,1,False,endpoint_missing
1,2018-03-15 14:27:00,2018-03-15 14:28:00,1,False,endpoint_missing
1,2018-03-15 14:28:00,2018-03-15 14:29:00,1,False,endpoint_missing
1,2018-03-19 09:45:00,2018-03-19 09:46:00,1,False,endpoint_missing
1,2018-03-19 09:46:00,2018-03-19 09:47:00,1,False,endpoint_missing
1,2018-03-20 14:03:00,2018-03-20 14:04:00,1,False,endpoint_missing
1,2018-03-20 14:04:00,2018-03-20 14:05:00,1,False,endpoint_missing
1,2018-03-20 14:17:00,2018-03-20 14:18:00,1,False,endpoint_missing
1,2018-03-20 14:18:00,2018-03-20 14:19:00,1,False,endpoint_missing
1,2018-03-20 14:20:00,2018-03-20 14:21:00,1,False,endpoint_missing
1,2018-03-20 14:21:00,2018-03-20 14:22:00,1,False,endpoint_missing
1,2018-03-20 14:22:00,2018-03-20 14:23:00,1,False,endpoint_missing
1,2018-03-20 14:23:00,2018-03-20 14:24:00,1,False,endpoint_missing
1,2018-03-21 13:20:00,2018-03-21 13:21:00,1,False,endpoint_missing
1,2018-03-21 13:21:00,2018-03-21 13:22:00,1,False,endpoint_missing
1,2018-03-22 13:00:00,2018-03-22 13:01:00,1,False,endpoint_missing
1,2018-03-22 13:01:00,2018-03-22 13:02:00,1,False,endpoint_missing
1,2018-03-23 13:53:00,2018-03-23 13:54:00,1,False,endpoint_missing
1,2018-03-23 13:54:00,2018-03-23 13:55:00,1,False,endpoint_missing
1,2018-03-23 14:02:00,2018-03-23 14:03:00,1,False,endpoint_missing
1,2018-03-23 14:03:00,2018-03-23 14:04:00,1,False,endpoint_missing
1,2018-03-23 14:10:00,2018-03-23 14:11:00,1,False,endpoint_missing
1,2018-03-23 14:11:00,2018-03-23 14:12:00,1,False,endpoint_missing
1,2018-03-23 14:17:00,2018-03-23 14:18:00,1,False,endpoint_missing
1,2018-03-23 14:18:00,2018-03-23 14:19:00,1,False,endpoint_missing
1,2018-03-23 14:21:00,2018-03-23 14:22:00,1,False,endpoint_missing
1,2018-03-23 14:22:00,2018-03-23 14:23:00,1,False,endpoint_missing
1,2018-03-23 14:26:00,2018-03-23 14:27:00,1,False,endpoint_missing
1,2018-03-23 14:27:00,2018-03-23 14:28:00,1,False,endpoint_missing
1,2018-03-26 14:21:00,2018-03-26 14:22:00,1,False,endpoint_missing
1,2018-03-26 14:22:00,2018-03-26 14:23:00,1,False,endpoint_missing
1,2018-03-26 14:29:00,2018-03-26 14:30:00,1,False,endpoint_missing
1,2018-03-27 14:22:00,2018-03-27 14:23:00,1,False,endpoint_missing
1,2018-03-27 14:23:00,2018-03-27 14:24:00,1,False,endpoint_missing
1,2018-03-27 14:28:00,2018-03-27 14:29:00,1,False,endpoint_missing
1,2018-03-27 14:29:00,2018-03-27 14:30:00,1,False,endpoint_missing
1,2018-03-28 10:46:00,2018-03-28 10:47:00,1,False,endpoint_missing
1,2018-03-28 10:47:00,2018-03-28 10:48:00,1,False,endpoint_missing
1,2018-03-28 10:55:00,2018-03-28 10:56:00,1,False,endpoint_missing
1,2018-03-28 10:56:00,2018-03-28 10:57:00,1,False,endpoint_missing
1,2018-03-30 10:04:00,2018-03-30 10:05:00,1,False,endpoint_missing
1,2018-03-30 10:05:00,2018-03-30 10:06:00,1,False,endpoint_missing
1,2018-03-30 13:39:00,2018-03-30 13:40:00,1,False,endpoint_missing
1,2018-03-30 13:40:00,2018-03-30 13:41:00,1,False,endpoint_missing
1,2018-04-02 14:26:00,2018-04-02 14:27:00,1,False,endpoint_missing
1,2018-04-02 14:27:00,2018-04-02 14:28:00,1,False,endpoint_missing
1,2018-04-06 10:37:00,2018-04-06 10:38:00,1,False,endpoint_missing
1,2018-04-06 10:38:00,2018-04-06 10:39:00,1,False,endpoint_missing
1,2018-04-09 10:35:00,2018-04-09 10:36:00,1,False,endpoint_missing
1,2018-04-09 10:36:00,2018-04-09 10:37:00,1,False,endpoint_missing
1,2018-04-09 11:09:00,2018-04-09 11:10:00,1,False,endpoint_missing
1,2018-04-09 11:10:00,2018-04-09 11:11:00,1,False,endpoint_missing
1,2018-04-09 11:29:00,2018-04-09 11:30:00,1,False,endpoint_missing
1,2018-04-09 13:19:00,2018-04-09 13:20:00,1,False,endpoint_missing
1,2018-04-09 13:20:00,2018-04-09 13:21:00,1,False,endpoint_missing
1,2018-04-10 10:05:00,2018-04-10 10:06:00,1,False,endpoint_missing
1,2018-04-10 10:06:00,2018-04-10 10:07:00,1,False,endpoint_missing
1,2018-04-11 14:06:00,2018-04-11 14:07:00,1,False,endpoint_missing
1,2018-04-11 14:07:00,2018-04-11 14:08:00,1,False,endpoint_missing
1,2018-04-11 14:08:00,2018-04-11 14:09:00,1,False,endpoint_missing
1,2018-04-11 14:09:00,2018-04-11 14:10:00,1,False,endpoint_missing
1,2018-04-11 14:17:00,2018-04-11 14:18:00,1,False,endpoint_missing
1,2018-04-11 14:18:00,2018-04-11 14:19:00,1,False,endpoint_missing
1,2018-04-11 14:24:00,2018-04-11 14:25:00,1,False,endpoint_missing
1,2018-04-11 14:25:00,2018-04-11 14:26:00,1,False,endpoint_missing
1,2018-04-11 14:29:00,2018-04-11 14:30:00,1,False,endpoint_missing
1,2018-04-12 13:31:00,2018-04-12 13:32:00,1,False,endpoint_missing
1,2018-04-12 13:32:00,2018-04-12 13:33:00,1,False,endpoint_missing
1,2018-04-12 13:39:00,2018-04-12 13:40:00,1,False,endpoint_missing
1,2018-04-12 13:40:00,2018-04-12 13:41:00,1,False,endpoint_missing
1,2018-04-12 13:45:00,2018-04-12 13:46:00,1,False,endpoint_missing
1,2018-04-12 13:46:00,2018-04-12 13:47:00,1,False,endpoint_missing
1,2018-04-12 13:49:00,2018-04-12 13:50:00,1,False,endpoint_missing
1,2018-04-12 13:50:00,2018-04-12 13:51:00,1,False,endpoint_missing
1,2018-04-12 13:54:00,2018-04-12 13:55:00,1,False,endpoint_missing
1,2018-04-12 13:55:00,2018-04-12 13:56:00,1,False,endpoint_missing
1,2018-04-12 13:57:00,2018-04-12 13:58:00,1,False,endpoint_missing
1,2018-04-12 13:58:00,2018-04-12 13:59:00,1,False,endpoint_missing
1,2018-04-12 14:01:00,2018-04-12 14:02:00,1,False,endpoint_missing
1,2018-04-12 14:02:00,2018-04-12 14:03:00,1,False,endpoint_missing
1,2018-04-12 14:04:00,2018-04-12 14:05:00,1,False,endpoint_missing
1,2018-04-12 14:05:00,2018-04-12 14:06:00,1,False,endpoint_missing
1,2018-04-12 14:07:00,2018-04-12 14:08:00,1,False,endpoint_missing
1,2018-04-12 14:08:00,2018-04-12 14:09:00,1,False,endpoint_missing
1,2018-04-12 14:09:00,2018-04-12 14:10:00,1,False,endpoint_missing
1,2018-04-12 14:10:00,2018-04-12 14:11:00,1,False,endpoint_missing
1,2018-04-12 14:12:00,2018-04-12 14:13:00,1,False,endpoint_missing
1,2018-04-12 14:13:00,2018-04-12 14:14:00,1,False,endpoint_missing
1,2018-04-12 14:15:00,2018-04-12 14:16:00,1,False,endpoint_missing
1,2018-04-12 14:16:00,2018-04-12 14:17:00,1,False,endpoint_missing
1,2018-04-12 14:17:00,2018-04-12 14:18:00,1,False,endpoint_missing
1,2018-04-12 14:18:00,2018-04-12 14:19:00,1,False,endpoint_missing
1,2018-04-12 14:19:00,2018-04-12 14:20:00,1,False,endpoint_missing
1,2018-04-12 14:20:00,2018-04-12 14:21:00,1,False,endpoint_missing
1,2018-04-12 14:22:00,2018-04-12 14:23:00,1,False,endpoint_missing
1,2018-04-12 14:23:00,2018-04-12 14:24:00,1,False,endpoint_missing
1,2018-04-12 14:24:00,2018-04-12 14:25:00,1,False,endpoint_missing
1,2018-04-12 14:25:00,2018-04-12 14:26:00,1,False,endpoint_missing
1,2018-04-12 14:26:00,2018-04-12 14:27:00,1,False,endpoint_missing
1,2018-04-12 14:27:00,2018-04-12 14:28:00,1,False,endpoint_missing
1,2018-04-12 14:28:00,2018-04-12 14:29:00,1,False,endpoint_missing
1,2018-04-12 14:29:00,2018-04-12 14:30:00,1,False,endpoint_missing
1,2018-04-13 13:31:00,2018-04-13 13:32:00,1,False,endpoint_missing
1,2018-04-13 13:32:00,2018-04-13 13:33:00,1,False,endpoint_missing
1,2018-04-13 13:42:00,2018-04-13 13:43:00,1,False,endpoint_missing
1,2018-04-13 13:43:00,2018-04-13 13:44:00,1,False,endpoint_missing
1,2018-04-13 13:51:00,2018-04-13 13:52:00,1,False,endpoint_missing
1,2018-04-13 13:52:00,2018-04-13 13:53:00,1,False,endpoint_missing
1,2018-04-13 13:56:00,2018-04-13 13:57:00,1,False,endpoint_missing
1,2018-04-13 13:57:00,2018-04-13 13:58:00,1,False,endpoint_missing
1,2018-04-13 14:00:00,2018-04-13 14:01:00,1,False,endpoint_missing
1,2018-04-13 14:01:00,2018-04-13 14:02:00,1,False,endpoint_missing
1,2018-04-13 14:04:00,2018-04-13 14:05:00,1,False,endpoint_missing
1,2018-04-13 14:05:00,2018-04-13 14:06:00,1,False,endpoint_missing
1,2018-04-13 14:08:00,2018-04-13 14:09:00,1,False,endpoint_missing
1,2018-04-13 14:09:00,2018-04-13 14:10:00,1,False,endpoint_missing
1,2018-04-13 14:11:00,2018-04-13 14:12:00,1,False,endpoint_missing
1,2018-04-13 14:12:00,2018-04-13 14:13:00,1,False,endpoint_missing
1,2018-04-13 14:14:00,2018-04-13 14:15:00,1,False,endpoint_missing
1,2018-04-13 14:15:00,2018-04-13 14:16:00,1,False,endpoint_missing
1,2018-04-13 14:17:00,2018-04-13 14:18:00,1,False,endpoint_missing
1,2018-04-13 14:18:00,2018-04-13 14:19:00,1,False,endpoint_missing
1,2018-04-13 14:20:00,2018-04-13 14:21:00,1,False,endpoint_missing
1,2018-04-13 14:21:00,2018-04-13 14:22:00,1,False,endpoint_missing
1,2018-04-13 14:23:00,2018-04-13 14:24:00,1,False,endpoint_missing
1,2018-04-13 14:24:00,2018-04-13 14:25:00,1,False,endpoint_missing
1,2018-04-13 14:25:00,2018-04-13 14:26:00,1,False,endpoint_missing
1,2018-04-13 14:26:00,2018-04-13 14:27:00,1,False,endpoint_missing
1,2018-04-13 14:27:00,2018-04-13 14:28:00,1,False,endpoint_missing
1,2018-04-13 14:28:00,2018-04-13 14:29:00,1,False,endpoint_missing
1,2018-04-13 14:29:00,2018-04-13 14:30:00,1,False,endpoint_missing
1,2018-04-16 10:38:00,2018-04-16 10:39:00,1,False,endpoint_missing
1,2018-04-16 10:39:00,2018-04-16 10:40:00,1,False,endpoint_missing
1,2018-04-16 14:05:00,2018-04-16 14:06:00,1,False,endpoint_missing
1,2018-04-16 14:06:00,2018-04-16 14:07:00,1,False,endpoint_missing
1,2018-04-16 14:08:00,2018-04-16 14:09:00,1,False,endpoint_missing
1,2018-04-16 14:09:00,2018-04-16 14:10:00,1,False,endpoint_missing
1,2018-04-16 14:16:00,2018-04-16 14:17:00,1,False,endpoint_missing
1,2018-04-16 14:17:00,2018-04-16 14:18:00,1,False,endpoint_missing
1,2018-04-16 14:22:00,2018-04-16 14:23:00,1,False,endpoint_missing
1,2018-04-16 14:23:00,2018-04-16 14:24:00,1,False,endpoint_missing
1,2018-04-16 14:26:00,2018-04-16 14:27:00,1,False,endpoint_missing
1,2018-04-16 14:27:00,2018-04-16 14:28:00,1,False,endpoint_missing
1,2018-04-17 13:43:00,2018-04-17 13:44:00,1,False,endpoint_missing
1,2018-04-17 13:44:00,2018-04-17 13:45:00,1,False,endpoint_missing
1,2018-04-17 13:49:00,2018-04-17 13:50:00,1,False,endpoint_missing
1,2018-04-17 13:50:00,2018-04-17 13:51:00,1,False,endpoint_missing
1,2018-04-17 13:57:00,2018-04-17 13:58:00,1,False,endpoint_missing
1,2018-04-17 13:58:00,2018-04-17 13:59:00,1,False,endpoint_missing
1,2018-04-17 14:03:00,2018-04-17 14:04:00,1,False,endpoint_missing
1,2018-04-17 14:04:00,2018-04-17 14:05:00,1,False,endpoint_missing
1,2018-04-17 14:06:00,2018-04-17 14:07:00,1,False,endpoint_missing
1,2018-04-17 14:07:00,2018-04-17 14:08:00,1,False,endpoint_missing
1,2018-04-17 14:09:00,2018-04-17 14:10:00,1,False,endpoint_missing
1,2018-04-17 14:10:00,2018-04-17 14:11:00,1,False,endpoint_missing
1,2018-04-17 14:12:00,2018-04-17 14:13:00,1,False,endpoint_missing
1,2018-04-17 14:13:00,2018-04-17 14:14:00,1,False,endpoint_missing
1,2018-04-17 14:15:00,2018-04-17 14:16:00,1,False,endpoint_missing
1,2018-04-17 14:16:00,2018-04-17 14:17:00,1,False,endpoint_missing
1,2018-04-17 14:18:00,2018-04-17 14:19:00,1,False,endpoint_missing
1,2018-04-17 14:19:00,2018-04-17 14:20:00,1,False,endpoint_missing
1,2018-04-17 14:20:00,2018-04-17 14:21:00,1,False,endpoint_missing
1,2018-04-17 14:21:00,2018-04-17 14:22:00,1,False,endpoint_missing
1,2018-04-17 14:23:00,2018-04-17 14:24:00,1,False,endpoint_missing
1,2018-04-17 14:24:00,2018-04-17 14:25:00,1,False,endpoint_missing
1,2018-04-17 14:26:00,2018-04-17 14:27:00,1,False,endpoint_missing
1,2018-04-17 14:27:00,2018-04-17 14:28:00,1,False,endpoint_missing
1,2018-04-17 14:29:00,2018-04-17 14:30:00,1,False,endpoint_missing
1,2018-04-18 10:28:00,2018-04-18 10:29:00,1,False,endpoint_missing
1,2018-04-18 10:29:00,2018-04-18 10:30:00,1,False,endpoint_missing
1,2018-04-18 14:02:00,2018-04-18 14:03:00,1,False,endpoint_missing
1,2018-04-18 14:03:00,2018-04-18 14:04:00,1,False,endpoint_missing
1,2018-04-18 14:08:00,2018-04-18 14:09:00,1,False,endpoint_missing
1,2018-04-18 14:09:00,2018-04-18 14:10:00,1,False,endpoint_missing
1,2018-04-18 14:13:00,2018-04-18 14:14:00,1,False,endpoint_missing
1,2018-04-18 14:14:00,2018-04-18 14:15:00,1,False,endpoint_missing
1,2018-04-18 14:18:00,2018-04-18 14:19:00,1,False,endpoint_missing
1,2018-04-18 14:19:00,2018-04-18 14:20:00,1,False,endpoint_missing
1,2018-04-18 14:21:00,2018-04-18 14:22:00,1,False,endpoint_missing
1,2018-04-18 14:22:00,2018-04-18 14:23:00,1,False,endpoint_missing
1,2018-04-18 14:24:00,2018-04-18 14:25:00,1,False,endpoint_missing
1,2018-04-18 14:25:00,2018-04-18 14:26:00,1,False,endpoint_missing
1,2018-04-18 14:27:00,2018-04-18 14:28:00,1,False,endpoint_missing
1,2018-04-18 14:28:00,2018-04-18 14:29:00,1,False,endpoint_missing
1,2018-04-19 13:07:00,2018-04-19 13:08:00,1,False,endpoint_missing
1,2018-04-19 13:08:00,2018-04-19 13:09:00,1,False,endpoint_missing
1,2018-04-19 13:13:00,2018-04-19 13:14:00,1,False,endpoint_missing
1,2018-04-19 13:14:00,2018-04-19 13:15:00,1,False,endpoint_missing
1,2018-04-19 13:18:00,2018-04-19 13:19:00,1,False,endpoint_missing
1,2018-04-19 13:19:00,2018-04-19 13:20:00,1,False,endpoint_missing
1,2018-04-19 13:22:00,2018-04-19 13:23:00,1,False,endpoint_missing
1,2018-04-19 13:23:00,2018-04-19 13:24:00,1,False,endpoint_missing
1,2018-04-19 13:24:00,2018-04-19 13:25:00,1,False,endpoint_missing
1,2018-04-19 13:25:00,2018-04-19 13:26:00,1,False,endpoint_missing
1,2018-04-19 13:28:00,2018-04-19 13:29:00,1,False,endpoint_missing
1,2018-04-19 13:29:00,2018-04-19 13:30:00,1,False,endpoint_missing
1,2018-04-19 13:30:00,2018-04-19 13:31:00,1,False,endpoint_missing
1,2018-04-19 13:31:00,2018-04-19 13:32:00,1,False,endpoint_missing
1,2018-04-19 13:33:00,2018-04-19 13:34:00,1,False,endpoint_missing
1,2018-04-19 13:34:00,2018-04-19 13:35:00,1,False,endpoint_missing
1,2018-04-19 13:35:00,2018-04-19 13:36:00,1,False,endpoint_missing
1,2018-04-19 13:36:00,2018-04-19 13:37:00,1,False,endpoint_missing
1,2018-04-19 13:38:00,2018-04-19 13:39:00,1,False,endpoint_missing
1,2018-04-19 13:39:00,2018-04-19 13:40:00,1,False,endpoint_missing
1,2018-04-19 13:40:00,2018-04-19 13:41:00,1,False,endpoint_missing
1,2018-04-19 13:41:00,2018-04-19 13:42:00,1,False,endpoint_missing
1,2018-04-19 13:43:00,2018-04-19 13:44:00,1,False,endpoint_missing
1,2018-04-19 13:44:00,2018-04-19 13:45:00,1,False,endpoint_missing
1,2018-04-19 13:46:00,2018-04-19 13:47:00,1,False,endpoint_missing
1,2018-04-19 13:47:00,2018-04-19 13:48:00,1,False,endpoint_missing
1,2018-04-19 13:48:00,2018-04-19 13:49:00,1,False,endpoint_missing
1,2018-04-19 13:49:00,2018-04-19 13:50:00,1,False,endpoint_missing
1,2018-04-19 13:50:00,2018-04-19 13:51:00,1,False,endpoint_missing
1,2018-04-19 13:51:00,2018-04-19 13:52:00,1,False,endpoint_missing
1,2018-04-19 13:53:00,2018-04-19 13:54:00,1,False,endpoint_missing
1,2018-04-19 13:54:00,2018-04-19 13:55:00,1,False,endpoint_missing
1,2018-04-19 13:55:00,2018-04-19 13:56:00,1,False,endpoint_missing
1,2018-04-19 13:56:00,2018-04-19 13:57:00,1,False,endpoint_missing
1,2018-04-19 13:57:00,2018-04-19 13:58:00,1,False,endpoint_missing
1,2018-04-19 13:58:00,2018-04-19 13:59:00,1,False,endpoint_missing
1,2018-04-19 13:59:00,2018-04-19 14:00:00,1,False,endpoint_missing
1,2018-04-19 14:00:00,2018-04-19 14:01:00,2,False,endpoint_missing
1,2018-04-19 14:01:00,2018-04-19 14:02:00,1,False,endpoint_missing
1,2018-04-19 14:02:00,2018-04-19 14:03:00,1,False,endpoint_missing
1,2018-04-19 14:03:00,2018-04-19 14:04:00,1,False,endpoint_missing
1,2018-04-19 14:04:00,2018-04-19 14:05:00,1,False,endpoint_missing
1,2018-04-19 14:05:00,2018-04-19 14:06:00,1,False,endpoint_missing
1,2018-04-19 14:06:00,2018-04-19 14:07:00,1,False,endpoint_missing
1,2018-04-19 14:07:00,2018-04-19 14:08:00,2,False,endpoint_missing
1,2018-04-19 14:08:00,2018-04-19 14:09:00,1,False,endpoint_missing
1,2018-04-19 14:09:00,2018-04-19 14:10:00,1,False,endpoint_missing
1,2018-04-19 14:10:00,2018-04-19 14:11:00,1,False,endpoint_missing
1,2018-04-19 14:11:00,2018-04-19 14:12:00,1,False,endpoint_missing
1,2018-04-19 14:12:00,2018-04-19 14:13:00,1,False,endpoint_missing
1,2018-04-19 14:13:00,2018-04-19 14:14:00,1,False,endpoint_missing
1,2018-04-19 14:14:00,2018-04-19 14:15:00,2,False,endpoint_missing
1,2018-04-19 14:15:00,2018-04-19 14:16:00,1,False,endpoint_missing
1,2018-04-19 14:16:00,2018-04-19 14:17:00,1,False,endpoint_missing
1,2018-04-19 14:17:00,2018-04-19 14:18:00,1,False,endpoint_missing
1,2018-04-19 14:18:00,2018-04-19 14:19:00,1,False,endpoint_missing
1,2018-04-19 14:19:00,2018-04-19 14:20:00,1,False,endpoint_missing
1,2018-04-19 14:20:00,2018-04-19 14:21:00,1,False,endpoint_missing
1,2018-04-19 14:21:00,2018-04-19 14:22:00,2,False,endpoint_missing
1,2018-04-19 14:22:00,2018-04-19 14:23:00,1,False,endpoint_missing
1,2018-04-19 14:23:00,2018-04-19 14:24:00,1,False,endpoint_missing
1,2018-04-19 14:24:00,2018-04-19 14:25:00,2,False,endpoint_missing
1,2018-04-19 14:25:00,2018-04-19 14:26:00,1,False,endpoint_missing
1,2018-04-19 14:26:00,2018-04-19 14:27:00,1,False,endpoint_missing
1,2018-04-19 14:27:00,2018-04-19 14:28:00,2,False,endpoint_missing
1,2018-04-19 14:28:00,2018-04-19 14:29:00,1,False,endpoint_missing
1,2018-04-19 14:29:00,2018-04-19 14:30:00,1,False,endpoint_missing
1,2018-04-20 10:52:00,2018-04-20 10:53:00,1,False,endpoint_missing
1,2018-04-20 10:53:00,2018-04-20 10:54:00,1,False,endpoint_missing
1,2018-04-20 11:00:00,2018-04-20 11:01:00,1,False,endpoint_missing
1,2018-04-20 11:01:00,2018-04-20 11:02:00,1,False,endpoint_missing
1,2018-04-20 11:07:00,2018-04-20 11:08:00,1,False,endpoint_missing
1,2018-04-20 11:08:00,2018-04-20 11:09:00,1,False,endpoint_missing
1,2018-04-20 11:12:00,2018-04-20 11:13:00,1,False,endpoint_missing
1,2018-04-20 11:13:00,2018-04-20 11:14:00,1,False,endpoint_missing
1,2018-04-20 11:16:00,2018-04-20 11:17:00,1,False,endpoint_missing
1,2018-04-20 11:17:00,2018-04-20 11:18:00,1,False,endpoint_missing
1,2018-04-20 11:20:00,2018-04-20 11:21:00,1,False,endpoint_missing
1,2018-04-20 11:21:00,2018-04-20 11:22:00,1,False,endpoint_missing
1,2018-04-20 11:23:00,2018-04-20 11:24:00,1,False,endpoint_missing
1,2018-04-20 11:24:00,2018-04-20 11:25:00,1,False,endpoint_missing
1,2018-04-20 11:26:00,2018-04-20 11:27:00,1,False,endpoint_missing
1,2018-04-20 11:27:00,2018-04-20 11:28:00,1,False,endpoint_missing
1,2018-04-20 11:28:00,2018-04-20 11:29:00,1,False,endpoint_missing
1,2018-04-20 11:29:00,2018-04-20 11:30:00,1,False,endpoint_missing
1,2018-04-20 13:00:00,2018-04-20 13:01:00,1,False,endpoint_missing
1,2018-04-20 13:01:00,2018-04-20 13:02:00,1,False,endpoint_missing
1,2018-04-20 13:03:00,2018-04-20 13:04:00,1,False,endpoint_missing
1,2018-04-20 13:04:00,2018-04-20 13:05:00,1,False,endpoint_missing
1,2018-04-20 13:06:00,2018-04-20 13:07:00,1,False,endpoint_missing
1,2018-04-20 13:07:00,2018-04-20 13:08:00,1,False,endpoint_missing
1,2018-04-20 13:08:00,2018-04-20 13:09:00,1,False,endpoint_missing
1,2018-04-20 13:09:00,2018-04-20 13:10:00,1,False,endpoint_missing
1,2018-04-20 13:11:00,2018-04-20 13:12:00,1,False,endpoint_missing
1,2018-04-20 13:12:00,2018-04-20 13:13:00,1,False,endpoint_missing
1,2018-04-20 13:14:00,2018-04-20 13:15:00,1,False,endpoint_missing
1,2018-04-20 13:15:00,2018-04-20 13:16:00,1,False,endpoint_missing
1,2018-04-20 13:16:00,2018-04-20 13:17:00,1,False,endpoint_missing
1,2018-04-20 13:17:00,2018-04-20 13:18:00,1,False,endpoint_missing
1,2018-04-20 13:18:00,2018-04-20 13:19:00,1,False,endpoint_missing
1,2018-04-20 13:19:00,2018-04-20 13:20:00,1,False,endpoint_missing
1,2018-04-20 13:20:00,2018-04-20 13:21:00,1,False,endpoint_missing
1,2018-04-20 13:21:00,2018-04-20 13:22:00,1,False,endpoint_missing
1,2018-04-20 13:22:00,2018-04-20 13:23:00,1,False,endpoint_missing
1,2018-04-20 13:23:00,2018-04-20 13:24:00,1,False,endpoint_missing
1,2018-04-20 13:24:00,2018-04-20 13:25:00,1,False,endpoint_missing
1,2018-04-20 13:25:00,2018-04-20 13:26:00,1,False,endpoint_missing
1,2018-04-20 13:26:00,2018-04-20 13:27:00,1,False,endpoint_missing
1,2018-04-20 13:27:00,2018-04-20 13:28:00,1,False,endpoint_missing
1,2018-04-20 13:28:00,2018-04-20 13:29:00,1,False,endpoint_missing
1,2018-04-20 13:29:00,2018-04-20 13:30:00,1,False,endpoint_missing
1,2018-04-20 13:30:00,2018-04-20 13:31:00,1,False,endpoint_missing
1,2018-04-20 13:31:00,2018-04-20 13:32:00,1,False,endpoint_missing
1,2018-04-20 13:32:00,2018-04-20 13:33:00,1,False,endpoint_missing
1,2018-04-20 13:33:00,2018-04-20 13:34:00,2,False,endpoint_missing
1,2018-04-20 13:34:00,2018-04-20 13:35:00,1,False,endpoint_missing
1,2018-04-20 13:35:00,2018-04-20 13:36:00,1,False,endpoint_missing
1,2018-04-20 13:36:00,2018-04-20 13:37:00,1,False,endpoint_missing
1,2018-04-20 13:37:00,2018-04-20 13:38:00,1,False,endpoint_missing
1,2018-04-20 13:38:00,2018-04-20 13:39:00,1,False,endpoint_missing
1,2018-04-20 13:39:00,2018-04-20 13:40:00,1,False,endpoint_missing
1,2018-04-20 13:40:00,2018-04-20 13:41:00,1,False,endpoint_missing
1,2018-04-20 13:41:00,2018-04-20 13:42:00,1,False,endpoint_missing
1,2018-04-20 13:42:00,2018-04-20 13:43:00,1,False,endpoint_missing
1,2018-04-20 13:43:00,2018-04-20 13:44:00,1,False,endpoint_missing
1,2018-04-20 13:44:00,2018-04-20 13:45:00,1,False,endpoint_missing
1,2018-04-20 13:45:00,2018-04-20 13:46:00,1,False,endpoint_missing
1,2018-04-20 13:46:00,2018-04-20 13:47:00,2,False,endpoint_missing
1,2018-04-20 13:47:00,2018-04-20 13:48:00,1,False,endpoint_missing
1,2018-04-20 13:48:00,2018-04-20 13:49:00,1,False,endpoint_missing
1,2018-04-20 13:49:00,2018-04-20 13:50:00,1,False,endpoint_missing
1,2018-04-20 13:50:00,2018-04-20 13:51:00,1,False,endpoint_missing
1,2018-04-20 13:51:00,2018-04-20 13:52:00,1,False,endpoint_missing
1,2018-04-20 13:52:00,2018-04-20 13:53:00,1,False,endpoint_missing
1,2018-04-20 13:53:00,2018-04-20 13:54:00,2,False,endpoint_missing
1,2018-04-20 13:54:00,2018-04-20 13:55:00,1,False,endpoint_missing
1,2018-04-20 13:55:00,2018-04-20 13:56:00,1,False,endpoint_missing
1,2018-04-20 13:56:00,2018-04-20 13:57:00,2,False,endpoint_missing
1,2018-04-20 13:57:00,2018-04-20 13:58:00,1,False,endpoint_missing
1,2018-04-20 13:58:00,2018-04-20 13:59:00,1,False,endpoint_missing
1,2018-04-20 13:59:00,2018-04-20 14:00:00,1,False,endpoint_missing
1,2018-04-20 14:00:00,2018-04-20 14:01:00,1,False,endpoint_missing
1,2018-04-20 14:01:00,2018-04-20 14:02:00,2,False,endpoint_missing
1,2018-04-20 14:02:00,2018-04-20 14:03:00,1,False,endpoint_missing
1,2018-04-20 14:03:00,2018-04-20 14:04:00,1,False,endpoint_missing
1,2018-04-20 14:04:00,2018-04-20 14:05:00,2,False,endpoint_missing
1,2018-04-20 14:05:00,2018-04-20 14:06:00,1,False,endpoint_missing
1,2018-04-20 14:06:00,2018-04-20 14:07:00,1,False,endpoint_missing
1,2018-04-20 14:07:00,2018-04-20 14:08:00,2,False,endpoint_missing
1,2018-04-20 14:08:00,2018-04-20 14:09:00,1,False,endpoint_missing
1,2018-04-20 14:09:00,2018-04-20 14:10:00,1,False,endpoint_missing
1,2018-04-20 14:10:00,2018-04-20 14:11:00,2,False,endpoint_missing
1,2018-04-20 14:11:00,2018-04-20 14:12:00,1,False,endpoint_missing
1,2018-04-20 14:12:00,2018-04-20 14:13:00,1,False,endpoint_missing
1,2018-04-20 14:13:00,2018-04-20 14:14:00,2,False,endpoint_missing
1,2018-04-20 14:14:00,2018-04-20 14:15:00,1,False,endpoint_missing
1,2018-04-20 14:15:00,2018-04-20 14:16:00,1,False,endpoint_missing
1,2018-04-20 14:16:00,2018-04-20 14:17:00,2,False,endpoint_missing
1,2018-04-20 14:17:00,2018-04-20 14:18:00,1,False,endpoint_missing
1,2018-04-20 14:18:00,2018-04-20 14:19:00,1,False,endpoint_missing
1,2018-04-20 14:19:00,2018-04-20 14:20:00,2,False,endpoint_missing
1,2018-04-20 14:20:00,2018-04-20 14:21:00,2,False,endpoint_missing
1,2018-04-20 14:21:00,2018-04-20 14:22:00,1,False,endpoint_missing
1,2018-04-20 14:22:00,2018-04-20 14:23:00,1,False,endpoint_missing
1,2018-04-20 14:23:00,2018-04-20 14:24:00,2,False,endpoint_missing
1,2018-04-20 14:24:00,2018-04-20 14:25:00,1,False,endpoint_missing
1,2018-04-20 14:25:00,2018-04-20 14:26:00,1,False,endpoint_missing
1,2018-04-20 14:26:00,2018-04-20 14:27:00,2,False,endpoint_missing
1,2018-04-20 14:27:00,2018-04-20 14:28:00,1,False,endpoint_missing
1,2018-04-20 14:28:00,2018-04-20 14:29:00,1,False,endpoint_missing
1,2018-04-20 14:29:00,2018-04-20 14:30:00,2,False,endpoint_missing
1,2018-04-23 09:25:00,2018-04-23 09:26:00,1,False,endpoint_missing
1,2018-04-23 09:26:00,2018-04-23 09:27:00,1,False,endpoint_missing
1,2018-04-23 09:33:00,2018-04-23 09:34:00,1,False,endpoint_missing
1,2018-04-23 09:34:00,2018-04-23 09:35:00,2,False,endpoint_missing
1,2018-04-23 09:35:00,2018-04-23 09:36:00,2,False,endpoint_missing
1,2018-04-23 09:36:00,2018-04-23 09:37:00,2,False,endpoint_missing
1,2018-04-23 09:37:00,2018-04-23 09:38:00,1,False,endpoint_missing
1,2018-04-23 11:18:00,2018-04-23 11:19:00,1,False,endpoint_missing
1,2018-04-23 11:19:00,2018-04-23 11:20:00,1,False,endpoint_missing
1,2018-04-23 11:25:00,2018-04-23 11:26:00,1,False,endpoint_missing
1,2018-04-23 11:26:00,2018-04-23 11:27:00,1,False,endpoint_missing
1,2018-04-23 11:29:00,2018-04-23 11:30:00,1,False,endpoint_missing
1,2018-04-23 13:00:00,2018-04-23 13:01:00,2,False,endpoint_missing
1,2018-04-23 13:01:00,2018-04-23 13:02:00,2,False,endpoint_missing
1,2018-04-23 13:02:00,2018-04-23 13:03:00,1,False,endpoint_missing
1,2018-04-23 13:03:00,2018-04-23 13:04:00,1,False,endpoint_missing
1,2018-04-23 13:04:00,2018-04-23 13:05:00,2,False,endpoint_missing
1,2018-04-23 13:05:00,2018-04-23 13:06:00,2,False,endpoint_missing
1,2018-04-23 13:06:00,2018-04-23 13:07:00,2,False,endpoint_missing
1,2018-04-23 13:07:00,2018-04-23 13:08:00,2,False,endpoint_missing
1,2018-04-23 13:08:00,2018-04-23 13:09:00,2,False,endpoint_missing
1,2018-04-23 13:09:00,2018-04-23 13:10:00,2,False,endpoint_missing
1,2018-04-23 13:10:00,2018-04-23 13:11:00,2,False,endpoint_missing
1,2018-04-23 13:11:00,2018-04-23 13:12:00,2,False,endpoint_missing
1,2018-04-23 13:12:00,2018-04-23 13:13:00,2,False,endpoint_missing
1,2018-04-23 13:13:00,2018-04-23 13:14:00,2,False,endpoint_missing
1,2018-04-23 13:14:00,2018-04-23 13:15:00,2,False,endpoint_missing
1,2018-04-23 13:15:00,2018-04-23 13:16:00,2,False,endpoint_missing
1,2018-04-23 13:16:00,2018-04-23 13:17:00,2,False,endpoint_missing
1,2018-04-23 13:17:00,2018-04-23 13:18:00,2,False,endpoint_missing
1,2018-04-23 13:18:00,2018-04-23 13:19:00,2,False,endpoint_missing
1,2018-04-23 13:19:00,2018-04-23 13:20:00,2,False,endpoint_missing
1,2018-04-23 13:20:00,2018-04-23 13:21:00,2,False,endpoint_missing
1,2018-04-23 13:21:00,2018-04-23 13:22:00,2,False,endpoint_missing
1,2018-04-23 13:22:00,2018-04-23 13:23:00,2,False,endpoint_missing
1,2018-04-23 13:23:00,2018-04-23 13:24:00,2,False,endpoint_missing
1,2018-04-23 13:24:00,2018-04-23 13:25:00,2,False,endpoint_missing
1,2018-04-23 13:25:00,2018-04-23 13:26:00,2,False,endpoint_missing
1,2018-04-23 13:26:00,2018-04-23 13:27:00,2,False,endpoint_missing
1,2018-04-23 13:27:00,2018-04-23 13:28:00,2,False,endpoint_missing
1,2018-04-23 13:28:00,2018-04-23 13:29:00,2,False,endpoint_missing
1,2018-04-23 13:29:00,2018-04-23 13:30:00,2,False,endpoint_missing
1,2018-04-23 13:30:00,2018-04-23 13:31:00,1,False,endpoint_missing
1,2018-04-23 13:31:00,2018-04-23 13:32:00,1,False,endpoint_missing
1,2018-04-23 13:32:00,2018-04-23 13:33:00,1,False,endpoint_missing
1,2018-04-23 13:34:00,2018-04-23 13:35:00,1,False,endpoint_missing
1,2018-04-23 13:35:00,2018-04-23 13:36:00,1,False,endpoint_missing
1,2018-04-23 13:36:00,2018-04-23 13:37:00,1,False,endpoint_missing
1,2018-04-23 13:37:00,2018-04-23 13:38:00,1,False,endpoint_missing
1,2018-04-23 13:38:00,2018-04-23 13:39:00,1,False,endpoint_missing
1,2018-04-23 13:39:00,2018-04-23 13:40:00,1,False,endpoint_missing
1,2018-04-23 13:40:00,2018-04-23 13:41:00,1,False,endpoint_missing
1,2018-04-23 13:41:00,2018-04-23 13:42:00,1,False,endpoint_missing
1,2018-04-23 13:42:00,2018-04-23 13:43:00,1,False,endpoint_missing
1,2018-04-23 13:43:00,2018-04-23 13:44:00,1,False,endpoint_missing
1,2018-04-23 13:44:00,2018-04-23 13:45:00,1,False,endpoint_missing
1,2018-04-23 13:45:00,2018-04-23 13:46:00,1,False,endpoint_missing
1,2018-04-23 13:46:00,2018-04-23 13:47:00,1,False,endpoint_missing
1,2018-04-23 13:47:00,2018-04-23 13:48:00,1,False,endpoint_missing
1,2018-04-23 13:48:00,2018-04-23 13:49:00,1,False,endpoint_missing
1,2018-04-23 13:49:00,2018-04-23 13:50:00,1,False,endpoint_missing
1,2018-04-23 13:50:00,2018-04-23 13:51:00,1,False,endpoint_missing
1,2018-04-23 13:51:00,2018-04-23 13:52:00,1,False,endpoint_missing
1,2018-04-23 13:52:00,2018-04-23 13:53:00,1,False,endpoint_missing
1,2018-04-23 13:53:00,2018-04-23 13:54:00,1,False,endpoint_missing
1,2018-04-23 13:54:00,2018-04-23 13:55:00,1,False,endpoint_missing
1,2018-04-23 13:55:00,2018-04-23 13:56:00,1,False,endpoint_missing
1,2018-04-23 13:56:00,2018-04-23 13:57:00,1,False,endpoint_missing
1,2018-04-23 13:57:00,2018-04-23 13:58:00,1,False,endpoint_missing
1,2018-04-23 13:58:00,2018-04-23 13:59:00,1,False,endpoint_missing
1,2018-04-23 13:59:00,2018-04-23 14:00:00,1,False,endpoint_missing
1,2018-04-23 14:00:00,2018-04-23 14:01:00,1,False,endpoint_missing
1,2018-04-23 14:01:00,2018-04-23 14:02:00,2,False,endpoint_missing
1,2018-04-23 14:02:00,2018-04-23 14:03:00,1,False,endpoint_missing
1,2018-04-23 14:03:00,2018-04-23 14:04:00,1,False,endpoint_missing
1,2018-04-23 14:04:00,2018-04-23 14:05:00,1,False,endpoint_missing
1,2018-04-23 14:05:00,2018-04-23 14:06:00,1,False,endpoint_missing
1,2018-04-23 14:06:00,2018-04-23 14:07:00,1,False,endpoint_missing
1,2018-04-23 14:07:00,2018-04-23 14:08:00,1,False,endpoint_missing
1,2018-04-23 14:08:00,2018-04-23 14:09:00,2,False,endpoint_missing
1,2018-04-23 14:09:00,2018-04-23 14:10:00,1,False,endpoint_missing
1,2018-04-23 14:10:00,2018-04-23 14:11:00,1,False,endpoint_missing
1,2018-04-23 14:11:00,2018-04-23 14:12:00,1,False,endpoint_missing
1,2018-04-23 14:12:00,2018-04-23 14:13:00,1,False,endpoint_missing
1,2018-04-23 14:13:00,2018-04-23 14:14:00,2,False,endpoint_missing
1,2018-04-23 14:14:00,2018-04-23 14:15:00,1,False,endpoint_missing
1,2018-04-23 14:15:00,2018-04-23 14:16:00,1,False,endpoint_missing
1,2018-04-23 14:16:00,2018-04-23 14:17:00,1,False,endpoint_missing
1,2018-04-23 14:17:00,2018-04-23 14:18:00,1,False,endpoint_missing
1,2018-04-23 14:18:00,2018-04-23 14:19:00,2,False,endpoint_missing
1,2018-04-23 14:19:00,2018-04-23 14:20:00,1,False,endpoint_missing
1,2018-04-23 14:20:00,2018-04-23 14:21:00,1,False,endpoint_missing
1,2018-04-23 14:21:00,2018-04-23 14:22:00,2,False,endpoint_missing
1,2018-04-23 14:22:00,2018-04-23 14:23:00,1,False,endpoint_missing
1,2018-04-23 14:23:00,2018-04-23 14:24:00,1,False,endpoint_missing
1,2018-04-23 14:24:00,2018-04-23 14:25:00,2,False,endpoint_missing
1,2018-04-23 14:25:00,2018-04-23 14:26:00,1,False,endpoint_missing
1,2018-04-23 14:26:00,2018-04-23 14:27:00,1,False,endpoint_missing
1,2018-04-23 14:27:00,2018-04-23 14:28:00,2,False,endpoint_missing
1,2018-04-23 14:28:00,2018-04-23 14:29:00,1,False,endpoint_missing
1,2018-04-23 14:29:00,2018-04-23 14:30:00,1,False,endpoint_missing
1,2018-04-24 10:54:00,2018-04-24 10:55:00,1,False,endpoint_missing
1,2018-04-24 10:55:00,2018-04-24 10:56:00,1,False,endpoint_missing
1,2018-04-24 11:00:00,2018-04-24 11:01:00,1,False,endpoint_missing
1,2018-04-24 11:01:00,2018-04-24 11:02:00,1,False,endpoint_missing
1,2018-04-24 11:05:00,2018-04-24 11:06:00,1,False,endpoint_missing
1,2018-04-24 11:06:00,2018-04-24 11:07:00,1,False,endpoint_missing
1,2018-04-24 11:09:00,2018-04-24 11:10:00,1,False,endpoint_missing
1,2018-04-24 11:10:00,2018-04-24 11:11:00,1,False,endpoint_missing
1,2018-04-24 11:13:00,2018-04-24 11:14:00,1,False,endpoint_missing
1,2018-04-24 11:14:00,2018-04-24 11:15:00,1,False,endpoint_missing
1,2018-04-24 11:16:00,2018-04-24 11:17:00,1,False,endpoint_missing
1,2018-04-24 11:17:00,2018-04-24 11:18:00,1,False,endpoint_missing
1,2018-04-24 11:19:00,2018-04-24 11:20:00,1,False,endpoint_missing
1,2018-04-24 11:20:00,2018-04-24 11:21:00,1,False,endpoint_missing
1,2018-04-24 11:22:00,2018-04-24 11:23:00,1,False,endpoint_missing
1,2018-04-24 11:23:00,2018-04-24 11:24:00,1,False,endpoint_missing
1,2018-04-24 11:25:00,2018-04-24 11:26:00,1,False,endpoint_missing
1,2018-04-24 11:26:00,2018-04-24 11:27:00,1,False,endpoint_missing
1,2018-04-24 11:27:00,2018-04-24 11:28:00,1,False,endpoint_missing
1,2018-04-24 11:28:00,2018-04-24 11:29:00,1,False,endpoint_missing
1,2018-04-24 13:00:00,2018-04-24 13:01:00,1,False,endpoint_missing
1,2018-04-24 13:02:00,2018-04-24 13:03:00,1,False,endpoint_missing
1,2018-04-24 13:03:00,2018-04-24 13:04:00,1,False,endpoint_missing
1,2018-04-24 13:04:00,2018-04-24 13:05:00,1,False,endpoint_missing
1,2018-04-24 13:05:00,2018-04-24 13:06:00,1,False,endpoint_missing
1,2018-04-24 13:06:00,2018-04-24 13:07:00,1,False,endpoint_missing
1,2018-04-24 13:07:00,2018-04-24 13:08:00,1,False,endpoint_missing
1,2018-04-24 13:08:00,2018-04-24 13:09:00,1,False,endpoint_missing
1,2018-04-24 13:09:00,2018-04-24 13:10:00,1,False,endpoint_missing
1,2018-04-24 13:10:00,2018-04-24 13:11:00,1,False,endpoint_missing
1,2018-04-24 13:11:00,2018-04-24 13:12:00,1,False,endpoint_missing
1,2018-04-24 13:12:00,2018-04-24 13:13:00,1,False,endpoint_missing
1,2018-04-24 13:13:00,2018-04-24 13:14:00,1,False,endpoint_missing
1,2018-04-24 13:14:00,2018-04-24 13:15:00,1,False,endpoint_missing
1,2018-04-24 13:15:00,2018-04-24 13:16:00,1,False,endpoint_missing
1,2018-04-24 13:16:00,2018-04-24 13:17:00,1,False,endpoint_missing
1,2018-04-24 13:17:00,2018-04-24 13:18:00,2,False,endpoint_missing
1,2018-04-24 13:18:00,2018-04-24 13:19:00,1,False,endpoint_missing
1,2018-04-24 13:19:00,2018-04-24 13:20:00,1,False,endpoint_missing
1,2018-04-24 13:20:00,2018-04-24 13:21:00,1,False,endpoint_missing
1,2018-04-24 13:21:00,2018-04-24 13:22:00,1,False,endpoint_missing
1,2018-04-24 13:22:00,2018-04-24 13:23:00,1,False,endpoint_missing
1,2018-04-24 13:23:00,2018-04-24 13:24:00,1,False,endpoint_missing
1,2018-04-24 13:24:00,2018-04-24 13:25:00,1,False,endpoint_missing
1,2018-04-24 13:25:00,2018-04-24 13:26:00,1,False,endpoint_missing
1,2018-04-24 13:26:00,2018-04-24 13:27:00,1,False,endpoint_missing
1,2018-04-24 13:27:00,2018-04-24 13:28:00,1,False,endpoint_missing
1,2018-04-24 13:28:00,2018-04-24 13:29:00,2,False,endpoint_missing
1,2018-04-24 13:29:00,2018-04-24 13:30:00,1,False,endpoint_missing
1,2018-04-24 13:30:00,2018-04-24 13:31:00,1,False,endpoint_missing
1,2018-04-24 13:31:00,2018-04-24 13:32:00,2,False,endpoint_missing
1,2018-04-24 13:32:00,2018-04-24 13:33:00,1,False,endpoint_missing
1,2018-04-24 13:33:00,2018-04-24 13:34:00,1,False,endpoint_missing
1,2018-04-24 13:34:00,2018-04-24 13:35:00,1,False,endpoint_missing
1,2018-04-24 13:35:00,2018-04-24 13:36:00,1,False,endpoint_missing
1,2018-04-24 13:36:00,2018-04-24 13:37:00,1,False,endpoint_missing
1,2018-04-24 13:37:00,2018-04-24 13:38:00,1,False,endpoint_missing
1,2018-04-24 13:38:00,2018-04-24 13:39:00,2,False,endpoint_missing
1,2018-04-24 13:39:00,2018-04-24 13:40:00,1,False,endpoint_missing
1,2018-04-24 13:40:00,2018-04-24 13:41:00,1,False,endpoint_missing
1,2018-04-24 13:41:00,2018-04-24 13:42:00,2,False,endpoint_missing
1,2018-04-24 13:42:00,2018-04-24 13:43:00,1,False,endpoint_missing
1,2018-04-24 13:43:00,2018-04-24 13:44:00,1,False,endpoint_missing
1,2018-04-24 13:44:00,2018-04-24 13:45:00,2,False,endpoint_missing
1,2018-04-24 13:45:00,2018-04-24 13:46:00,1,False,endpoint_missing
1,2018-04-24 13:46:00,2018-04-24 13:47:00,1,False,endpoint_missing
1,2018-04-24 13:47:00,2018-04-24 13:48:00,2,False,endpoint_missing
1,2018-04-24 13:48:00,2018-04-24 13:49:00,1,False,endpoint_missing
1,2018-04-24 13:49:00,2018-04-24 13:50:00,1,False,endpoint_missing
1,2018-04-24 13:50:00,2018-04-24 13:51:00,1,False,endpoint_missing
1,2018-04-24 13:51:00,2018-04-24 13:52:00,1,False,endpoint_missing
1,2018-04-24 13:52:00,2018-04-24 13:53:00,2,False,endpoint_missing
1,2018-04-24 13:53:00,2018-04-24 13:54:00,1,False,endpoint_missing
1,2018-04-24 13:54:00,2018-04-24 13:55:00,1,False,endpoint_missing
1,2018-04-24 13:55:00,2018-04-24 13:56:00,2,False,endpoint_missing
1,2018-04-24 13:56:00,2018-04-24 13:57:00,1,False,endpoint_missing
1,2018-04-24 13:57:00,2018-04-24 13:58:00,1,False,endpoint_missing
1,2018-04-24 13:58:00,2018-04-24 13:59:00,2,False,endpoint_missing
1,2018-04-24 13:59:00,2018-04-24 14:00:00,1,False,endpoint_missing
1,2018-04-24 14:00:00,2018-04-24 14:01:00,1,False,endpoint_missing
1,2018-04-24 14:01:00,2018-04-24 14:02:00,2,False,endpoint_missing
1,2018-04-24 14:02:00,2018-04-24 14:03:00,1,False,endpoint_missing
1,2018-04-24 14:03:00,2018-04-24 14:04:00,1,False,endpoint_missing
1,2018-04-24 14:04:00,2018-04-24 14:05:00,2,False,endpoint_missing
1,2018-04-24 14:05:00,2018-04-24 14:06:00,1,False,endpoint_missing
1,2018-04-24 14:06:00,2018-04-24 14:07:00,1,False,endpoint_missing
1,2018-04-24 14:07:00,2018-04-24 14:08:00,2,False,endpoint_missing
1,2018-04-24 14:08:00,2018-04-24 14:09:00,2,False,endpoint_missing
1,2018-04-24 14:09:00,2018-04-24 14:10:00,1,False,endpoint_missing
1,2018-04-24 14:10:00,2018-04-24 14:11:00,1,False,endpoint_missing
1,2018-04-24 14:11:00,2018-04-24 14:12:00,2,False,endpoint_missing
1,2018-04-24 14:12:00,2018-04-24 14:13:00,1,False,endpoint_missing
1,2018-04-24 14:13:00,2018-04-24 14:14:00,1,False,endpoint_missing
1,2018-04-24 14:14:00,2018-04-24 14:15:00,2,False,endpoint_missing
1,2018-04-24 14:15:00,2018-04-24 14:16:00,2,False,endpoint_missing
1,2018-04-24 14:16:00,2018-04-24 14:17:00,1,False,endpoint_missing
1,2018-04-24 14:17:00,2018-04-24 14:18:00,1,False,endpoint_missing
1,2018-04-24 14:18:00,2018-04-24 14:19:00,2,False,endpoint_missing
1,2018-04-24 14:19:00,2018-04-24 14:20:00,1,False,endpoint_missing
1,2018-04-24 14:20:00,2018-04-24 14:21:00,1,False,endpoint_missing
1,2018-04-24 14:21:00,2018-04-24 14:22:00,2,False,endpoint_missing
1,2018-04-24 14:22:00,2018-04-24 14:23:00,2,False,endpoint_missing
1,2018-04-24 14:23:00,2018-04-24 14:24:00,1,False,endpoint_missing
1,2018-04-24 14:24:00,2018-04-24 14:25:00,1,False,endpoint_missing
1,2018-04-24 14:25:00,2018-04-24 14:26:00,2,False,endpoint_missing
1,2018-04-24 14:26:00,2018-04-24 14:27:00,2,False,endpoint_missing
1,2018-04-24 14:27:00,2018-04-24 14:28:00,1,False,endpoint_missing
1,2018-04-24 14:28:00,2018-04-24 14:29:00,1,False,endpoint_missing
1,2018-04-24 14:29:00,2018-04-24 14:30:00,2,False,endpoint_missing
1,2018-05-09 11:29:00,2018-05-09 11:30:00,1,False,endpoint_missing
1,2018-05-16 13:09:00,2018-05-16 13:10:00,1,False,endpoint_missing
1,2018-05-16 13:10:00,2018-05-16 13:11:00,2,False,endpoint_missing
1,2018-05-16 13:11:00,2018-05-16 13:12:00,1,False,endpoint_missing
1,2018-07-18 09:07:00,2018-07-18 09:08:00,1,False,endpoint_missing
1,2018-07-18 09:08:00,2018-07-18 09:09:00,1,False,endpoint_missing
1,2018-07-23 10:03:00,2018-07-23 10:04:00,1,False,endpoint_missing
1,2018-07-23 10:04:00,2018-07-23 10:05:00,2,False,endpoint_missing
1,2018-07-23 10:05:00,2018-07-23 10:06:00,2,False,endpoint_missing
1,2018-07-23 10:06:00,2018-07-23 10:07:00,2,False,endpoint_missing
1,2018-07-23 10:07:00,2018-07-23 10:08:00,2,False,endpoint_missing
1,2018-07-23 10:08:00,2018-07-23 10:09:00,2,False,endpoint_missing
1,2018-07-23 10:09:00,2018-07-23 10:10:00,2,False,endpoint_missing
1,2018-07-23 10:10:00,2018-07-23 10:11:00,1,False,endpoint_missing
1,2018-07-26 10:37:00,2018-07-26 10:38:00,1,False,endpoint_missing
1,2018-07-26 10:38:00,2018-07-26 10:39:00,2,False,endpoint_missing
1,2018-07-26 10:39:00,2018-07-26 10:40:00,1,False,endpoint_missing
1,2018-08-30 14:03:00,2018-08-30 14:04:00,1,False,endpoint_missing
1,2018-08-30 14:04:00,2018-08-30 14:05:00,2,False,endpoint_missing
1,2018-08-30 14:05:00,2018-08-30 14:06:00,2,False,endpoint_missing
1,2018-08-30 14:06:00,2018-08-30 14:07:00,2,False,endpoint_missing
1,2018-08-30 14:07:00,2018-08-30 14:08:00,1,False,endpoint_missing
1,2018-10-03 14:27:00,2018-10-03 14:28:00,1,False,endpoint_missing
1,2018-10-03 14:28:00,2018-10-03 14:29:00,1,False,endpoint_missing
1,2018-11-14 13:08:00,2018-11-14 13:09:00,1,False,endpoint_missing
1,2018-11-14 13:09:00,2018-11-14 13:10:00,2,False,endpoint_missing
1,2018-11-14 13:10:00,2018-11-14 13:11:00,2,False,endpoint_missing
1,2018-11-14 13:11:00,2018-11-14 13:12:00,2,False,endpoint_missing
1,2018-11-14 13:12:00,2018-11-14 13:13:00,2,False,endpoint_missing
1,2018-11-14 13:13:00,2018-11-14 13:14:00,2,False,endpoint_missing
1,2018-11-14 13:14:00,2018-11-14 13:15:00,1,False,endpoint_missing
1,2018-11-28 11:07:00,2018-11-28 11:08:00,1,False,endpoint_missing
1,2018-11-28 11:08:00,2018-11-28 11:09:00,2,False,endpoint_missing
1,2018-11-28 11:09:00,2018-11-28 11:10:00,1,False,endpoint_missing
1,2018-11-28 11:13:00,2018-11-28 11:14:00,1,False,endpoint_missing
1,2018-11-28 11:14:00,2018-11-28 11:15:00,2,False,endpoint_missing
1,2018-11-28 11:15:00,2018-11-28 11:16:00,2,False,endpoint_missing
1,2018-11-28 11:16:00,2018-11-28 11:17:00,2,False,endpoint_missing
1,2018-11-28 11:17:00,2018-11-28 11:18:00,2,False,endpoint_missing
1,2018-11-28 11:18:00,2018-11-28 11:19:00,2,False,endpoint_missing
1,2018-11-28 11:19:00,2018-11-28 11:20:00,2,False,endpoint_missing
1,2018-11-28 11:20:00,2018-11-28 11:21:00,2,False,endpoint_missing
1,2018-11-28 11:21:00,2018-11-28 11:22:00,2,False,endpoint_missing
1,2018-11-28 11:22:00,2018-11-28 11:23:00,1,False,endpoint_missing
1,2019-02-21 11:29:00,2019-02-21 11:30:00,1,False,endpoint_missing
1,2019-04-18 11:29:00,2019-04-18 11:30:00,1,False,endpoint_missing
1,2019-06-03 09:09:00,2019-06-03 09:10:00,1,False,endpoint_missing
1,2019-06-03 09:10:00,2019-06-03 09:11:00,2,False,endpoint_missing
1,2019-06-03 09:11:00,2019-06-03 09:12:00,2,False,endpoint_missing
1,2019-06-03 09:12:00,2019-06-03 09:13:00,2,False,endpoint_missing
1,2019-06-03 09:13:00,2019-06-03 09:14:00,2,False,endpoint_missing
1,2019-06-03 09:14:00,2019-06-03 09:15:00,2,False,endpoint_missing
1,2019-06-03 09:15:00,2019-06-03 09:16:00,2,False,endpoint_missing
1,2019-06-03 09:16:00,2019-06-03 09:17:00,2,False,endpoint_missing
1,2019-06-03 09:17:00,2019-06-03 09:18:00,2,False,endpoint_missing
1,2019-06-03 09:18:00,2019-06-03 09:19:00,2,False,endpoint_missing
1,2019-06-03 09:19:00,2019-06-03 09:20:00,2,False,endpoint_missing
1,2019-06-03 09:20:00,2019-06-03 09:21:00,2,False,endpoint_missing
1,2019-06-03 09:21:00,2019-06-03 09:22:00,2,False,endpoint_missing
1,2019-06-03 09:22:00,2019-06-03 09:23:00,2,False,endpoint_missing
1,2019-06-03 09:23:00,2019-06-03 09:24:00,1,False,endpoint_missing
1,2019-06-03 10:42:00,2019-06-03 10:43:00,1,False,endpoint_missing
1,2019-06-03 10:43:00,2019-06-03 10:44:00,2,False,endpoint_missing
1,2019-06-03 10:44:00,2019-06-03 10:45:00,2,False,endpoint_missing
1,2019-06-03 10:45:00,2019-06-03 10:46:00,2,False,endpoint_missing
1,2019-06-03 10:46:00,2019-06-03 10:47:00,2,False,endpoint_missing
1,2019-06-03 10:47:00,2019-06-03 10:48:00,2,False,endpoint_missing
1,2019-06-03 10:48:00,2019-06-03 10:49:00,2,False,endpoint_missing
1,2019-06-03 10:49:00,2019-06-03 10:50:00,2,False,endpoint_missing
1,2019-06-03 10:50:00,2019-06-03 10:51:00,1,False,endpoint_missing
1,2019-06-20 09:41:00,2019-06-20 09:42:00,1,False,endpoint_missing
1,2019-06-20 09:42:00,2019-06-20 09:43:00,1,False,endpoint_missing
1,2019-06-25 09:00:00,2019-06-25 09:01:00,1,False,endpoint_missing
1,2019-07-12 10:59:00,2019-07-12 11:00:00,1,False,endpoint_missing
1,2019-07-12 11:00:00,2019-07-12 11:01:00,2,False,endpoint_missing
1,2019-07-12 11:01:00,2019-07-12 11:02:00,1,False,endpoint_missing
1,2019-07-12 11:02:00,2019-07-12 11:03:00,1,False,endpoint_missing
1,2019-07-12 11:03:00,2019-07-12 11:04:00,1,False,endpoint_missing
1,2019-08-13 10:16:00,2019-08-13 10:17:00,1,False,endpoint_missing
1,2019-08-13 10:17:00,2019-08-13 10:18:00,1,False,endpoint_missing
1,2019-08-30 10:47:00,2019-08-30 10:48:00,1,False,endpoint_missing
1,2019-08-30 10:48:00,2019-08-30 10:49:00,1,False,endpoint_missing
1,2019-09-09 10:25:00,2019-09-09 10:26:00,1,False,endpoint_missing
1,2019-09-09 10:26:00,2019-09-09 10:27:00,1,False,endpoint_missing
1,2019-09-09 10:53:00,2019-09-09 10:54:00,1,False,endpoint_missing
1,2019-09-09 10:54:00,2019-09-09 10:55:00,1,False,endpoint_missing
1,2019-09-09 11:02:00,2019-09-09 11:03:00,1,False,endpoint_missing
1,2019-09-09 11:03:00,2019-09-09 11:04:00,1,False,endpoint_missing
1,2019-09-09 11:15:00,2019-09-09 11:16:00,1,False,endpoint_missing
1,2019-09-09 11:16:00,2019-09-09 11:17:00,1,False,endpoint_missing
1,2019-09-12 09:54:00,2019-09-12 09:55:00,1,False,endpoint_missing
1,2019-09-12 09:55:00,2019-09-12 09:56:00,1,False,endpoint_missing
1,2019-09-17 11:29:00,2019-09-17 11:30:00,1,False,endpoint_missing
1,2019-10-25 10:48:00,2019-10-25 10:49:00,1,False,endpoint_missing
1,2019-10-25 10:49:00,2019-10-25 10:50:00,1,False,endpoint_missing
1,2019-10-30 11:29:00,2019-10-30 11:30:00,1,False,endpoint_missing
1,2019-10-31 11:29:00,2019-10-31 11:30:00,1,False,endpoint_missing
1,2019-11-01 13:26:00,2019-11-01 13:27:00,1,False,endpoint_missing
1,2019-11-01 13:27:00,2019-11-01 13:28:00,2,False,endpoint_missing
1,2019-11-01 13:28:00,2019-11-01 13:29:00,2,False,endpoint_missing
1,2019-11-01 13:29:00,2019-11-01 13:30:00,2,False,endpoint_missing
1,2019-11-01 13:30:00,2019-11-01 13:31:00,2,False,endpoint_missing
1,2019-11-01 13:31:00,2019-11-01 13:32:00,2,False,endpoint_missing
1,2019-11-01 13:32:00,2019-11-01 13:33:00,1,False,endpoint_missing
1,2019-11-01 14:29:00,2019-11-01 14:30:00,1,False,endpoint_missing
1,2019-11-06 11:29:00,2019-11-06 11:30:00,1,False,endpoint_missing
1,2019-11-07 09:44:00,2019-11-07 09:45:00,1,False,endpoint_missing
1,2019-11-07 09:45:00,2019-11-07 09:46:00,1,False,endpoint_missing
1,2019-11-08 10:50:00,2019-11-08 10:51:00,1,False,endpoint_missing
1,2019-11-08 10:51:00,2019-11-08 10:52:00,1,False,endpoint_missing
1,2019-11-11 11:21:00,2019-11-11 11:22:00,1,False,endpoint_missing
1,2019-11-11 11:22:00,2019-11-11 11:23:00,1,False,endpoint_missing
1,2019-11-18 11:29:00,2019-11-18 11:30:00,1,False,endpoint_missing
1,2019-12-05 11:29:00,2019-12-05 11:30:00,1,False,endpoint_missing
1,2019-12-19 10:37:00,2019-12-19 10:38:00,1,False,endpoint_missing
1,2019-12-19 10:38:00,2019-12-19 10:39:00,1,False,endpoint_missing
1,2019-12-19 10:46:00,2019-12-19 10:47:00,1,False,endpoint_missing
1,2019-12-19 10:47:00,2019-12-19 10:48:00,1,False,endpoint_missing
1,2019-12-19 10:48:00,2019-12-19 10:49:00,1,False,endpoint_missing
1,2019-12-19 10:49:00,2019-12-19 10:50:00,1,False,endpoint_missing
1,2019-12-19 11:29:00,2019-12-19 11:30:00,1,False,endpoint_missing
1,2020-02-21 13:49:00,2020-02-21 13:50:00,1,False,endpoint_missing
1,2020-02-21 13:50:00,2020-02-21 13:51:00,1,False,endpoint_missing
1,2020-03-23 14:22:00,2020-03-23 14:23:00,1,False,endpoint_missing
1,2020-03-23 14:23:00,2020-03-23 14:24:00,2,False,endpoint_missing
1,2020-03-23 14:24:00,2020-03-23 14:25:00,1,False,endpoint_missing
1,2020-03-23 14:29:00,2020-03-23 14:30:00,1,False,endpoint_missing
1,2020-04-06 14:29:00,2020-04-06 14:30:00,1,False,endpoint_missing
1,2020-05-25 13:00:00,2020-05-25 13:01:00,1,False,endpoint_missing
1,2020-05-25 13:01:00,2020-05-25 13:02:00,1,False,endpoint_missing
1,2020-06-23 09:53:00,2020-06-23 09:54:00,1,False,endpoint_missing
1,2020-06-23 09:54:00,2020-06-23 09:55:00,2,False,endpoint_missing
1,2020-06-23 09:55:00,2020-06-23 09:56:00,1,False,endpoint_missing
1,2020-11-13 09:00:00,2020-11-13 09:01:00,2,False,endpoint_missing
1,2020-11-13 09:01:00,2020-11-13 09:02:00,2,False,endpoint_missing
1,2020-11-13 09:02:00,2020-11-13 09:03:00,2,False,endpoint_missing
1,2020-11-13 09:03:00,2020-11-13 09:04:00,2,False,endpoint_missing
1,2020-11-13 09:04:00,2020-11-13 09:05:00,2,False,endpoint_missing
1,2020-11-13 09:05:00,2020-11-13 09:06:00,2,False,endpoint_missing
1,2020-11-13 09:06:00,2020-11-13 09:07:00,2,False,endpoint_missing
1,2020-11-13 09:07:00,2020-11-13 09:08:00,2,False,endpoint_missing
1,2020-11-13 09:08:00,2020-11-13 09:09:00,2,False,endpoint_missing
1,2020-11-13 09:09:00,2020-11-13 09:10:00,1,False,endpoint_missing
1,2020-11-17 09:00:00,2020-11-17 09:01:00,2,False,endpoint_missing
1,2020-11-17 09:01:00,2020-11-17 09:02:00,1,False,endpoint_missing
1,2020-12-30 13:30:00,2020-12-30 13:31:00,1,False,endpoint_missing
1,2020-12-30 13:31:00,2020-12-30 13:32:00,2,False,endpoint_missing
1,2020-12-30 13:32:00,2020-12-30 13:33:00,2,False,endpoint_missing
1,2020-12-30 13:33:00,2020-12-30 13:34:00,1,False,endpoint_missing
1,2021-01-06 11:26:00,2021-01-06 11:27:00,1,False,endpoint_missing
1,2021-01-06 11:27:00,2021-01-06 11:28:00,2,False,endpoint_missing
1,2021-01-06 11:28:00,2021-01-06 11:29:00,2,False,endpoint_missing
1,2021-01-06 11:29:00,2021-01-06 11:30:00,2,False,endpoint_missing
1,2021-01-28 13:09:00,2021-01-28 13:10:00,1,False,endpoint_missing
1,2021-01-28 13:10:00,2021-01-28 13:11:00,1,False,endpoint_missing
1,2021-01-28 13:16:00,2021-01-28 13:17:00,1,False,endpoint_missing
1,2021-01-28 13:17:00,2021-01-28 13:18:00,1,False,endpoint_missing
1,2021-01-28 13:18:00,2021-01-28 13:19:00,1,False,endpoint_missing
1,2021-01-28 13:19:00,2021-01-28 13:20:00,1,False,endpoint_missing
1,2021-01-28 13:24:00,2021-01-28 13:25:00,1,False,endpoint_missing
1,2021-01-28 13:25:00,2021-01-28 13:26:00,1,False,endpoint_missing
1,2021-01-28 13:27:00,2021-01-28 13:28:00,1,False,endpoint_missing
1,2021-01-28 13:28:00,2021-01-28 13:29:00,1,False,endpoint_missing
1,2021-01-28 13:29:00,2021-01-28 13:30:00,1,False,endpoint_missing
1,2021-01-28 13:30:00,2021-01-28 13:31:00,2,False,endpoint_missing
1,2021-01-28 13:31:00,2021-01-28 13:32:00,2,False,endpoint_missing
1,2021-01-28 13:32:00,2021-01-28 13:33:00,1,False,endpoint_missing
1,2021-01-28 13:34:00,2021-01-28 13:35:00,1,False,endpoint_missing
1,2021-01-28 13:35:00,2021-01-28 13:36:00,2,False,endpoint_missing
1,2021-01-28 13:36:00,2021-01-28 13:37:00,2,False,endpoint_missing
1,2021-01-28 13:37:00,2021-01-28 13:38:00,2,False,endpoint_missing
1,2021-01-28 13:38:00,2021-01-28 13:39:00,2,False,endpoint_missing
1,2021-01-28 13:39:00,2021-01-28 13:40:00,1,False,endpoint_missing
1,2021-01-28 13:41:00,2021-01-28 13:42:00,1,False,endpoint_missing
1,2021-01-28 13:42:00,2021-01-28 13:43:00,2,False,endpoint_missing
1,2021-01-28 13:43:00,2021-01-28 13:44:00,2,False,endpoint_missing
1,2021-01-28 13:44:00,2021-01-28 13:45:00,2,False,endpoint_missing
1,2021-01-28 13:45:00,2021-01-28 13:46:00,2,False,endpoint_missing
1,2021-01-28 13:46:00,2021-01-28 13:47:00,2,False,endpoint_missing
1,2021-01-28 13:47:00,2021-01-28 13:48:00,1,False,endpoint_missing
1,2021-01-28 13:48:00,2021-01-28 13:49:00,1,False,endpoint_missing
1,2021-01-28 13:49:00,2021-01-28 13:50:00,1,False,endpoint_missing
1,2021-01-28 13:52:00,2021-01-28 13:53:00,1,False,endpoint_missing
1,2021-01-28 13:53:00,2021-01-28 13:54:00,2,False,endpoint_missing
1,2021-01-28 13:54:00,2021-01-28 13:55:00,2,False,endpoint_missing
1,2021-01-28 13:55:00,2021-01-28 13:56:00,2,False,endpoint_missing
1,2021-01-28 13:56:00,2021-01-28 13:57:00,1,False,endpoint_missing
1,2021-01-28 13:57:00,2021-01-28 13:58:00,1,False,endpoint_missing
1,2021-01-28 13:58:00,2021-01-28 13:59:00,2,False,endpoint_missing
1,2021-01-28 13:59:00,2021-01-28 14:00:00,2,False,endpoint_missing
1,2021-01-28 14:00:00,2021-01-28 14:01:00,2,False,endpoint_missing
1,2021-01-28 14:01:00,2021-01-28 14:02:00,2,False,endpoint_missing
1,2021-01-28 14:02:00,2021-01-28 14:03:00,2,False,endpoint_missing
1,2021-01-28 14:03:00,2021-01-28 14:04:00,2,False,endpoint_missing
1,2021-01-28 14:04:00,2021-01-28 14:05:00,1,False,endpoint_missing
1,2021-01-28 14:05:00,2021-01-28 14:06:00,1,False,endpoint_missing
1,2021-01-28 14:06:00,2021-01-28 14:07:00,1,False,endpoint_missing
1,2021-01-28 14:07:00,2021-01-28 14:08:00,1,False,endpoint_missing
1,2021-01-28 14:08:00,2021-01-28 14:09:00,2,False,endpoint_missing
1,2021-01-28 14:09:00,2021-01-28 14:10:00,2,False,endpoint_missing
1,2021-01-28 14:10:00,2021-01-28 14:11:00,2,False,endpoint_missing
1,2021-01-28 14:11:00,2021-01-28 14:12:00,1,False,endpoint_missing
1,2021-01-28 14:12:00,2021-01-28 14:13:00,1,False,endpoint_missing
1,2021-01-28 14:13:00,2021-01-28 14:14:00,2,False,endpoint_missing
1,2021-01-28 14:14:00,2021-01-28 14:15:00,1,False,endpoint_missing
1,2021-01-28 14:15:00,2021-01-28 14:16:00,1,False,endpoint_missing
1,2021-01-28 14:16:00,2021-01-28 14:17:00,1,False,endpoint_missing
1,2021-01-28 14:17:00,2021-01-28 14:18:00,1,False,endpoint_missing
1,2021-01-28 14:18:00,2021-01-28 14:19:00,2,False,endpoint_missing
1,2021-01-28 14:19:00,2021-01-28 14:20:00,1,False,endpoint_missing
1,2021-01-28 14:20:00,2021-01-28 14:21:00,1,False,endpoint_missing
1,2021-01-28 14:21:00,2021-01-28 14:22:00,2,False,endpoint_missing
1,2021-01-28 14:22:00,2021-01-28 14:23:00,1,False,endpoint_missing
1,2021-01-28 14:23:00,2021-01-28 14:24:00,1,False,endpoint_missing
1,2021-01-28 14:24:00,2021-01-28 14:25:00,1,False,endpoint_missing
1,2021-01-28 14:29:00,2021-01-28 14:30:00,1,False,endpoint_missing
1,2021-04-12 10:52:00,2021-04-12 10:53:00,1,False,endpoint_missing
1,2021-04-12 10:53:00,2021-04-12 10:54:00,1,False,endpoint_missing
1,2021-06-08 13:00:00,2021-06-08 13:01:00,1,False,endpoint_missing
1,2021-06-08 13:01:00,2021-06-08 13:02:00,2,False,endpoint_missing
1,2021-06-08 13:02:00,2021-06-08 13:03:00,2,False,endpoint_missing
1,2021-06-08 13:03:00,2021-06-08 13:04:00,2,False,endpoint_missing
1,2021-06-08 13:04:00,2021-06-08 13:05:00,2,False,endpoint_missing
1,2021-06-08 13:05:00,2021-06-08 13:06:00,2,False,endpoint_missing
1,2021-06-08 13:06:00,2021-06-08 13:07:00,1,False,endpoint_missing
1,2021-07-05 09:31:00,2021-07-05 09:32:00,1,False,endpoint_missing
1,2021-07-05 09:32:00,2021-07-05 09:33:00,2,False,endpoint_missing
1,2021-07-05 09:33:00,2021-07-05 09:34:00,2,False,endpoint_missing
1,2021-07-05 09:34:00,2021-07-05 09:35:00,2,False,endpoint_missing
1,2021-07-05 09:35:00,2021-07-05 09:36:00,1,False,endpoint_missing
1,2021-07-06 10:53:00,2021-07-06 10:54:00,1,False,endpoint_missing
1,2021-07-06 10:54:00,2021-07-06 10:55:00,1,False,endpoint_missing
1,2021-08-04 10:19:00,2021-08-04 10:20:00,1,False,endpoint_missing
1,2021-08-04 10:20:00,2021-08-04 10:21:00,2,False,endpoint_missing
1,2021-08-04 10:21:00,2021-08-04 10:22:00,1,False,endpoint_missing
1,2021-08-09 11:15:00,2021-08-09 11:16:00,1,False,endpoint_missing
1,2021-08-09 11:16:00,2021-08-09 11:17:00,2,False,endpoint_missing
1,2021-08-09 11:17:00,2021-08-09 11:18:00,2,False,endpoint_missing
1,2021-08-09 11:18:00,2021-08-09 11:19:00,2,False,endpoint_missing
1,2021-08-09 11:19:00,2021-08-09 11:20:00,2,False,endpoint_missing
1,2021-08-09 11:20:00,2021-08-09 11:21:00,2,False,endpoint_missing
1,2021-08-09 11:21:00,2021-08-09 11:22:00,2,False,endpoint_missing
1,2021-08-09 11:22:00,2021-08-09 11:23:00,2,False,endpoint_missing
1,2021-08-09 11:23:00,2021-08-09 11:24:00,2,False,endpoint_missing
1,2021-08-09 11:24:00,2021-08-09 11:25:00,2,False,endpoint_missing
1,2021-08-09 11:25:00,2021-08-09 11:26:00,2,False,endpoint_missing
1,2021-08-09 11:26:00,2021-08-09 11:27:00,2,False,endpoint_missing
1,2021-08-09 11:27:00,2021-08-09 11:28:00,2,False,endpoint_missing
1,2021-08-09 11:28:00,2021-08-09 11:29:00,2,False,endpoint_missing
1,2021-08-09 11:29:00,2021-08-09 11:30:00,1,False,endpoint_missing
1,2021-08-20 09:00:00,2021-08-20 09:01:00,2,False,endpoint_missing
1,2021-08-20 09:01:00,2021-08-20 09:02:00,2,False,endpoint_missing
1,2021-08-20 09:02:00,2021-08-20 09:03:00,1,False,endpoint_missing
1,2021-09-06 09:16:00,2021-09-06 09:17:00,1,False,endpoint_missing
1,2021-09-06 09:17:00,2021-09-06 09:18:00,2,False,endpoint_missing
1,2021-09-06 09:18:00,2021-09-06 09:19:00,2,False,endpoint_missing
1,2021-09-06 09:19:00,2021-09-06 09:20:00,1,False,endpoint_missing
1,2021-09-06 09:24:00,2021-09-06 09:25:00,1,False,endpoint_missing
1,2021-09-06 09:25:00,2021-09-06 09:26:00,1,False,endpoint_missing
1,2021-09-16 11:29:00,2021-09-16 11:30:00,1,False,endpoint_missing
1,2021-09-24 09:27:00,2021-09-24 09:28:00,1,False,endpoint_missing
1,2021-09-24 09:28:00,2021-09-24 09:29:00,2,False,endpoint_missing
1,2021-09-24 09:29:00,2021-09-24 09:30:00,2,False,endpoint_missing
1,2021-09-24 09:30:00,2021-09-24 09:31:00,2,False,endpoint_missing
1,2021-09-24 09:31:00,2021-09-24 09:32:00,2,False,endpoint_missing
1,2021-09-24 09:32:00,2021-09-24 09:33:00,1,False,endpoint_missing
1,2021-09-28 11:29:00,2021-09-28 11:30:00,1,False,endpoint_missing
1,2021-10-01 11:29:00,2021-10-01 11:30:00,1,False,endpoint_missing
1,2021-10-01 14:29:00,2021-10-01 14:30:00,1,False,endpoint_missing
1,2021-11-09 13:14:00,2021-11-09 13:15:00,1,False,endpoint_missing
1,2021-11-09 13:15:00,2021-11-09 13:16:00,2,False,endpoint_missing
1,2021-11-09 13:16:00,2021-11-09 13:17:00,1,False,endpoint_missing
1,2021-11-16 09:03:00,2021-11-16 09:04:00,1,False,endpoint_missing
1,2021-11-16 09:04:00,2021-11-16 09:05:00,1,False,endpoint_missing
1,2021-11-16 09:24:00,2021-11-16 09:25:00,1,False,endpoint_missing
1,2021-11-16 09:25:00,2021-11-16 09:26:00,1,False,endpoint_missing
1,2021-12-27 10:17:00,2021-12-27 10:18:00,1,False,endpoint_missing
1,2021-12-27 10:18:00,2021-12-27 10:19:00,1,False,endpoint_missing
1,2021-12-30 14:29:00,2021-12-30 14:30:00,1,False,endpoint_missing
1,2021-12-31 14:29:00,2021-12-31 14:30:00,1,False,endpoint_missing
1,2022-01-11 09:36:00,2022-01-11 09:37:00,1,False,endpoint_missing
1,2022-01-11 09:37:00,2022-01-11 09:38:00,1,False,endpoint_missing
1,2022-01-21 09:45:00,2022-01-21 09:46:00,1,False,endpoint_missing
1,2022-01-21 09:46:00,2022-01-21 09:47:00,2,False,endpoint_missing
1,2022-01-21 09:47:00,2022-01-21 09:48:00,2,False,endpoint_missing
1,2022-01-21 09:48:00,2022-01-21 09:49:00,2,False,endpoint_missing
1,2022-01-21 09:49:00,2022-01-21 09:50:00,2,False,endpoint_missing
1,2022-01-21 09:50:00,2022-01-21 09:51:00,2,False,endpoint_missing
1,2022-01-21 09:51:00,2022-01-21 09:52:00,2,False,endpoint_missing
1,2022-01-21 09:52:00,2022-01-21 09:53:00,2,False,endpoint_missing
1,2022-01-21 09:53:00,2022-01-21 09:54:00,2,False,endpoint_missing
1,2022-01-21 09:54:00,2022-01-21 09:55:00,2,False,endpoint_missing
1,2022-01-21 09:55:00,2022-01-21 09:56:00,2,False,endpoint_missing
1,2022-01-21 09:56:00,2022-01-21 09:57:00,2,False,endpoint_missing
1,2022-01-21 09:57:00,2022-01-21 09:58:00,2,False,endpoint_missing
1,2022-01-21 09:58:00,2022-01-21 09:59:00,2,False,endpoint_missing
1,2022-01-21 09:59:00,2022-01-21 10:00:00,2,False,endpoint_missing
1,2022-01-21 10:00:00,2022-01-21 10:01:00,2,False,endpoint_missing
1,2022-01-21 10:01:00,2022-01-21 10:02:00,2,False,endpoint_missing
1,2022-01-21 10:02:00,2022-01-21 10:03:00,2,False,endpoint_missing
1,2022-01-21 10:03:00,2022-01-21 10:04:00,1,False,endpoint_missing
1,2022-01-26 14:15:00,2022-01-26 14:16:00,1,False,endpoint_missing
1,2022-01-26 14:16:00,2022-01-26 14:17:00,2,False,endpoint_missing
1,2022-01-26 14:17:00,2022-01-26 14:18:00,1,False,endpoint_missing
1,2022-04-14 09:40:00,2022-04-14 09:41:00,1,False,endpoint_missing
1,2022-04-14 09:41:00,2022-04-14 09:42:00,1,False,endpoint_missing
1,2022-08-11 09:00:00,2022-08-11 09:01:00,1,False,endpoint_missing
1,2022-11-28 11:22:00,2022-11-28 11:23:00,1,False,endpoint_missing
1,2022-11-28 11:23:00,2022-11-28 11:24:00,2,False,endpoint_missing
1,2022-11-28 11:24:00,2022-11-28 11:25:00,1,False,endpoint_missing
1,2022-11-28 13:27:00,2022-11-28 13:28:00,1,False,endpoint_missing
1,2022-11-28 13:28:00,2022-11-28 13:29:00,2,False,endpoint_missing
1,2022-11-28 13:29:00,2022-11-28 13:30:00,1,False,endpoint_missing
1,2023-05-04 14:29:00,2023-05-04 14:30:00,1,False,endpoint_missing
1,2023-05-05 14:29:00,2023-05-05 14:30:00,1,False,endpoint_missing
1,2023-05-10 09:00:00,2023-05-10 09:01:00,1,False,endpoint_missing
1,2023-06-09 09:00:00,2023-06-09 09:01:00,1,False,endpoint_missing
1,2023-06-21 09:00:00,2023-06-21 09:01:00,1,False,endpoint_missing
1,2023-06-22 11:29:00,2023-06-22 11:30:00,1,False,endpoint_missing
1,2023-06-23 09:17:00,2023-06-23 09:18:00,1,False,endpoint_missing
1,2023-06-23 09:18:00,2023-06-23 09:19:00,1,False,endpoint_missing
1,2023-06-26 10:33:00,2023-06-26 10:34:00,1,False,endpoint_missing
1,2023-06-26 10:34:00,2023-06-26 10:35:00,1,False,endpoint_missing
1,2023-06-26 10:43:00,2023-06-26 10:44:00,1,False,endpoint_missing
1,2023-06-26 10:44:00,2023-06-26 10:45:00,1,False,endpoint_missing
1,2023-06-28 09:00:00,2023-06-28 09:01:00,2,False,endpoint_missing
1,2023-06-28 09:01:00,2023-06-28 09:02:00,1,False,endpoint_missing
1,2023-06-30 09:00:00,2023-06-30 09:01:00,1,False,endpoint_missing
1,2023-09-21 11:29:00,2023-09-21 11:30:00,1,False,endpoint_missing
1,2023-10-06 09:00:00,2023-10-06 09:01:00,1,False,endpoint_missing
1,2023-10-19 09:00:00,2023-10-19 09:01:00,1,False,endpoint_missing
1,2023-10-25 09:07:00,2023-10-25 09:08:00,1,False,endpoint_missing
1,2023-10-25 09:08:00,2023-10-25 09:09:00,2,False,endpoint_missing
1,2023-10-25 09:09:00,2023-10-25 09:10:00,1,False,endpoint_missing
1,2023-10-27 09:00:00,2023-10-27 09:01:00,1,False,endpoint_missing
1,2023-11-02 09:00:00,2023-11-02 09:01:00,1,False,endpoint_missing
1,2023-11-10 09:00:00,2023-11-10 09:01:00,1,False,endpoint_missing
1,2023-11-16 09:00:00,2023-11-16 09:01:00,1,False,endpoint_missing
1,2023-11-24 09:00:00,2023-11-24 09:01:00,1,False,endpoint_missing
1,2023-11-28 13:06:00,2023-11-28 13:07:00,1,False,endpoint_missing
1,2023-11-28 13:07:00,2023-11-28 13:08:00,2,False,endpoint_missing
1,2023-11-28 13:08:00,2023-11-28 13:09:00,2,False,endpoint_missing
1,2023-11-28 13:09:00,2023-11-28 13:10:00,2,False,endpoint_missing
1,2023-11-28 13:10:00,2023-11-28 13:11:00,1,False,endpoint_missing
1,2023-11-30 09:00:00,2023-11-30 09:01:00,1,False,endpoint_missing
1,2023-12-06 09:00:00,2023-12-06 09:01:00,1,False,endpoint_missing
1,2023-12-13 09:00:00,2023-12-13 09:01:00,1,False,endpoint_missing
1,2023-12-15 09:00:00,2023-12-15 09:01:00,1,False,endpoint_missing
1,2023-12-20 09:00:00,2023-12-20 09:01:00,1,False,endpoint_missing
1,2023-12-26 09:00:00,2023-12-26 09:01:00,1,False,endpoint_missing
1,2023-12-29 09:00:00,2023-12-29 09:01:00,1,False,endpoint_missing
1,2024-01-16 09:00:00,2024-01-16 09:01:00,1,False,endpoint_missing
1,2024-01-18 09:00:00,2024-01-18 09:01:00,1,False,endpoint_missing
1,2024-01-22 11:29:00,2024-01-22 11:30:00,1,False,endpoint_missing
1,2024-02-06 09:00:00,2024-02-06 09:01:00,1,False,endpoint_missing
1,2024-03-05 09:00:00,2024-03-05 09:01:00,1,False,endpoint_missing
1,2024-03-06 09:00:00,2024-03-06 09:01:00,1,False,endpoint_missing
1,2024-03-15 09:00:00,2024-03-15 09:01:00,1,False,endpoint_missing
1,2024-03-22 09:00:00,2024-03-22 09:01:00,1,False,endpoint_missing
1,2024-03-28 09:00:00,2024-03-28 09:01:00,1,False,endpoint_missing
1,2024-03-29 09:00:00,2024-03-29 09:01:00,1,False,endpoint_missing
1,2024-04-02 09:00:00,2024-04-02 09:01:00,1,False,endpoint_missing
1,2024-04-05 09:00:00,2024-04-05 09:01:00,1,False,endpoint_missing
1,2024-05-14 09:00:00,2024-05-14 09:01:00,1,False,endpoint_missing
1,2024-05-15 09:00:00,2024-05-15 09:01:00,1,False,endpoint_missing
1,2024-05-17 09:00:00,2024-05-17 09:01:00,1,False,endpoint_missing
1,2024-05-22 11:28:00,2024-05-22 11:29:00,1,False,endpoint_missing
1,2024-05-22 11:29:00,2024-05-22 11:30:00,2,False,endpoint_missing
1,2024-05-22 14:28:00,2024-05-22 14:29:00,1,False,endpoint_missing
1,2024-05-22 14:29:00,2024-05-22 14:30:00,2,False,endpoint_missing
1,2024-05-23 11:28:00,2024-05-23 11:29:00,1,False,endpoint_missing
1,2024-05-23 11:29:00,2024-05-23 11:30:00,2,False,endpoint_missing
1,2024-05-23 14:28:00,2024-05-23 14:29:00,1,False,endpoint_missing
1,2024-05-23 14:29:00,2024-05-23 14:30:00,2,False,endpoint_missing
1,2025-01-02 09:00:00,2025-01-02 09:01:00,2,False,endpoint_missing
1,2025-01-02 09:01:00,2025-01-02 09:02:00,2,False,endpoint_missing
1,2025-01-02 09:02:00,2025-01-02 09:03:00,2,False,endpoint_missing
1,2025-01-02 09:03:00,2025-01-02 09:04:00,2,False,endpoint_missing
1,2025-01-02 09:04:00,2025-01-02 09:05:00,2,False,endpoint_missing
1,2025-01-02 09:05:00,2025-01-02 09:06:00,2,False,endpoint_missing
1,2025-01-02 09:06:00,2025-01-02 09:07:00,2,False,endpoint_missing
1,2025-01-02 09:07:00,2025-01-02 09:08:00,2,False,endpoint_missing
1,2025-01-02 09:08:00,2025-01-02 09:09:00,2,False,endpoint_missing
1,2025-01-02 09:09:00,2025-01-02 09:10:00,1,False,endpoint_missing
1,2025-01-02 09:10:00,2025-01-02 09:11:00,1,False,endpoint_missing
1,2025-01-02 09:11:00,2025-01-02 09:12:00,1,False,endpoint_missing
1,2025-01-02 09:21:00,2025-01-02 09:22:00,1,False,endpoint_missing
1,2025-01-02 09:22:00,2025-01-02 09:23:00,2,False,endpoint_missing
1,2025-01-02 09:23:00,2025-01-02 09:24:00,2,False,endpoint_missing
1,2025-01-02 09:24:00,2025-01-02 09:25:00,2,False,endpoint_missing
1,2025-01-02 09:25:00,2025-01-02 09:26:00,2,False,endpoint_missing
1,2025-01-02 09:26:00,2025-01-02 09:27:00,2,False,endpoint_missing
1,2025-01-02 09:27:00,2025-01-02 09:28:00,2,False,endpoint_missing
1,2025-01-02 09:28:00,2025-01-02 09:29:00,2,False,endpoint_missing
1,2025-01-02 09:29:00,2025-01-02 09:30:00,1,False,endpoint_missing
1,2025-03-25 09:58:00,2025-03-25 09:59:00,1,False,endpoint_missing
1,2025-03-25 09:59:00,2025-03-25 10:00:00,2,False,endpoint_missing
1,2025-03-25 10:00:00,2025-03-25 10:01:00,2,False,endpoint_missing
1,2025-03-25 10:01:00,2025-03-25 10:02:00,2,False,endpoint_missing
1,2025-03-25 10:02:00,2025-03-25 10:03:00,2,False,endpoint_missing
1,2025-03-25 10:03:00,2025-03-25 10:04:00,2,False,endpoint_missing
1,2025-03-25 10:04:00,2025-03-25 10:05:00,2,False,endpoint_missing
1,2025-03-25 10:05:00,2025-03-25 10:06:00,2,False,endpoint_missing
1,2025-03-25 10:06:00,2025-03-25 10:07:00,2,False,endpoint_missing
1,2025-03-25 10:07:00,2025-03-25 10:08:00,2,False,endpoint_missing
1,2025-03-25 10:08:00,2025-03-25 10:09:00,1,False,endpoint_missing
1,2025-04-10 09:04:00,2025-04-10 09:05:00,1,False,endpoint_missing
1,2025-04-10 09:05:00,2025-04-10 09:06:00,2,False,endpoint_missing
1,2025-04-10 09:06:00,2025-04-10 09:07:00,2,False,endpoint_missing
1,2025-04-10 09:07:00,2025-04-10 09:08:00,2,False,endpoint_missing
1,2025-04-10 09:08:00,2025-04-10 09:09:00,2,False,endpoint_missing
1,2025-04-10 09:09:00,2025-04-10 09:10:00,2,False,endpoint_missing
1,2025-04-10 09:10:00,2025-04-10 09:11:00,2,False,endpoint_missing
1,2025-04-10 09:11:00,2025-04-10 09:12:00,2,False,endpoint_missing
1,2025-04-10 09:12:00,2025-04-10 09:13:00,2,False,endpoint_missing
1,2025-04-10 09:13:00,2025-04-10 09:14:00,2,False,endpoint_missing
1,2025-04-10 09:14:00,2025-04-10 09:15:00,2,False,endpoint_missing
1,2025-04-10 09:15:00,2025-04-10 09:16:00,2,False,endpoint_missing
1,2025-04-10 09:16:00,2025-04-10 09:17:00,2,False,endpoint_missing
1,2025-04-10 09:17:00,2025-04-10 09:18:00,2,False,endpoint_missing
1,2025-04-10 09:18:00,2025-04-10 09:19:00,2,False,endpoint_missing
1,2025-04-10 09:19:00,2025-04-10 09:20:00,2,False,endpoint_missing
1,2025-04-10 09:20:00,2025-04-10 09:21:00,2,False,endpoint_missing
1,2025-04-10 09:21:00,2025-04-10 09:22:00,2,False,endpoint_missing
1,2025-04-10 09:22:00,2025-04-10 09:23:00,1,False,endpoint_missing
1,2025-04-10 09:54:00,2025-04-10 09:55:00,1,False,endpoint_missing
1,2025-04-10 09:55:00,2025-04-10 09:56:00,2,False,endpoint_missing
1,2025-04-10 09:56:00,2025-04-10 09:57:00,2,False,endpoint_missing
1,2025-04-10 09:57:00,2025-04-10 09:58:00,2,False,endpoint_missing
1,2025-04-10 09:58:00,2025-04-10 09:59:00,1,False,endpoint_missing
1,2025-04-10 10:01:00,2025-04-10 10:02:00,1,False,endpoint_missing
1,2025-04-10 10:02:00,2025-04-10 10:03:00,1,False,endpoint_missing
1,2025-04-10 10:05:00,2025-04-10 10:06:00,1,False,endpoint_missing
1,2025-04-10 10:06:00,2025-04-10 10:07:00,2,False,endpoint_missing
1,2025-04-10 10:07:00,2025-04-10 10:08:00,2,False,endpoint_missing
1,2025-04-10 10:08:00,2025-04-10 10:09:00,1,False,endpoint_missing
1,2025-04-10 10:13:00,2025-04-10 10:14:00,1,False,endpoint_missing
1,2025-04-10 10:14:00,2025-04-10 10:15:00,2,False,endpoint_missing
1,2025-04-10 10:15:00,2025-04-10 10:16:00,2,False,endpoint_missing
1,2025-04-10 10:16:00,2025-04-10 10:17:00,1,False,endpoint_missing
1,2025-04-10 10:17:00,2025-04-10 10:18:00,1,False,endpoint_missing
1,2025-04-10 10:18:00,2025-04-10 10:19:00,2,False,endpoint_missing
1,2025-04-10 10:19:00,2025-04-10 10:20:00,1,False,endpoint_missing
1,2025-04-10 10:20:00,2025-04-10 10:21:00,1,False,endpoint_missing
1,2025-04-10 10:21:00,2025-04-10 10:22:00,2,False,endpoint_missing
1,2025-04-10 10:22:00,2025-04-10 10:23:00,1,False,endpoint_missing
1,2025-04-10 10:23:00,2025-04-10 10:24:00,1,False,endpoint_missing
1,2025-04-10 10:24:00,2025-04-10 10:25:00,2,False,endpoint_missing
1,2025-04-10 10:25:00,2025-04-10 10:26:00,2,False,endpoint_missing
1,2025-04-10 10:26:00,2025-04-10 10:27:00,2,False,endpoint_missing
1,2025-04-10 10:27:00,2025-04-10 10:28:00,1,False,endpoint_missing
1,2025-04-10 10:30:00,2025-04-10 10:31:00,1,False,endpoint_missing
1,2025-04-10 10:31:00,2025-04-10 10:32:00,2,False,endpoint_missing
1,2025-04-10 10:32:00,2025-04-10 10:33:00,2,False,endpoint_missing
1,2025-04-10 10:33:00,2025-04-10 10:34:00,1,False,endpoint_missing
1,2025-04-10 10:34:00,2025-04-10 10:35:00,1,False,endpoint_missing
1,2025-04-10 10:35:00,2025-04-10 10:36:00,1,False,endpoint_missing
1,2025-04-10 10:42:00,2025-04-10 10:43:00,1,False,endpoint_missing
1,2025-04-10 10:43:00,2025-04-10 10:44:00,1,False,endpoint_missing
1,2025-04-10 10:44:00,2025-04-10 10:45:00,1,False,endpoint_missing
1,2025-04-10 10:45:00,2025-04-10 10:46:00,2,False,endpoint_missing
1,2025-04-10 10:46:00,2025-04-10 10:47:00,2,False,endpoint_missing
1,2025-04-10 10:47:00,2025-04-10 10:48:00,2,False,endpoint_missing
1,2025-04-10 10:48:00,2025-04-10 10:49:00,2,False,endpoint_missing
1,2025-04-10 10:49:00,2025-04-10 10:50:00,1,False,endpoint_missing
1,2025-04-10 10:50:00,2025-04-10 10:51:00,1,False,endpoint_missing
1,2025-04-10 10:51:00,2025-04-10 10:52:00,1,False,endpoint_missing
1,2025-04-10 10:52:00,2025-04-10 10:53:00,1,False,endpoint_missing
1,2025-04-10 10:53:00,2025-04-10 10:54:00,2,False,endpoint_missing
1,2025-04-10 10:54:00,2025-04-10 10:55:00,1,False,endpoint_missing
1,2025-04-10 10:55:00,2025-04-10 10:56:00,1,False,endpoint_missing
1,2025-04-10 10:56:00,2025-04-10 10:57:00,1,False,endpoint_missing
1,2025-04-10 10:57:00,2025-04-10 10:58:00,1,False,endpoint_missing
1,2025-04-10 10:58:00,2025-04-10 10:59:00,1,False,endpoint_missing
1,2025-04-10 11:00:00,2025-04-10 11:01:00,1,False,endpoint_missing
1,2025-04-10 11:01:00,2025-04-10 11:02:00,2,False,endpoint_missing
1,2025-04-10 11:02:00,2025-04-10 11:03:00,2,False,endpoint_missing
1,2025-04-10 11:03:00,2025-04-10 11:04:00,2,False,endpoint_missing
1,2025-04-10 11:04:00,2025-04-10 11:05:00,2,False,endpoint_missing
1,2025-04-10 11:05:00,2025-04-10 11:06:00,1,False,endpoint_missing
1,2025-04-10 11:08:00,2025-04-10 11:09:00,1,False,endpoint_missing
1,2025-04-10 11:09:00,2025-04-10 11:10:00,1,False,endpoint_missing
1,2025-04-10 11:10:00,2025-04-10 11:11:00,1,False,endpoint_missing
1,2025-04-10 11:11:00,2025-04-10 11:12:00,1,False,endpoint_missing
1,2025-04-10 11:13:00,2025-04-10 11:14:00,1,False,endpoint_missing
1,2025-04-10 11:14:00,2025-04-10 11:15:00,1,False,endpoint_missing
1,2025-04-10 11:15:00,2025-04-10 11:16:00,1,False,endpoint_missing
1,2025-04-10 11:16:00,2025-04-10 11:17:00,2,False,endpoint_missing
1,2025-04-10 11:17:00,2025-04-10 11:18:00,2,False,endpoint_missing
1,2025-04-10 11:18:00,2025-04-10 11:19:00,1,False,endpoint_missing
1,2025-04-10 11:20:00,2025-04-10 11:21:00,1,False,endpoint_missing
1,2025-04-10 11:21:00,2025-04-10 11:22:00,2,False,endpoint_missing
1,2025-04-10 11:22:00,2025-04-10 11:23:00,1,False,endpoint_missing
1,2025-04-10 11:25:00,2025-04-10 11:26:00,1,False,endpoint_missing
1,2025-04-10 11:26:00,2025-04-10 11:27:00,2,False,endpoint_missing
1,2025-04-10 11:27:00,2025-04-10 11:28:00,2,False,endpoint_missing
1,2025-04-10 11:28:00,2025-04-10 11:29:00,2,False,endpoint_missing
1,2025-04-10 11:29:00,2025-04-10 11:30:00,2,False,endpoint_missing
1,2025-04-10 13:00:00,2025-04-10 13:01:00,1,False,endpoint_missing
1,2025-04-10 13:01:00,2025-04-10 13:02:00,1,False,endpoint_missing
1,2025-04-10 13:03:00,2025-04-10 13:04:00,1,False,endpoint_missing
1,2025-04-10 13:04:00,2025-04-10 13:05:00,1,False,endpoint_missing
1,2025-04-10 13:07:00,2025-04-10 13:08:00,1,False,endpoint_missing
1,2025-04-10 13:08:00,2025-04-10 13:09:00,2,False,endpoint_missing
1,2025-04-10 13:09:00,2025-04-10 13:10:00,1,False,endpoint_missing
1,2025-04-10 13:10:00,2025-04-10 13:11:00,1,False,endpoint_missing
1,2025-04-10 13:11:00,2025-04-10 13:12:00,2,False,endpoint_missing
1,2025-04-10 13:12:00,2025-04-10 13:13:00,2,False,endpoint_missing
1,2025-04-10 13:13:00,2025-04-10 13:14:00,1,False,endpoint_missing
1,2025-04-10 13:14:00,2025-04-10 13:15:00,1,False,endpoint_missing
1,2025-04-10 13:15:00,2025-04-10 13:16:00,1,False,endpoint_missing
1,2025-04-10 13:16:00,2025-04-10 13:17:00,1,False,endpoint_missing
1,2025-04-10 13:17:00,2025-04-10 13:18:00,1,False,endpoint_missing
1,2025-04-10 13:19:00,2025-04-10 13:20:00,1,False,endpoint_missing
1,2025-04-10 13:20:00,2025-04-10 13:21:00,2,False,endpoint_missing
1,2025-04-10 13:21:00,2025-04-10 13:22:00,2,False,endpoint_missing
1,2025-04-10 13:22:00,2025-04-10 13:23:00,2,False,endpoint_missing
1,2025-04-10 13:23:00,2025-04-10 13:24:00,2,False,endpoint_missing
1,2025-04-10 13:24:00,2025-04-10 13:25:00,2,False,endpoint_missing
1,2025-04-10 13:25:00,2025-04-10 13:26:00,2,False,endpoint_missing
1,2025-04-10 13:26:00,2025-04-10 13:27:00,2,False,endpoint_missing
1,2025-04-10 13:27:00,2025-04-10 13:28:00,2,False,endpoint_missing
1,2025-04-10 13:28:00,2025-04-10 13:29:00,2,False,endpoint_missing
1,2025-04-10 13:29:00,2025-04-10 13:30:00,2,False,endpoint_missing
1,2025-04-10 13:30:00,2025-04-10 13:31:00,2,False,endpoint_missing
1,2025-04-10 13:31:00,2025-04-10 13:32:00,2,False,endpoint_missing
1,2025-04-10 13:32:00,2025-04-10 13:33:00,2,False,endpoint_missing
1,2025-04-10 13:33:00,2025-04-10 13:34:00,2,False,endpoint_missing
1,2025-04-10 13:34:00,2025-04-10 13:35:00,2,False,endpoint_missing
1,2025-04-10 13:35:00,2025-04-10 13:36:00,2,False,endpoint_missing
1,2025-04-10 13:36:00,2025-04-10 13:37:00,1,False,endpoint_missing
1,2025-04-10 13:37:00,2025-04-10 13:38:00,1,False,endpoint_missing
1,2025-04-10 13:38:00,2025-04-10 13:39:00,2,False,endpoint_missing
1,2025-04-10 13:39:00,2025-04-10 13:40:00,1,False,endpoint_missing
1,2025-04-10 13:40:00,2025-04-10 13:41:00,1,False,endpoint_missing
1,2025-04-10 13:41:00,2025-04-10 13:42:00,2,False,endpoint_missing
1,2025-04-10 13:42:00,2025-04-10 13:43:00,1,False,endpoint_missing
1,2025-04-10 13:43:00,2025-04-10 13:44:00,1,False,endpoint_missing
1,2025-04-10 13:44:00,2025-04-10 13:45:00,2,False,endpoint_missing
1,2025-04-10 13:45:00,2025-04-10 13:46:00,1,False,endpoint_missing
1,2025-04-10 13:46:00,2025-04-10 13:47:00,1,False,endpoint_missing
1,2025-04-10 13:47:00,2025-04-10 13:48:00,2,False,endpoint_missing
1,2025-04-10 13:48:00,2025-04-10 13:49:00,2,False,endpoint_missing
1,2025-04-10 13:49:00,2025-04-10 13:50:00,1,False,endpoint_missing
1,2025-04-10 13:51:00,2025-04-10 13:52:00,1,False,endpoint_missing
1,2025-04-10 13:52:00,2025-04-10 13:53:00,2,False,endpoint_missing
1,2025-04-10 13:53:00,2025-04-10 13:54:00,2,False,endpoint_missing
1,2025-04-10 13:54:00,2025-04-10 13:55:00,2,False,endpoint_missing
1,2025-04-10 13:55:00,2025-04-10 13:56:00,2,False,endpoint_missing
1,2025-04-10 13:56:00,2025-04-10 13:57:00,1,False,endpoint_missing
1,2025-04-10 13:57:00,2025-04-10 13:58:00,1,False,endpoint_missing
1,2025-04-10 13:58:00,2025-04-10 13:59:00,2,False,endpoint_missing
1,2025-04-10 13:59:00,2025-04-10 14:00:00,1,False,endpoint_missing
1,2025-04-10 14:02:00,2025-04-10 14:03:00,1,False,endpoint_missing
1,2025-04-10 14:03:00,2025-04-10 14:04:00,2,False,endpoint_missing
1,2025-04-10 14:04:00,2025-04-10 14:05:00,2,False,endpoint_missing
1,2025-04-10 14:05:00,2025-04-10 14:06:00,2,False,endpoint_missing
1,2025-04-10 14:06:00,2025-04-10 14:07:00,2,False,endpoint_missing
1,2025-04-10 14:07:00,2025-04-10 14:08:00,2,False,endpoint_missing
1,2025-04-10 14:08:00,2025-04-10 14:09:00,1,False,endpoint_missing
1,2025-04-10 14:09:00,2025-04-10 14:10:00,1,False,endpoint_missing
1,2025-04-10 14:10:00,2025-04-10 14:11:00,2,False,endpoint_missing
1,2025-04-10 14:11:00,2025-04-10 14:12:00,1,False,endpoint_missing
1,2025-04-10 14:12:00,2025-04-10 14:13:00,1,False,endpoint_missing
1,2025-04-10 14:13:00,2025-04-10 14:14:00,2,False,endpoint_missing
1,2025-04-10 14:14:00,2025-04-10 14:15:00,1,False,endpoint_missing
1,2025-04-10 14:17:00,2025-04-10 14:18:00,1,False,endpoint_missing
1,2025-04-10 14:18:00,2025-04-10 14:19:00,2,False,endpoint_missing
1,2025-04-10 14:19:00,2025-04-10 14:20:00,1,False,endpoint_missing
1,2025-04-10 14:21:00,2025-04-10 14:22:00,1,False,endpoint_missing
1,2025-04-10 14:22:00,2025-04-10 14:23:00,2,False,endpoint_missing
1,2025-04-10 14:23:00,2025-04-10 14:24:00,2,False,endpoint_missing
1,2025-04-10 14:24:00,2025-04-10 14:25:00,1,False,endpoint_missing
1,2025-04-10 14:29:00,2025-04-10 14:30:00,1,False,endpoint_missing
1,2025-05-05 11:29:00,2025-05-05 11:30:00,1,False,endpoint_missing
1,2025-05-05 14:29:00,2025-05-05 14:30:00,1,False,endpoint_missing
1,2025-05-06 11:29:00,2025-05-06 11:30:00,1,False,endpoint_missing
1,2025-05-06 14:29:00,2025-05-06 14:30:00,1,False,endpoint_missing
1,2025-05-07 11:29:00,2025-05-07 11:30:00,1,False,endpoint_missing
1,2025-05-07 14:29:00,2025-05-07 14:30:00,1,False,endpoint_missing
1,2025-05-08 11:29:00,2025-05-08 11:30:00,1,False,endpoint_missing
1,2025-05-08 14:29:00,2025-05-08 14:30:00,1,False,endpoint_missing
1,2025-05-09 11:29:00,2025-05-09 11:30:00,1,False,endpoint_missing
1,2025-05-09 14:29:00,2025-05-09 14:30:00,1,False,endpoint_missing
1,2025-05-12 11:29:00,2025-05-12 11:30:00,1,False,endpoint_missing
1,2025-05-12 14:29:00,2025-05-12 14:30:00,1,False,endpoint_missing
1,2025-05-13 11:29:00,2025-05-13 11:30:00,1,False,endpoint_missing
1,2025-05-13 14:29:00,2025-05-13 14:30:00,1,False,endpoint_missing
1,2025-05-14 11:29:00,2025-05-14 11:30:00,1,False,endpoint_missing
1,2025-05-14 14:29:00,2025-05-14 14:30:00,1,False,endpoint_missing
1,2025-05-15 11:29:00,2025-05-15 11:30:00,1,False,endpoint_missing
1,2025-05-15 14:29:00,2025-05-15 14:30:00,1,False,endpoint_missing
1,2025-05-16 11:29:00,2025-05-16 11:30:00,1,False,endpoint_missing
1,2025-05-16 14:29:00,2025-05-16 14:30:00,1,False,endpoint_missing
1,2025-05-19 11:29:00,2025-05-19 11:30:00,1,False,endpoint_missing
1,2025-05-19 14:29:00,2025-05-19 14:30:00,1,False,endpoint_missing
1,2025-05-20 11:29:00,2025-05-20 11:30:00,1,False,endpoint_missing
1,2025-05-20 14:29:00,2025-05-20 14:30:00,1,False,endpoint_missing
1,2025-05-21 11:29:00,2025-05-21 11:30:00,1,False,endpoint_missing
1,2025-05-21 14:29:00,2025-05-21 14:30:00,1,False,endpoint_missing
1,2025-05-22 11:29:00,2025-05-22 11:30:00,1,False,endpoint_missing
1,2025-05-22 14:29:00,2025-05-22 14:30:00,1,False,endpoint_missing
1,2025-05-23 11:29:00,2025-05-23 11:30:00,1,False,endpoint_missing
1,2025-05-23 14:29:00,2025-05-23 14:30:00,1,False,endpoint_missing
1,2025-05-26 11:29:00,2025-05-26 11:30:00,1,False,endpoint_missing
1,2025-05-26 14:29:00,2025-05-26 14:30:00,1,False,endpoint_missing
1,2025-05-27 11:29:00,2025-05-27 11:30:00,1,False,endpoint_missing
1,2025-05-27 14:29:00,2025-05-27 14:30:00,1,False,endpoint_missing
1,2025-05-28 11:29:00,2025-05-28 11:30:00,1,False,endpoint_missing
1,2025-05-28 14:29:00,2025-05-28 14:30:00,1,False,endpoint_missing
1,2025-05-29 11:29:00,2025-05-29 11:30:00,1,False,endpoint_missing
1,2025-05-29 14:29:00,2025-05-29 14:30:00,1,False,endpoint_missing
1,2025-05-30 11:29:00,2025-05-30 11:30:00,1,False,endpoint_missing
1,2025-05-30 14:29:00,2025-05-30 14:30:00,1,False,endpoint_missing
1,2025-06-02 11:29:00,2025-06-02 11:30:00,1,False,endpoint_missing
1,2025-06-02 14:29:00,2025-06-02 14:30:00,1,False,endpoint_missing
1,2025-06-03 11:29:00,2025-06-03 11:30:00,1,False,endpoint_missing
1,2025-06-03 14:29:00,2025-06-03 14:30:00,1,False,endpoint_missing
1,2025-06-04 11:29:00,2025-06-04 11:30:00,1,False,endpoint_missing
1,2025-06-04 14:29:00,2025-06-04 14:30:00,1,False,endpoint_missing
1,2025-06-05 11:29:00,2025-06-05 11:30:00,1,False,endpoint_missing
1,2025-06-05 14:29:00,2025-06-05 14:30:00,1,False,endpoint_missing
1,2025-06-06 11:29:00,2025-06-06 11:30:00,1,False,endpoint_missing
1,2025-06-06 14:29:00,2025-06-06 14:30:00,1,False,endpoint_missing
1,2025-06-09 11:29:00,2025-06-09 11:30:00,1,False,endpoint_missing
1,2025-06-09 14:29:00,2025-06-09 14:30:00,1,False,endpoint_missing
1,2025-06-10 11:29:00,2025-06-10 11:30:00,1,False,endpoint_missing
1,2025-06-10 14:29:00,2025-06-10 14:30:00,1,False,endpoint_missing
1,2025-06-11 11:29:00,2025-06-11 11:30:00,1,False,endpoint_missing
1,2025-06-11 14:29:00,2025-06-11 14:30:00,1,False,endpoint_missing
1,2025-06-12 11:29:00,2025-06-12 11:30:00,1,False,endpoint_missing
1,2025-06-12 14:29:00,2025-06-12 14:30:00,1,False,endpoint_missing
1,2025-06-13 11:29:00,2025-06-13 11:30:00,1,False,endpoint_missing
1,2025-06-13 14:29:00,2025-06-13 14:30:00,1,False,endpoint_missing
1,2025-06-16 11:29:00,2025-06-16 11:30:00,1,False,endpoint_missing
1,2025-06-16 14:29:00,2025-06-16 14:30:00,1,False,endpoint_missing
1,2025-06-17 11:29:00,2025-06-17 11:30:00,1,False,endpoint_missing
1,2025-06-17 14:29:00,2025-06-17 14:30:00,1,False,endpoint_missing
1,2025-06-18 11:29:00,2025-06-18 11:30:00,1,False,endpoint_missing
1,2025-06-18 14:29:00,2025-06-18 14:30:00,1,False,endpoint_missing
1,2025-06-19 11:29:00,2025-06-19 11:30:00,1,False,endpoint_missing
1,2025-06-19 14:29:00,2025-06-19 14:30:00,1,False,endpoint_missing
1,2025-06-20 11:29:00,2025-06-20 11:30:00,1,False,endpoint_missing
1,2025-06-20 14:29:00,2025-06-20 14:30:00,1,False,endpoint_missing
1,2025-06-23 11:29:00,2025-06-23 11:30:00,1,False,endpoint_missing
1,2025-06-23 14:29:00,2025-06-23 14:30:00,1,False,endpoint_missing
1,2025-06-24 11:29:00,2025-06-24 11:30:00,1,False,endpoint_missing
1,2025-06-24 14:29:00,2025-06-24 14:30:00,1,False,endpoint_missing
1,2025-06-25 11:29:00,2025-06-25 11:30:00,1,False,endpoint_missing
1,2025-06-25 14:29:00,2025-06-25 14:30:00,1,False,endpoint_missing
1,2025-06-26 11:29:00,2025-06-26 11:30:00,1,False,endpoint_missing
1,2025-06-26 14:29:00,2025-06-26 14:30:00,1,False,endpoint_missing
1,2025-06-27 11:29:00,2025-06-27 11:30:00,1,False,endpoint_missing
1,2025-06-27 14:29:00,2025-06-27 14:30:00,1,False,endpoint_missing
1,2025-06-30 11:29:00,2025-06-30 11:30:00,1,False,endpoint_missing
1,2025-06-30 14:29:00,2025-06-30 14:30:00,1,False,endpoint_missing
1,2025-07-01 11:29:00,2025-07-01 11:30:00,1,False,endpoint_missing
1,2025-07-01 14:29:00,2025-07-01 14:30:00,1,False,endpoint_missing
1,2025-07-02 11:29:00,2025-07-02 11:30:00,1,False,endpoint_missing
1,2025-07-02 14:29:00,2025-07-02 14:30:00,1,False,endpoint_missing
1,2025-07-03 11:29:00,2025-07-03 11:30:00,1,False,endpoint_missing
1,2025-07-03 14:29:00,2025-07-03 14:30:00,1,False,endpoint_missing
1,2025-07-04 11:29:00,2025-07-04 11:30:00,1,False,endpoint_missing
1,2025-07-04 14:29:00,2025-07-04 14:30:00,1,False,endpoint_missing
1,2025-07-07 11:29:00,2025-07-07 11:30:00,1,False,endpoint_missing
1,2025-07-07 14:29:00,2025-07-07 14:30:00,1,False,endpoint_missing
1,2025-07-08 11:29:00,2025-07-08 11:30:00,1,False,endpoint_missing
1,2025-07-08 14:29:00,2025-07-08 14:30:00,1,False,endpoint_missing
1,2025-07-09 11:29:00,2025-07-09 11:30:00,1,False,endpoint_missing
1,2025-07-09 14:29:00,2025-07-09 14:30:00,1,False,endpoint_missing
1,2025-07-10 11:29:00,2025-07-10 11:30:00,1,False,endpoint_missing
1,2025-07-10 13:00:00,2025-07-10 13:01:00,2,False,endpoint_missing
1,2025-07-10 13:01:00,2025-07-10 13:02:00,1,False,endpoint_missing
1,2025-07-10 14:29:00,2025-07-10 14:30:00,1,False,endpoint_missing
1,2025-07-11 11:29:00,2025-07-11 11:30:00,1,False,endpoint_missing
1,2025-07-11 14:29:00,2025-07-11 14:30:00,1,False,endpoint_missing
1,2025-07-14 11:29:00,2025-07-14 11:30:00,1,False,endpoint_missing
1,2025-07-14 14:29:00,2025-07-14 14:30:00,1,False,endpoint_missing
1,2025-07-15 11:29:00,2025-07-15 11:30:00,1,False,endpoint_missing
1,2025-07-15 14:29:00,2025-07-15 14:30:00,1,False,endpoint_missing
1,2025-07-16 11:29:00,2025-07-16 11:30:00,1,False,endpoint_missing
1,2025-07-16 14:29:00,2025-07-16 14:30:00,1,False,endpoint_missing
1,2025-07-17 11:29:00,2025-07-17 11:30:00,1,False,endpoint_missing
1,2025-07-17 14:29:00,2025-07-17 14:30:00,1,False,endpoint_missing
1,2025-07-18 11:29:00,2025-07-18 11:30:00,1,False,endpoint_missing
1,2025-07-18 14:29:00,2025-07-18 14:30:00,1,False,endpoint_missing
1,2025-07-21 11:29:00,2025-07-21 11:30:00,1,False,endpoint_missing
1,2025-07-21 14:29:00,2025-07-21 14:30:00,1,False,endpoint_missing
1,2025-07-22 11:29:00,2025-07-22 11:30:00,1,False,endpoint_missing
1,2025-07-22 14:29:00,2025-07-22 14:30:00,1,False,endpoint_missing
1,2025-07-23 11:29:00,2025-07-23 11:30:00,1,False,endpoint_missing
1,2025-07-23 14:29:00,2025-07-23 14:30:00,1,False,endpoint_missing
1,2025-07-24 11:29:00,2025-07-24 11:30:00,1,False,endpoint_missing
1,2025-07-24 14:29:00,2025-07-24 14:30:00,1,False,endpoint_missing
1,2025-07-25 11:29:00,2025-07-25 11:30:00,1,False,endpoint_missing
1,2025-07-25 14:29:00,2025-07-25 14:30:00,1,False,endpoint_missing
1,2025-07-28 11:29:00,2025-07-28 11:30:00,1,False,endpoint_missing
1,2025-07-28 14:29:00,2025-07-28 14:30:00,1,False,endpoint_missing
1,2025-07-29 11:29:00,2025-07-29 11:30:00,1,False,endpoint_missing
1,2025-07-29 14:29:00,2025-07-29 14:30:00,1,False,endpoint_missing
1,2025-07-30 11:29:00,2025-07-30 11:30:00,1,False,endpoint_missing
1,2025-07-30 14:29:00,2025-07-30 14:30:00,1,False,endpoint_missing
1,2025-07-31 11:29:00,2025-07-31 11:30:00,1,False,endpoint_missing
1,2025-07-31 14:29:00,2025-07-31 14:30:00,1,False,endpoint_missing
1,2025-08-01 11:29:00,2025-08-01 11:30:00,1,False,endpoint_missing
1,2025-08-01 14:29:00,2025-08-01 14:30:00,1,False,endpoint_missing
1,2025-08-04 11:29:00,2025-08-04 11:30:00,1,False,endpoint_missing
1,2025-08-04 14:29:00,2025-08-04 14:30:00,1,False,endpoint_missing
1,2025-08-05 11:29:00,2025-08-05 11:30:00,1,False,endpoint_missing
1,2025-08-05 14:29:00,2025-08-05 14:30:00,1,False,endpoint_missing
1,2025-08-06 11:29:00,2025-08-06 11:30:00,1,False,endpoint_missing
1,2025-08-06 14:29:00,2025-08-06 14:30:00,1,False,endpoint_missing
1,2025-08-07 11:29:00,2025-08-07 11:30:00,1,False,endpoint_missing
1,2025-08-07 14:29:00,2025-08-07 14:30:00,1,False,endpoint_missing
1,2025-08-08 11:29:00,2025-08-08 11:30:00,1,False,endpoint_missing
1,2025-08-08 14:29:00,2025-08-08 14:30:00,1,False,endpoint_missing
1,2025-08-11 11:29:00,2025-08-11 11:30:00,1,False,endpoint_missing
1,2025-08-11 14:29:00,2025-08-11 14:30:00,1,False,endpoint_missing
1,2025-08-12 11:29:00,2025-08-12 11:30:00,1,False,endpoint_missing
1,2025-08-12 14:29:00,2025-08-12 14:30:00,1,False,endpoint_missing
1,2025-08-13 11:29:00,2025-08-13 11:30:00,1,False,endpoint_missing
1,2025-08-13 14:29:00,2025-08-13 14:30:00,1,False,endpoint_missing
1,2025-08-14 11:29:00,2025-08-14 11:30:00,1,False,endpoint_missing
1,2025-08-14 14:29:00,2025-08-14 14:30:00,1,False,endpoint_missing
1,2025-08-15 11:29:00,2025-08-15 11:30:00,1,False,endpoint_missing
1,2025-08-15 14:29:00,2025-08-15 14:30:00,1,False,endpoint_missing
1,2025-08-18 11:29:00,2025-08-18 11:30:00,1,False,endpoint_missing
1,2025-08-18 14:29:00,2025-08-18 14:30:00,1,False,endpoint_missing
1,2025-08-19 11:29:00,2025-08-19 11:30:00,1,False,endpoint_missing
1,2025-08-19 14:29:00,2025-08-19 14:30:00,1,False,endpoint_missing
1,2025-08-20 11:29:00,2025-08-20 11:30:00,1,False,endpoint_missing
1,2025-08-20 14:29:00,2025-08-20 14:30:00,1,False,endpoint_missing
1,2025-08-21 11:29:00,2025-08-21 11:30:00,1,False,endpoint_missing
1,2025-08-21 14:29:00,2025-08-21 14:30:00,1,False,endpoint_missing
1,2025-08-22 11:29:00,2025-08-22 11:30:00,1,False,endpoint_missing
1,2025-08-22 14:29:00,2025-08-22 14:30:00,1,False,endpoint_missing
1,2025-08-25 11:29:00,2025-08-25 11:30:00,1,False,endpoint_missing
1,2025-08-25 14:29:00,2025-08-25 14:30:00,1,False,endpoint_missing
1,2025-08-26 11:29:00,2025-08-26 11:30:00,1,False,endpoint_missing
1,2025-08-26 14:29:00,2025-08-26 14:30:00,1,False,endpoint_missing
1,2025-08-27 11:29:00,2025-08-27 11:30:00,1,False,endpoint_missing
1,2025-08-27 14:29:00,2025-08-27 14:30:00,1,False,endpoint_missing
1,2025-08-28 11:29:00,2025-08-28 11:30:00,1,False,endpoint_missing
1,2025-08-28 14:29:00,2025-08-28 14:30:00,1,False,endpoint_missing
1,2025-08-29 11:29:00,2025-08-29 11:30:00,1,False,endpoint_missing
1,2025-08-29 14:29:00,2025-08-29 14:30:00,1,False,endpoint_missing
1,2025-09-03 11:29:00,2025-09-03 11:30:00,1,False,endpoint_missing
1,2025-09-03 14:29:00,2025-09-03 14:30:00,1,False,endpoint_missing
1,2025-09-04 11:29:00,2025-09-04 11:30:00,1,False,endpoint_missing
1,2025-09-04 14:29:00,2025-09-04 14:30:00,1,False,endpoint_missing
1,2025-09-05 11:29:00,2025-09-05 11:30:00,1,False,endpoint_missing
1,2025-09-05 14:29:00,2025-09-05 14:30:00,1,False,endpoint_missing
1,2025-09-08 11:29:00,2025-09-08 11:30:00,1,False,endpoint_missing
1,2025-09-08 14:29:00,2025-09-08 14:30:00,1,False,endpoint_missing
1,2025-09-09 11:29:00,2025-09-09 11:30:00,1,False,endpoint_missing
1,2025-09-09 14:29:00,2025-09-09 14:30:00,1,False,endpoint_missing
1,2025-09-10 11:29:00,2025-09-10 11:30:00,1,False,endpoint_missing
1,2025-09-10 14:29:00,2025-09-10 14:30:00,1,False,endpoint_missing
1,2025-09-11 11:29:00,2025-09-11 11:30:00,1,False,endpoint_missing
1,2025-09-11 14:29:00,2025-09-11 14:30:00,1,False,endpoint_missing
1,2025-09-12 11:29:00,2025-09-12 11:30:00,1,False,endpoint_missing
1,2025-09-12 14:29:00,2025-09-12 14:30:00,1,False,endpoint_missing
1,2025-09-15 11:29:00,2025-09-15 11:30:00,1,False,endpoint_missing
1,2025-09-15 14:29:00,2025-09-15 14:30:00,1,False,endpoint_missing
1,2025-09-16 11:29:00,2025-09-16 11:30:00,1,False,endpoint_missing
1,2025-09-16 14:29:00,2025-09-16 14:30:00,1,False,endpoint_missing
1,2025-09-17 11:29:00,2025-09-17 11:30:00,1,False,endpoint_missing
1,2025-09-17 14:29:00,2025-09-17 14:30:00,1,False,endpoint_missing
1,2025-09-18 11:29:00,2025-09-18 11:30:00,1,False,endpoint_missing
1,2025-09-18 14:29:00,2025-09-18 14:30:00,1,False,endpoint_missing
1,2025-09-19 11:29:00,2025-09-19 11:30:00,1,False,endpoint_missing
1,2025-09-19 14:29:00,2025-09-19 14:30:00,1,False,endpoint_missing
1,2025-09-22 11:29:00,2025-09-22 11:30:00,1,False,endpoint_missing
1,2025-09-22 14:29:00,2025-09-22 14:30:00,1,False,endpoint_missing
1,2025-09-23 11:29:00,2025-09-23 11:30:00,1,False,endpoint_missing
1,2025-09-23 14:29:00,2025-09-23 14:30:00,1,False,endpoint_missing
1,2025-09-24 11:29:00,2025-09-24 11:30:00,1,False,endpoint_missing
1,2025-09-24 14:29:00,2025-09-24 14:30:00,1,False,endpoint_missing
1,2025-09-25 11:29:00,2025-09-25 11:30:00,1,False,endpoint_missing
1,2025-09-25 14:29:00,2025-09-25 14:30:00,1,False,endpoint_missing
1,2025-09-26 11:29:00,2025-09-26 11:30:00,1,False,endpoint_missing
1,2025-09-26 14:29:00,2025-09-26 14:30:00,1,False,endpoint_missing
1,2025-09-29 11:29:00,2025-09-29 11:30:00,1,False,endpoint_missing
1,2025-09-29 14:29:00,2025-09-29 14:30:00,1,False,endpoint_missing
1,2025-09-30 11:29:00,2025-09-30 11:30:00,1,False,endpoint_missing
1,2025-09-30 14:29:00,2025-09-30 14:30:00,1,False,endpoint_missing
1,2025-10-01 11:29:00,2025-10-01 11:30:00,1,False,endpoint_missing
1,2025-10-01 14:29:00,2025-10-01 14:30:00,1,False,endpoint_missing
1,2025-10-02 11:29:00,2025-10-02 11:30:00,1,False,endpoint_missing
1,2025-10-02 14:29:00,2025-10-02 14:30:00,1,False,endpoint_missing
1,2025-10-03 11:29:00,2025-10-03 11:30:00,1,False,endpoint_missing
1,2025-10-03 14:29:00,2025-10-03 14:30:00,1,False,endpoint_missing
1,2025-10-06 11:29:00,2025-10-06 11:30:00,1,False,endpoint_missing
1,2025-10-06 14:29:00,2025-10-06 14:30:00,1,False,endpoint_missing
1,2025-10-07 11:29:00,2025-10-07 11:30:00,1,False,endpoint_missing
1,2025-10-07 14:29:00,2025-10-07 14:30:00,1,False,endpoint_missing
1,2025-10-08 11:29:00,2025-10-08 11:30:00,1,False,endpoint_missing
1,2025-10-08 14:29:00,2025-10-08 14:30:00,1,False,endpoint_missing
1,2025-10-09 11:29:00,2025-10-09 11:30:00,1,False,endpoint_missing
1,2025-10-09 14:29:00,2025-10-09 14:30:00,1,False,endpoint_missing
1,2025-10-10 11:29:00,2025-10-10 11:30:00,1,False,endpoint_missing
1,2025-10-10 14:29:00,2025-10-10 14:30:00,1,False,endpoint_missing
1,2025-10-13 11:29:00,2025-10-13 11:30:00,1,False,endpoint_missing
1,2025-10-13 14:29:00,2025-10-13 14:30:00,1,False,endpoint_missing
1,2025-10-14 11:29:00,2025-10-14 11:30:00,1,False,endpoint_missing
1,2025-10-14 14:29:00,2025-10-14 14:30:00,1,False,endpoint_missing
1,2025-10-15 11:29:00,2025-10-15 11:30:00,1,False,endpoint_missing
1,2025-10-15 14:29:00,2025-10-15 14:30:00,1,False,endpoint_missing
1,2025-10-16 11:29:00,2025-10-16 11:30:00,1,False,endpoint_missing
1,2025-10-16 14:29:00,2025-10-16 14:30:00,1,False,endpoint_missing
1,2025-10-17 11:29:00,2025-10-17 11:30:00,1,False,endpoint_missing
1,2025-10-17 14:29:00,2025-10-17 14:30:00,1,False,endpoint_missing
1,2025-10-20 11:29:00,2025-10-20 11:30:00,1,False,endpoint_missing
1,2025-10-20 14:29:00,2025-10-20 14:30:00,1,False,endpoint_missing
1,2025-10-21 11:29:00,2025-10-21 11:30:00,1,False,endpoint_missing
1,2025-10-21 14:29:00,2025-10-21 14:30:00,1,False,endpoint_missing
1,2025-10-22 11:29:00,2025-10-22 11:30:00,1,False,endpoint_missing
1,2025-10-22 14:29:00,2025-10-22 14:30:00,1,False,endpoint_missing
1,2025-10-23 11:29:00,2025-10-23 11:30:00,1,False,endpoint_missing
1,2025-10-23 14:29:00,2025-10-23 14:30:00,1,False,endpoint_missing
1,2025-10-24 11:29:00,2025-10-24 11:30:00,1,False,endpoint_missing
1,2025-10-24 14:29:00,2025-10-24 14:30:00,1,False,endpoint_missing
1,2025-10-27 11:29:00,2025-10-27 11:30:00,1,False,endpoint_missing
1,2025-10-27 14:29:00,2025-10-27 14:30:00,1,False,endpoint_missing
1,2025-10-28 11:29:00,2025-10-28 11:30:00,1,False,endpoint_missing
1,2025-10-28 14:29:00,2025-10-28 14:30:00,1,False,endpoint_missing
1,2025-10-29 11:29:00,2025-10-29 11:30:00,1,False,endpoint_missing
1,2025-10-29 14:29:00,2025-10-29 14:30:00,1,False,endpoint_missing
1,2025-10-30 11:29:00,2025-10-30 11:30:00,1,False,endpoint_missing
1,2025-10-30 14:29:00,2025-10-30 14:30:00,1,False,endpoint_missing
1,2025-10-31 11:29:00,2025-10-31 11:30:00,1,False,endpoint_missing
1,2025-10-31 14:29:00,2025-10-31 14:30:00,1,False,endpoint_missing
1,2025-11-03 11:29:00,2025-11-03 11:30:00,1,False,endpoint_missing
1,2025-11-03 14:29:00,2025-11-03 14:30:00,1,False,endpoint_missing
1,2025-11-04 11:29:00,2025-11-04 11:30:00,1,False,endpoint_missing
1,2025-11-04 14:29:00,2025-11-04 14:30:00,1,False,endpoint_missing
1,2025-11-05 11:29:00,2025-11-05 11:30:00,1,False,endpoint_missing
1,2025-11-05 14:29:00,2025-11-05 14:30:00,1,False,endpoint_missing
1,2025-11-06 11:29:00,2025-11-06 11:30:00,1,False,endpoint_missing
1,2025-11-06 14:29:00,2025-11-06 14:30:00,1,False,endpoint_missing
1,2025-11-07 11:29:00,2025-11-07 11:30:00,1,False,endpoint_missing
1,2025-11-07 14:29:00,2025-11-07 14:30:00,1,False,endpoint_missing
1,2025-11-10 11:29:00,2025-11-10 11:30:00,1,False,endpoint_missing
1,2025-11-10 14:29:00,2025-11-10 14:30:00,1,False,endpoint_missing
1,2025-11-11 11:29:00,2025-11-11 11:30:00,1,False,endpoint_missing
1,2025-11-11 14:29:00,2025-11-11 14:30:00,1,False,endpoint_missing
1,2025-11-12 11:29:00,2025-11-12 11:30:00,1,False,endpoint_missing
1,2025-11-12 14:29:00,2025-11-12 14:30:00,1,False,endpoint_missing
1,2025-11-13 11:29:00,2025-11-13 11:30:00,1,False,endpoint_missing
1,2025-11-13 14:29:00,2025-11-13 14:30:00,1,False,endpoint_missing
1,2025-11-14 11:29:00,2025-11-14 11:30:00,1,False,endpoint_missing
1,2025-11-14 14:29:00,2025-11-14 14:30:00,1,False,endpoint_missing
1,2025-11-17 11:29:00,2025-11-17 11:30:00,1,False,endpoint_missing
1,2025-11-17 14:29:00,2025-11-17 14:30:00,1,False,endpoint_missing
1,2025-11-18 11:29:00,2025-11-18 11:30:00,1,False,endpoint_missing
1,2025-11-18 14:29:00,2025-11-18 14:30:00,1,False,endpoint_missing
1,2025-11-19 11:29:00,2025-11-19 11:30:00,1,False,endpoint_missing
1,2025-11-19 14:29:00,2025-11-19 14:30:00,1,False,endpoint_missing
1,2025-11-20 11:29:00,2025-11-20 11:30:00,1,False,endpoint_missing
1,2025-11-20 14:29:00,2025-11-20 14:30:00,1,False,endpoint_missing
1,2025-11-21 11:29:00,2025-11-21 11:30:00,1,False,endpoint_missing
1,2025-11-21 14:29:00,2025-11-21 14:30:00,1,False,endpoint_missing
1,2025-11-24 11:29:00,2025-11-24 11:30:00,1,False,endpoint_missing
1,2025-11-24 14:29:00,2025-11-24 14:30:00,1,False,endpoint_missing
1,2025-11-25 11:29:00,2025-11-25 11:30:00,1,False,endpoint_missing
1,2025-11-25 14:29:00,2025-11-25 14:30:00,1,False,endpoint_missing
1,2025-11-26 11:29:00,2025-11-26 11:30:00,1,False,endpoint_missing
1,2025-11-26 14:29:00,2025-11-26 14:30:00,1,False,endpoint_missing
1,2025-11-27 11:29:00,2025-11-27 11:30:00,1,False,endpoint_missing
1,2025-11-27 14:29:00,2025-11-27 14:30:00,1,False,endpoint_missing
1,2025-11-28 11:29:00,2025-11-28 11:30:00,1,False,endpoint_missing
1,2025-11-28 14:29:00,2025-11-28 14:30:00,1,False,endpoint_missing
1,2025-12-01 11:29:00,2025-12-01 11:30:00,1,False,endpoint_missing
1,2025-12-01 14:29:00,2025-12-01 14:30:00,1,False,endpoint_missing
1,2025-12-02 11:29:00,2025-12-02 11:30:00,1,False,endpoint_missing
1,2025-12-02 14:29:00,2025-12-02 14:30:00,1,False,endpoint_missing
1,2025-12-03 11:29:00,2025-12-03 11:30:00,1,False,endpoint_missing
1,2025-12-03 14:29:00,2025-12-03 14:30:00,1,False,endpoint_missing
1,2025-12-04 11:29:00,2025-12-04 11:30:00,1,False,endpoint_missing
1,2025-12-04 14:29:00,2025-12-04 14:30:00,1,False,endpoint_missing
1,2025-12-05 11:29:00,2025-12-05 11:30:00,1,False,endpoint_missing
1,2025-12-05 14:29:00,2025-12-05 14:30:00,1,False,endpoint_missing
1,2025-12-08 11:29:00,2025-12-08 11:30:00,1,False,endpoint_missing
1,2025-12-08 14:29:00,2025-12-08 14:30:00,1,False,endpoint_missing
1,2025-12-09 11:29:00,2025-12-09 11:30:00,1,False,endpoint_missing
1,2025-12-09 14:29:00,2025-12-09 14:30:00,1,False,endpoint_missing
1,2025-12-10 11:29:00,2025-12-10 11:30:00,1,False,endpoint_missing
1,2025-12-10 14:29:00,2025-12-10 14:30:00,1,False,endpoint_missing
1,2025-12-11 11:29:00,2025-12-11 11:30:00,1,False,endpoint_missing
1,2025-12-11 14:29:00,2025-12-11 14:30:00,1,False,endpoint_missing
1,2025-12-12 11:29:00,2025-12-12 11:30:00,1,False,endpoint_missing
1,2025-12-12 14:29:00,2025-12-12 14:30:00,1,False,endpoint_missing
1,2025-12-15 11:29:00,2025-12-15 11:30:00,1,False,endpoint_missing
1,2025-12-15 14:29:00,2025-12-15 14:30:00,1,False,endpoint_missing
1,2025-12-16 11:29:00,2025-12-16 11:30:00,1,False,endpoint_missing
1,2025-12-16 14:29:00,2025-12-16 14:30:00,1,False,endpoint_missing
1,2025-12-17 11:29:00,2025-12-17 11:30:00,1,False,endpoint_missing
1,2025-12-17 14:29:00,2025-12-17 14:30:00,1,False,endpoint_missing
1,2025-12-18 11:29:00,2025-12-18 11:30:00,1,False,endpoint_missing
1,2025-12-18 14:29:00,2025-12-18 14:30:00,1,False,endpoint_missing
1,2025-12-19 11:29:00,2025-12-19 11:30:00,1,False,endpoint_missing
1,2025-12-19 14:29:00,2025-12-19 14:30:00,1,False,endpoint_missing
1,2025-12-22 11:29:00,2025-12-22 11:30:00,1,False,endpoint_missing
1,2025-12-22 14:29:00,2025-12-22 14:30:00,1,False,endpoint_missing
1,2025-12-23 11:29:00,2025-12-23 11:30:00,1,False,endpoint_missing
1,2025-12-23 14:29:00,2025-12-23 14:30:00,1,False,endpoint_missing
1,2025-12-24 11:29:00,2025-12-24 11:30:00,1,False,endpoint_missing
1,2025-12-24 14:29:00,2025-12-24 14:30:00,1,False,endpoint_missing
1,2025-12-25 11:29:00,2025-12-25 11:30:00,1,False,endpoint_missing
1,2025-12-25 14:29:00,2025-12-25 14:30:00,1,False,endpoint_missing
1,2025-12-26 11:29:00,2025-12-26 11:30:00,1,False,endpoint_missing
1,2025-12-26 14:29:00,2025-12-26 14:30:00,1,False,endpoint_missing
1,2025-12-29 11:29:00,2025-12-29 11:30:00,1,False,endpoint_missing
1,2025-12-29 14:29:00,2025-12-29 14:30:00,1,False,endpoint_missing
1,2025-12-30 11:29:00,2025-12-30 11:30:00,1,False,endpoint_missing
1,2025-12-30 14:29:00,2025-12-30 14:30:00,1,False,endpoint_missing
1,2025-12-31 11:29:00,2025-12-31 11:30:00,1,False,endpoint_missing
1,2025-12-31 14:29:00,2025-12-31 14:30:00,1,False,endpoint_missing
1,2026-01-05 11:29:00,2026-01-05 11:30:00,1,False,endpoint_missing
1,2026-01-05 14:29:00,2026-01-05 14:30:00,1,False,endpoint_missing
1,2026-01-06 11:29:00,2026-01-06 11:30:00,1,False,endpoint_missing
1,2026-01-06 14:29:00,2026-01-06 14:30:00,1,False,endpoint_missing
1,2026-01-07 11:29:00,2026-01-07 11:30:00,1,False,endpoint_missing
1,2026-01-07 14:29:00,2026-01-07 14:30:00,1,False,endpoint_missing
1,2026-01-08 11:29:00,2026-01-08 11:30:00,1,False,endpoint_missing
1,2026-01-08 14:29:00,2026-01-08 14:30:00,1,False,endpoint_missing
1,2026-01-09 11:29:00,2026-01-09 11:30:00,1,False,endpoint_missing
1,2026-01-09 14:29:00,2026-01-09 14:30:00,1,False,endpoint_missing
1,2026-01-12 11:29:00,2026-01-12 11:30:00,1,False,endpoint_missing
1,2026-01-12 14:29:00,2026-01-12 14:30:00,1,False,endpoint_missing
1,2026-01-13 11:29:00,2026-01-13 11:30:00,1,False,endpoint_missing
1,2026-01-13 14:29:00,2026-01-13 14:30:00,1,False,endpoint_missing
1,2026-01-14 11:29:00,2026-01-14 11:30:00,1,False,endpoint_missing
1,2026-01-14 14:29:00,2026-01-14 14:30:00,1,False,endpoint_missing
1,2026-01-15 11:29:00,2026-01-15 11:30:00,1,False,endpoint_missing
1,2026-01-15 14:29:00,2026-01-15 14:30:00,1,False,endpoint_missing
1,2026-01-16 11:29:00,2026-01-16 11:30:00,1,False,endpoint_missing
1,2026-01-16 14:29:00,2026-01-16 14:30:00,1,False,endpoint_missing
1,2026-01-19 11:29:00,2026-01-19 11:30:00,1,False,endpoint_missing
1,2026-01-19 14:29:00,2026-01-19 14:30:00,1,False,endpoint_missing
1,2026-01-20 11:29:00,2026-01-20 11:30:00,1,False,endpoint_missing
1,2026-01-20 14:29:00,2026-01-20 14:30:00,1,False,endpoint_missing
1,2026-01-21 11:29:00,2026-01-21 11:30:00,1,False,endpoint_missing
1,2026-01-21 14:29:00,2026-01-21 14:30:00,1,False,endpoint_missing
1,2026-01-22 11:29:00,2026-01-22 11:30:00,1,False,endpoint_missing
1,2026-01-22 14:29:00,2026-01-22 14:30:00,1,False,endpoint_missing
1,2026-01-23 11:29:00,2026-01-23 11:30:00,1,False,endpoint_missing
1,2026-01-23 14:29:00,2026-01-23 14:30:00,1,False,endpoint_missing
1,2026-01-26 11:29:00,2026-01-26 11:30:00,1,False,endpoint_missing
1,2026-01-26 14:29:00,2026-01-26 14:30:00,1,False,endpoint_missing
1,2026-01-27 11:29:00,2026-01-27 11:30:00,1,False,endpoint_missing
1,2026-01-27 14:29:00,2026-01-27 14:30:00,1,False,endpoint_missing
1,2026-01-28 11:29:00,2026-01-28 11:30:00,1,False,endpoint_missing
1,2026-01-28 14:29:00,2026-01-28 14:30:00,1,False,endpoint_missing
1,2026-01-29 11:29:00,2026-01-29 11:30:00,1,False,endpoint_missing
1,2026-01-29 14:29:00,2026-01-29 14:30:00,1,False,endpoint_missing
1,2026-01-30 11:29:00,2026-01-30 11:30:00,1,False,endpoint_missing
1,2026-01-30 14:29:00,2026-01-30 14:30:00,1,False,endpoint_missing
1,2026-02-02 11:29:00,2026-02-02 11:30:00,1,False,endpoint_missing
1,2026-02-02 14:29:00,2026-02-02 14:30:00,1,False,endpoint_missing
1,2026-02-03 11:29:00,2026-02-03 11:30:00,1,False,endpoint_missing
1,2026-02-03 14:29:00,2026-02-03 14:30:00,1,False,endpoint_missing
1,2026-02-04 11:29:00,2026-02-04 11:30:00,1,False,endpoint_missing
1,2026-02-04 14:29:00,2026-02-04 14:30:00,1,False,endpoint_missing
1,2026-02-05 11:29:00,2026-02-05 11:30:00,1,False,endpoint_missing
1,2026-02-05 14:29:00,2026-02-05 14:30:00,1,False,endpoint_missing
1,2026-02-06 11:29:00,2026-02-06 11:30:00,1,False,endpoint_missing
1,2026-02-06 14:29:00,2026-02-06 14:30:00,1,False,endpoint_missing
1,2026-02-09 11:29:00,2026-02-09 11:30:00,1,False,endpoint_missing
1,2026-02-09 14:29:00,2026-02-09 14:30:00,1,False,endpoint_missing
1,2026-02-10 11:29:00,2026-02-10 11:30:00,1,False,endpoint_missing
1,2026-02-10 14:29:00,2026-02-10 14:30:00,1,False,endpoint_missing
1,2026-02-11 11:29:00,2026-02-11 11:30:00,1,False,endpoint_missing
1,2026-02-11 14:29:00,2026-02-11 14:30:00,1,False,endpoint_missing
1,2026-02-12 11:29:00,2026-02-12 11:30:00,1,False,endpoint_missing
1,2026-02-12 14:29:00,2026-02-12 14:30:00,1,False,endpoint_missing
1,2026-02-13 11:29:00,2026-02-13 11:30:00,1,False,endpoint_missing
1,2026-02-13 14:29:00,2026-02-13 14:30:00,1,False,endpoint_missing
1,2026-02-23 11:29:00,2026-02-23 11:30:00,1,False,endpoint_missing
1,2026-02-23 14:29:00,2026-02-23 14:30:00,1,False,endpoint_missing
1,2026-02-24 11:29:00,2026-02-24 11:30:00,1,False,endpoint_missing
1,2026-02-24 14:29:00,2026-02-24 14:30:00,1,False,endpoint_missing
1,2026-02-25 11:29:00,2026-02-25 11:30:00,1,False,endpoint_missing
1,2026-02-25 14:29:00,2026-02-25 14:30:00,1,False,endpoint_missing
1,2026-02-26 11:29:00,2026-02-26 11:30:00,1,False,endpoint_missing
1,2026-02-26 14:29:00,2026-02-26 14:30:00,1,False,endpoint_missing
1,2026-02-27 11:29:00,2026-02-27 11:30:00,1,False,endpoint_missing
1,2026-02-27 14:29:00,2026-02-27 14:30:00,1,False,endpoint_missing
1,2026-03-02 11:29:00,2026-03-02 11:30:00,1,False,endpoint_missing
1,2026-03-02 14:29:00,2026-03-02 14:30:00,1,False,endpoint_missing
1,2026-03-03 11:29:00,2026-03-03 11:30:00,1,False,endpoint_missing
1,2026-03-03 14:29:00,2026-03-03 14:30:00,1,False,endpoint_missing
1,2026-03-04 11:29:00,2026-03-04 11:30:00,1,False,endpoint_missing
1,2026-03-04 14:29:00,2026-03-04 14:30:00,1,False,endpoint_missing
1,2026-03-05 11:29:00,2026-03-05 11:30:00,1,False,endpoint_missing
1,2026-03-05 14:29:00,2026-03-05 14:30:00,1,False,endpoint_missing
1,2026-03-06 11:29:00,2026-03-06 11:30:00,1,False,endpoint_missing
1,2026-03-06 14:29:00,2026-03-06 14:30:00,1,False,endpoint_missing
1,2026-03-09 11:29:00,2026-03-09 11:30:00,1,False,endpoint_missing
1,2026-03-09 14:29:00,2026-03-09 14:30:00,1,False,endpoint_missing
1,2026-03-10 11:29:00,2026-03-10 11:30:00,1,False,endpoint_missing
1,2026-03-10 14:29:00,2026-03-10 14:30:00,1,False,endpoint_missing
1,2026-03-11 11:29:00,2026-03-11 11:30:00,1,False,endpoint_missing
1,2026-03-11 14:29:00,2026-03-11 14:30:00,1,False,endpoint_missing
1,2026-03-12 11:29:00,2026-03-12 11:30:00,1,False,endpoint_missing
1,2026-03-12 14:29:00,2026-03-12 14:30:00,1,False,endpoint_missing
1,2026-03-13 11:29:00,2026-03-13 11:30:00,1,False,endpoint_missing
1,2026-03-13 14:29:00,2026-03-13 14:30:00,1,False,endpoint_missing
1,2026-03-16 11:29:00,2026-03-16 11:30:00,1,False,endpoint_missing
1,2026-03-16 14:29:00,2026-03-16 14:30:00,1,False,endpoint_missing
1,2026-03-17 11:29:00,2026-03-17 11:30:00,1,False,endpoint_missing
1,2026-03-17 14:29:00,2026-03-17 14:30:00,1,False,endpoint_missing
1,2026-03-18 11:29:00,2026-03-18 11:30:00,1,False,endpoint_missing
1,2026-03-18 14:29:00,2026-03-18 14:30:00,1,False,endpoint_missing
1,2026-03-19 11:29:00,2026-03-19 11:30:00,1,False,endpoint_missing
1,2026-03-19 14:29:00,2026-03-19 14:30:00,1,False,endpoint_missing
1,2026-03-20 11:29:00,2026-03-20 11:30:00,1,False,endpoint_missing
1,2026-03-20 14:29:00,2026-03-20 14:30:00,1,False,endpoint_missing
1,2026-03-23 11:29:00,2026-03-23 11:30:00,1,False,endpoint_missing
1,2026-03-23 14:29:00,2026-03-23 14:30:00,1,False,endpoint_missing
1,2026-03-24 11:29:00,2026-03-24 11:30:00,1,False,endpoint_missing
1,2026-03-24 14:29:00,2026-03-24 14:30:00,1,False,endpoint_missing
1,2026-03-25 11:29:00,2026-03-25 11:30:00,1,False,endpoint_missing
1,2026-03-25 14:29:00,2026-03-25 14:30:00,1,False,endpoint_missing
1,2026-03-26 11:29:00,2026-03-26 11:30:00,1,False,endpoint_missing
1,2026-03-26 14:29:00,2026-03-26 14:30:00,1,False,endpoint_missing
1,2026-03-27 11:29:00,2026-03-27 11:30:00,1,False,endpoint_missing
1,2026-03-27 14:29:00,2026-03-27 14:30:00,1,False,endpoint_missing
1,2026-03-30 11:29:00,2026-03-30 11:30:00,1,False,endpoint_missing
1,2026-03-30 14:29:00,2026-03-30 14:30:00,1,False,endpoint_missing
1,2026-03-31 11:29:00,2026-03-31 11:30:00,1,False,endpoint_missing
1,2026-03-31 14:29:00,2026-03-31 14:30:00,1,False,endpoint_missing
1,2026-04-01 11:29:00,2026-04-01 11:30:00,1,False,endpoint_missing
1,2026-04-01 14:29:00,2026-04-01 14:30:00,1,False,endpoint_missing
1,2026-04-02 11:29:00,2026-04-02 11:30:00,1,False,endpoint_missing
1,2026-04-02 14:29:00,2026-04-02 14:30:00,1,False,endpoint_missing
1,2026-04-03 11:29:00,2026-04-03 11:30:00,1,False,endpoint_missing
1,2026-04-03 14:29:00,2026-04-03 14:30:00,1,False,endpoint_missing
1,2026-04-06 11:29:00,2026-04-06 11:30:00,1,False,endpoint_missing
1,2026-04-06 14:29:00,2026-04-06 14:30:00,1,False,endpoint_missing
1,2026-04-07 11:29:00,2026-04-07 11:30:00,1,False,endpoint_missing
1,2026-04-07 14:29:00,2026-04-07 14:30:00,1,False,endpoint_missing
1,2026-04-08 11:29:00,2026-04-08 11:30:00,1,False,endpoint_missing
1,2026-04-08 14:29:00,2026-04-08 14:30:00,1,False,endpoint_missing
1,2026-04-09 11:29:00,2026-04-09 11:30:00,1,False,endpoint_missing
1,2026-04-09 14:29:00,2026-04-09 14:30:00,1,False,endpoint_missing
1,2026-04-10 11:29:00,2026-04-10 11:30:00,1,False,endpoint_missing
1,2026-04-10 14:29:00,2026-04-10 14:30:00,1,False,endpoint_missing
1,2026-04-13 11:29:00,2026-04-13 11:30:00,1,False,endpoint_missing
1,2026-04-13 14:29:00,2026-04-13 14:30:00,1,False,endpoint_missing
1,2026-04-14 11:29:00,2026-04-14 11:30:00,1,False,endpoint_missing
1,2026-04-14 14:29:00,2026-04-14 14:30:00,1,False,endpoint_missing
1,2026-04-15 11:29:00,2026-04-15 11:30:00,1,False,endpoint_missing
1,2026-04-15 14:29:00,2026-04-15 14:30:00,1,False,endpoint_missing
1,2026-04-16 11:29:00,2026-04-16 11:30:00,1,False,endpoint_missing
1,2026-04-16 14:29:00,2026-04-16 14:30:00,1,False,endpoint_missing
1,2026-04-17 11:29:00,2026-04-17 11:30:00,1,False,endpoint_missing
1,2026-04-17 14:29:00,2026-04-17 14:30:00,1,False,endpoint_missing
1,2026-04-20 11:29:00,2026-04-20 11:30:00,1,False,endpoint_missing
1,2026-04-20 14:29:00,2026-04-20 14:30:00,1,False,endpoint_missing
1,2026-04-21 11:29:00,2026-04-21 11:30:00,1,False,endpoint_missing
1,2026-04-21 14:29:00,2026-04-21 14:30:00,1,False,endpoint_missing
1,2026-04-22 11:29:00,2026-04-22 11:30:00,1,False,endpoint_missing
1,2026-04-22 14:29:00,2026-04-22 14:30:00,1,False,endpoint_missing
1,2026-04-23 11:29:00,2026-04-23 11:30:00,1,False,endpoint_missing
1,2026-04-23 14:29:00,2026-04-23 14:30:00,1,False,endpoint_missing
1,2026-04-24 11:29:00,2026-04-24 11:30:00,1,False,endpoint_missing
1,2026-04-24 14:29:00,2026-04-24 14:30:00,1,False,endpoint_missing
1,2026-04-28 11:29:00,2026-04-28 11:30:00,1,False,endpoint_missing
1,2026-04-28 14:29:00,2026-04-28 14:30:00,1,False,endpoint_missing
1,2026-04-29 11:29:00,2026-04-29 11:30:00,1,False,endpoint_missing
1,2026-04-29 14:29:00,2026-04-29 14:30:00,1,False,endpoint_missing
1,2026-05-04 11:29:00,2026-05-04 11:30:00,1,False,endpoint_missing
1,2026-05-04 14:29:00,2026-05-04 14:30:00,1,False,endpoint_missing
1,2026-05-05 11:29:00,2026-05-05 11:30:00,1,False,endpoint_missing
1,2026-05-05 14:29:00,2026-05-05 14:30:00,1,False,endpoint_missing
1,2026-05-06 11:29:00,2026-05-06 11:30:00,1,False,endpoint_missing
1,2026-05-06 14:29:00,2026-05-06 14:30:00,1,False,endpoint_missing
1,2026-05-07 11:29:00,2026-05-07 11:30:00,1,False,endpoint_missing
1,2026-05-07 14:29:00,2026-05-07 14:30:00,1,False,endpoint_missing
1,2026-05-08 11:29:00,2026-05-08 11:30:00,1,False,endpoint_missing
1,2026-05-08 14:29:00,2026-05-08 14:30:00,1,False,endpoint_missing
1,2026-05-11 11:29:00,2026-05-11 11:30:00,1,False,endpoint_missing
1,2026-05-11 14:29:00,2026-05-11 14:30:00,1,False,endpoint_missing
1,2026-05-12 11:29:00,2026-05-12 11:30:00,1,False,endpoint_missing
1,2026-05-12 14:29:00,2026-05-12 14:30:00,1,False,endpoint_missing
1,2026-05-13 11:29:00,2026-05-13 11:30:00,1,False,endpoint_missing
1,2026-05-13 14:29:00,2026-05-13 14:30:00,1,False,endpoint_missing
1,2026-05-14 11:29:00,2026-05-14 11:30:00,1,False,endpoint_missing
1,2026-05-14 14:29:00,2026-05-14 14:30:00,1,False,endpoint_missing
1,2026-05-15 11:29:00,2026-05-15 11:30:00,1,False,endpoint_missing
1,2026-05-15 14:29:00,2026-05-15 14:30:00,1,False,endpoint_missing
1,2026-05-18 11:29:00,2026-05-18 11:30:00,1,False,endpoint_missing
1,2026-05-18 14:29:00,2026-05-18 14:30:00,1,False,endpoint_missing
1,2026-05-19 11:29:00,2026-05-19 11:30:00,1,False,endpoint_missing
1,2026-05-19 14:29:00,2026-05-19 14:30:00,1,False,endpoint_missing
1,2026-05-20 11:29:00,2026-05-20 11:30:00,1,False,endpoint_missing
1,2026-05-20 14:29:00,2026-05-20 14:30:00,1,False,endpoint_missing
1,2026-05-21 11:29:00,2026-05-21 11:30:00,1,False,endpoint_missing
1,2026-05-21 14:29:00,2026-05-21 14:30:00,1,False,endpoint_missing
1,2026-05-22 11:29:00,2026-05-22 11:30:00,1,False,endpoint_missing
1,2026-05-22 14:29:00,2026-05-22 14:30:00,1,False,endpoint_missing
1,2026-05-25 11:29:00,2026-05-25 11:30:00,1,False,endpoint_missing
1,2026-05-25 14:29:00,2026-05-25 14:30:00,1,False,endpoint_missing
1,2026-05-26 11:29:00,2026-05-26 11:30:00,1,False,endpoint_missing
1,2026-05-26 14:29:00,2026-05-26 14:30:00,1,False,endpoint_missing
1,2026-05-27 11:29:00,2026-05-27 11:30:00,1,False,endpoint_missing
1,2026-05-27 14:29:00,2026-05-27 14:30:00,1,False,endpoint_missing
1,2026-05-28 11:29:00,2026-05-28 11:30:00,1,False,endpoint_missing
1,2026-05-28 14:29:00,2026-05-28 14:30:00,1,False,endpoint_missing
1,2026-05-29 11:29:00,2026-05-29 11:30:00,1,False,endpoint_missing
1,2026-05-29 14:29:00,2026-05-29 14:30:00,1,False,endpoint_missing
1,2026-06-01 11:29:00,2026-06-01 11:30:00,1,False,endpoint_missing
1,2026-06-01 14:29:00,2026-06-01 14:30:00,1,False,endpoint_missing
1,2026-06-02 11:29:00,2026-06-02 11:30:00,1,False,endpoint_missing
1,2026-06-02 14:29:00,2026-06-02 14:30:00,1,False,endpoint_missing
1,2026-06-03 11:29:00,2026-06-03 11:30:00,1,False,endpoint_missing
1,2026-06-03 14:29:00,2026-06-03 14:30:00,1,False,endpoint_missing
1,2026-06-04 11:29:00,2026-06-04 11:30:00,1,False,endpoint_missing
1,2026-06-04 14:29:00,2026-06-04 14:30:00,1,False,endpoint_missing
1,2026-06-05 11:29:00,2026-06-05 11:30:00,1,False,endpoint_missing
1,2026-06-05 14:29:00,2026-06-05 14:30:00,1,False,endpoint_missing
1,2026-06-08 11:29:00,2026-06-08 11:30:00,1,False,endpoint_missing
1,2026-06-08 14:29:00,2026-06-08 14:30:00,1,False,endpoint_missing
1,2026-06-09 11:29:00,2026-06-09 11:30:00,1,False,endpoint_missing
1,2026-06-09 14:29:00,2026-06-09 14:30:00,1,False,endpoint_missing
1,2026-06-10 11:29:00,2026-06-10 11:30:00,1,False,endpoint_missing
1,2026-06-10 14:29:00,2026-06-10 14:30:00,1,False,endpoint_missing
1,2026-06-11 11:29:00,2026-06-11 11:30:00,1,False,endpoint_missing
1,2026-06-11 14:29:00,2026-06-11 14:30:00,1,False,endpoint_missing
1,2026-06-12 11:29:00,2026-06-12 11:30:00,1,False,endpoint_missing
1,2026-06-12 14:29:00,2026-06-12 14:30:00,1,False,endpoint_missing
1,2026-06-15 11:29:00,2026-06-15 11:30:00,1,False,endpoint_missing
1,2026-06-15 14:29:00,2026-06-15 14:30:00,1,False,endpoint_missing
1,2026-06-16 11:29:00,2026-06-16 11:30:00,1,False,endpoint_missing
1,2026-06-16 14:29:00,2026-06-16 14:30:00,1,False,endpoint_missing
1,2026-06-17 11:29:00,2026-06-17 11:30:00,1,False,endpoint_missing
1,2026-06-17 14:29:00,2026-06-17 14:30:00,1,False,endpoint_missing
1,2026-06-18 11:29:00,2026-06-18 11:30:00,1,False,endpoint_missing
1,2026-06-18 14:29:00,2026-06-18 14:30:00,1,False,endpoint_missing
1,2026-06-19 11:29:00,2026-06-19 11:30:00,1,False,endpoint_missing
1,2026-06-19 14:29:00,2026-06-19 14:30:00,1,False,endpoint_missing
1,2026-06-22 11:29:00,2026-06-22 11:30:00,1,False,endpoint_missing
1,2026-06-22 14:29:00,2026-06-22 14:30:00,1,False,endpoint_missing
1,2026-06-23 11:29:00,2026-06-23 11:30:00,1,False,endpoint_missing
1,2026-06-23 14:29:00,2026-06-23 14:30:00,1,False,endpoint_missing
1,2026-06-24 11:29:00,2026-06-24 11:30:00,1,False,endpoint_missing
1,2026-06-24 14:29:00,2026-06-24 14:30:00,1,False,endpoint_missing
1,2026-06-25 11:29:00,2026-06-25 11:30:00,1,False,endpoint_missing
1,2026-06-25 14:29:00,2026-06-25 14:30:00,1,False,endpoint_missing
1,2026-06-26 11:29:00,2026-06-26 11:30:00,1,False,endpoint_missing
1,2026-06-26 14:29:00,2026-06-26 14:30:00,1,False,endpoint_missing
1,2026-06-29 11:29:00,2026-06-29 11:30:00,1,False,endpoint_missing
1,2026-06-29 14:29:00,2026-06-29 14:30:00,1,False,endpoint_missing
1,2026-06-30 11:29:00,2026-06-30 11:30:00,1,False,endpoint_missing
1,2026-06-30 14:29:00,2026-06-30 14:30:00,1,False,endpoint_missing
1,2026-07-01 11:29:00,2026-07-01 11:30:00,1,False,endpoint_missing
1,2026-07-01 14:29:00,2026-07-01 14:30:00,1,False,endpoint_missing
1,2026-07-02 11:29:00,2026-07-02 11:30:00,1,False,endpoint_missing
1,2026-07-02 14:29:00,2026-07-02 14:30:00,1,False,endpoint_missing
1,2026-07-03 11:29:00,2026-07-03 11:30:00,1,False,endpoint_missing
1,2026-07-03 14:29:00,2026-07-03 14:30:00,1,False,endpoint_missing
1,2026-07-06 11:29:00,2026-07-06 11:30:00,1,False,endpoint_missing
1,2026-07-06 14:29:00,2026-07-06 14:30:00,1,False,endpoint_missing
1,2026-07-07 11:29:00,2026-07-07 11:30:00,1,False,endpoint_missing
1,2026-07-07 14:29:00,2026-07-07 14:30:00,1,False,endpoint_missing
1,2026-07-08 11:29:00,2026-07-08 11:30:00,1,False,endpoint_missing
1,2026-07-08 14:29:00,2026-07-08 14:30:00,1,False,endpoint_missing
1,2026-07-09 11:29:00,2026-07-09 11:30:00,1,False,endpoint_missing
1,2026-07-09 14:29:00,2026-07-09 14:30:00,1,False,endpoint_missing
1,2026-07-10 11:29:00,2026-07-10 11:30:00,1,False,endpoint_missing
1,2026-07-10 14:29:00,2026-07-10 14:30:00,1,False,endpoint_missing
1,2026-07-13 11:29:00,2026-07-13 11:30:00,1,False,endpoint_missing
1,2026-07-13 14:29:00,2026-07-13 14:30:00,1,False,endpoint_missing
1,2026-07-14 11:29:00,2026-07-14 11:30:00,1,False,endpoint_missing
1,2026-07-14 14:29:00,2026-07-14 14:30:00,1,False,endpoint_missing
1,2026-07-15 11:29:00,2026-07-15 11:30:00,1,False,endpoint_missing
1,2026-07-15 14:29:00,2026-07-15 14:30:00,1,False,endpoint_missing
1,2026-07-16 11:29:00,2026-07-16 11:30:00,1,False,endpoint_missing
1,2026-07-16 14:29:00,2026-07-16 14:30:00,1,False,endpoint_missing
1,2026-07-17 11:29:00,2026-07-17 11:30:00,1,False,endpoint_missing
1,2026-07-17 14:29:00,2026-07-17 14:30:00,1,False,endpoint_missing
