date,rows,day_open,day_close,first_time,last_time,has_1130,has_1430,has_1445,timestamp_pattern,previous_date,previous_close,overnight_log_gap,previous_is_third_thursday,absolute_gap
2017-11-06,244,841.0,845.0,08:59:00,14:45:00,True,True,True,111,,,,False,
2017-11-07,244,846.1,847.0,08:59:00,14:45:00,True,True,True,111,2017-11-06,845.0,0.0013009285732813148,False,0.0013009285732813148
2017-11-08,243,846.5,857.0,09:00:00,14:45:00,True,True,True,111,2017-11-07,847.0,-0.0005904930788644328,False,0.0005904930788644328
2017-11-09,243,856.8,857.3,09:00:00,14:45:00,True,True,True,111,2017-11-08,857.0,-0.00023339946424077968,False,0.00023339946424077968
2017-11-10,243,857.0,857.3,09:00:00,14:45:00,True,True,True,111,2017-11-09,857.3,-0.00034999708693041757,False,0.00034999708693041757
2017-11-13,238,857.5,863.5,09:00:00,14:45:00,False,True,True,011,2017-11-10,857.3,0.00023326335538484066,False,0.00023326335538484066
2017-11-14,237,865.5,869.7,09:00:00,14:45:00,False,True,True,011,2017-11-13,863.5,0.0023134770295305702,False,0.0023134770295305702
2017-11-15,236,871.5,877.0,09:00:00,14:45:00,True,True,True,111,2017-11-14,869.7,0.002067540364355961,False,0.002067540364355961
2017-11-16,223,878.0,888.1,09:00:00,14:45:00,True,True,True,111,2017-11-15,877.0,0.0011396012629335743,False,0.0011396012629335743
2017-11-17,241,897.5,903.0,09:00:00,14:45:00,True,True,True,111,2017-11-16,888.1,0.010528771097975415,True,0.010528771097975415
2017-11-20,242,904.9,930.0,09:00:00,14:45:00,True,True,True,111,2017-11-17,903.0,0.002101886940102192,False,0.002101886940102192
2017-11-21,243,933.8,958.0,09:00:00,14:45:00,True,True,True,111,2017-11-20,930.0,0.004077696389535085,False,0.004077696389535085
2017-11-22,242,961.0,975.0,09:00:00,14:45:00,True,True,True,111,2017-11-21,958.0,0.0031266309994319222,False,0.0031266309994319222
2017-11-23,238,983.0,950.0,09:00:00,14:45:00,True,True,True,111,2017-11-22,975.0,0.008171649149319478,False,0.008171649149319478
2017-11-24,231,947.0,938.0,09:00:00,14:45:00,False,True,True,011,2017-11-23,950.0,-0.0031628914085083067,False,0.0031628914085083067
2017-11-27,242,940.0,946.0,09:00:00,14:45:00,True,True,True,111,2017-11-24,938.0,0.002129926257824849,False,0.002129926257824849
2017-11-28,242,945.9,946.5,09:00:00,14:45:00,True,True,True,111,2017-11-27,946.0,-0.00010571383275346487,False,0.00010571383275346487
2017-11-29,236,949.0,960.0,09:00:00,14:45:00,False,True,True,011,2017-11-28,946.5,0.0026378279605503985,False,0.0026378279605503985
2017-11-30,239,963.8,958.0,09:00:00,14:45:00,False,True,True,011,2017-11-29,960.0,0.003950519744350399,False,0.003950519744350399
2017-12-01,233,959.2,963.6,09:00:00,14:45:00,True,True,True,111,2017-11-30,958.0,0.001251825742443934,False,0.001251825742443934
2017-12-04,241,967.5,988.0,09:00:00,14:45:00,True,True,True,111,2017-12-01,963.6,0.004039154163220478,False,0.004039154163220478
2017-12-05,243,992.0,955.0,09:00:00,14:45:00,True,True,True,111,2017-12-04,988.0,0.004040409537004906,False,0.004040409537004906
2017-12-06,242,953.0,949.0,09:00:00,14:45:00,True,False,True,101,2017-12-05,955.0,-0.002096436826528182,False,0.002096436826528182
2017-12-07,243,948.9,937.0,09:00:00,14:46:00,True,True,False,110,2017-12-06,949.0,-0.0001053796302150381,False,0.0001053796302150381
2017-12-08,243,935.0,936.0,09:00:00,14:45:00,True,True,True,111,2017-12-07,937.0,-0.0021367529497352197,False,0.0021367529497352197
2017-12-11,243,928.5,900.0,09:00:00,14:45:00,True,True,True,111,2017-12-08,936.0,-0.008045095684831534,False,0.008045095684831534
2017-12-12,233,906.0,905.0,09:00:00,14:46:00,True,True,False,110,2017-12-11,900.0,0.006644542718668511,False,0.006644542718668511
2017-12-13,231,914.0,910.0,09:00:00,14:45:00,True,True,True,111,2017-12-12,905.0,0.00989562775422384,False,0.00989562775422384
2017-12-14,236,906.9,928.0,09:00:00,14:45:00,True,True,True,111,2017-12-13,910.0,-0.0034124090573736977,False,0.0034124090573736977
2017-12-15,243,935.0,935.0,09:00:00,14:45:00,True,True,True,111,2017-12-14,928.0,0.007514796502486364,False,0.007514796502486364
2017-12-18,242,940.0,958.0,09:00:00,14:45:00,True,True,True,111,2017-12-15,935.0,0.005333345975362603,False,0.005333345975362603
2017-12-19,233,956.8,942.5,09:00:00,14:45:00,True,True,True,111,2017-12-18,958.0,-0.0012533947744933556,False,0.0012533947744933556
2017-12-20,240,944.8,949.0,09:00:00,14:45:00,True,True,True,111,2017-12-19,942.5,0.0024373455609865654,False,0.0024373455609865654
2017-12-21,236,948.0,937.8,09:00:00,14:45:00,False,True,True,011,2017-12-20,949.0,-0.0010542963549060478,False,0.0010542963549060478
2017-12-22,242,950.0,956.0,09:00:00,14:45:00,False,True,True,011,2017-12-21,937.8,0.012925277939100657,True,0.012925277939100657
2017-12-25,240,958.2,961.3,09:00:00,14:45:00,True,True,True,111,2017-12-22,956.0,0.002298611397620529,False,0.002298611397620529
2017-12-26,241,961.9,976.0,09:00:00,14:45:00,True,True,True,111,2017-12-25,961.3,0.000623960086799411,False,0.000623960086799411
2017-12-27,241,975.3,966.0,09:00:00,14:45:00,True,True,True,111,2017-12-26,976.0,-0.0007174704351231846,False,0.0007174704351231846
2017-12-28,242,968.6,977.9,09:00:00,14:45:00,True,True,True,111,2017-12-27,966.0,0.0026878957566107056,False,0.0026878957566107056
2017-12-29,243,980.0,980.0,09:00:00,14:45:00,True,True,True,111,2017-12-28,977.9,0.002145156346388202,False,0.002145156346388202
2018-01-02,243,983.9,999.0,09:00:00,14:45:00,True,True,True,111,2017-12-29,980.0,0.003971694207102173,False,0.003971694207102173
2018-01-03,242,1002.5,1012.8,09:00:00,14:45:00,True,True,True,111,2018-01-02,999.0,0.0034973805321708196,False,0.0034973805321708196
2018-01-04,242,1014.8,1023.9,09:00:00,14:45:00,True,True,True,111,2018-01-03,1012.8,0.0019727763352151346,False,0.0019727763352151346
2018-01-05,242,1024.0,1012.0,09:00:00,14:45:00,True,True,True,111,2018-01-04,1023.9,9.766101868202928e-05,False,9.766101868202928e-05
2018-01-08,243,1010.0,1030.0,09:00:00,14:45:00,True,True,True,111,2018-01-05,1012.0,-0.0019782400121057075,False,0.0019782400121057075
2018-01-09,243,1034.3,1042.0,09:00:00,14:45:00,True,True,True,111,2018-01-08,1030.0,0.004166067160076459,False,0.004166067160076459
2018-01-10,241,1042.6,1040.0,09:00:00,14:45:00,True,True,True,111,2018-01-09,1042.0,0.0005756500206932692,False,0.0005756500206932692
2018-01-11,243,1037.5,1052.8,09:00:00,14:45:00,True,True,True,111,2018-01-10,1040.0,-0.0024067400305649764,False,0.0024067400305649764
2018-01-12,242,1053.3,1051.5,09:00:00,14:45:00,True,True,True,111,2018-01-11,1052.8,0.00047481127144342503,False,0.00047481127144342503
2018-01-15,242,1050.0,1059.0,09:00:00,14:45:00,True,True,True,111,2018-01-12,1051.5,-0.001427551991185446,False,0.001427551991185446
2018-01-16,241,1058.5,1058.0,09:00:00,14:45:00,False,True,True,011,2018-01-15,1059.0,-0.00047225502648660174,False,0.00047225502648660174
2018-01-17,240,1059.9,1024.0,09:00:00,14:45:00,True,True,True,111,2018-01-16,1058.0,0.0017942306149646731,False,0.0017942306149646731
2018-01-18,235,1021.0,1044.3,09:00:00,14:45:00,True,True,True,111,2018-01-17,1024.0,-0.0029339874347875383,False,0.0029339874347875383
2018-01-19,242,1057.0,1052.5,09:00:00,14:46:00,True,True,True,111,2018-01-18,1044.3,0.012087902384734851,True,0.012087902384734851
2018-01-22,243,1057.0,1089.8,09:00:00,14:46:00,True,True,False,110,2018-01-19,1052.5,0.00426642031370121,False,0.00426642031370121
2018-01-23,237,1089.0,1100.0,09:00:00,14:45:00,False,True,True,011,2018-01-22,1089.8,-0.0007343492160374462,False,0.0007343492160374462
2018-01-24,241,1100.0,1103.0,09:00:00,14:45:00,True,True,True,111,2018-01-23,1100.0,0.0,False,0.0
2018-01-25,240,1106.0,1119.0,09:00:00,14:45:00,True,True,True,111,2018-01-24,1103.0,0.002716162828777683,False,0.002716162828777683
2018-01-26,241,1120.2,1111.0,09:00:00,14:45:00,True,False,True,101,2018-01-25,1119.0,0.0010718114638066545,False,0.0010718114638066545
2018-01-29,243,1113.5,1093.0,09:00:00,14:46:00,True,True,False,110,2018-01-26,1111.0,0.002247697057792342,False,0.002247697057792342
2018-01-30,243,1087.0,1105.0,09:00:00,14:45:00,True,True,True,111,2018-01-29,1093.0,-0.005504601055329085,False,0.005504601055329085
2018-01-31,241,1103.0,1085.0,09:00:00,14:45:00,True,False,True,101,2018-01-30,1105.0,-0.001811594698350714,False,0.001811594698350714
2018-02-01,238,1086.3,1080.0,09:00:00,14:45:00,True,True,True,111,2018-01-31,1085.0,0.0011974394651452318,False,0.0011974394651452318
2018-02-02,240,1082.0,1087.0,09:00:00,14:45:00,True,True,True,111,2018-02-01,1080.0,0.0018501392881613734,False,0.0018501392881613734
2018-02-05,239,1081.0,1042.0,09:00:00,14:45:00,True,True,True,111,2018-02-02,1087.0,-0.00553506948200114,False,0.00553506948200114
2018-02-06,226,1012.0,1000.0,09:00:00,14:46:00,True,False,False,100,2018-02-05,1042.0,-0.029213372465901395,False,0.029213372465901395
2018-02-07,228,1028.8,1020.0,09:00:00,14:45:00,True,True,True,111,2018-02-06,1000.0,0.02839307450121783,False,0.02839307450121783
2018-02-08,238,1018.0,1004.5,09:00:00,14:45:00,True,True,True,111,2018-02-07,1020.0,-0.001962709167848706,False,0.001962709167848706
2018-02-09,221,957.0,1000.0,09:00:00,14:46:00,True,True,False,110,2018-02-08,1004.5,-0.0484417928020348,False,0.0484417928020348
2018-02-12,243,1010.0,1039.0,09:00:00,14:45:00,True,True,True,111,2018-02-09,1000.0,0.009950330853168092,False,0.009950330853168092
2018-02-13,229,1046.1,1053.5,09:00:00,14:46:00,False,False,False,000,2018-02-12,1039.0,0.006810251250487627,False,0.006810251250487627
2018-02-21,243,1074.8,1082.0,09:00:00,14:45:00,True,True,True,111,2018-02-13,1053.5,0.02001664349709237,False,0.02001664349709237
2018-02-22,227,1073.0,1059.9,09:00:00,14:46:00,True,True,False,110,2018-02-21,1082.0,-0.008352716775728354,False,0.008352716775728354
2018-02-23,229,1073.0,1106.0,09:00:00,14:45:00,True,False,True,101,2018-02-22,1059.9,0.0122838995974892,False,0.0122838995974892
2018-02-26,236,1121.0,1108.2,09:00:00,14:46:00,True,True,False,110,2018-02-23,1106.0,0.01347124098987978,False,0.01347124098987978
2018-02-27,205,1117.0,1112.0,09:00:00,14:46:00,True,True,False,110,2018-02-26,1108.2,0.007909442635951391,False,0.007909442635951391
2018-02-28,220,1103.0,1105.0,09:00:00,14:46:00,True,False,False,100,2018-02-27,1112.0,-0.008126455557025163,False,0.008126455557025163
2018-03-01,216,1097.1,1105.5,09:00:00,14:46:00,True,False,False,100,2018-02-28,1105.0,-0.007175000128408076,False,0.007175000128408076
2018-03-02,220,1096.4,1109.0,09:00:00,14:45:00,True,False,True,101,2018-03-01,1105.5,-0.0082656358688702,False,0.0082656358688702
2018-03-05,234,1114.0,1075.5,09:00:00,14:45:00,True,False,True,101,2018-03-02,1109.0,0.004498433136862371,False,0.004498433136862371
2018-03-06,223,1086.1,1110.0,09:00:00,14:46:00,True,True,False,110,2018-03-05,1075.5,0.009807628578205512,False,0.009807628578205512
2018-03-07,223,1109.9,1087.0,09:00:00,14:45:00,True,False,True,101,2018-03-06,1110.0,-9.009414844589129e-05,False,9.009414844589129e-05
2018-03-08,212,1095.1,1105.6,09:00:00,14:46:00,True,False,False,100,2018-03-07,1087.0,0.007424075160503985,False,0.007424075160503985
2018-03-09,224,1113.5,1106.0,09:00:00,14:45:00,True,False,True,101,2018-03-08,1105.6,0.007120033684017054,False,0.007120033684017054
2018-03-12,236,1117.0,1111.8,09:00:00,14:45:00,True,True,True,111,2018-03-09,1106.0,0.009896616986920495,False,0.009896616986920495
2018-03-13,226,1108.5,1116.0,09:00:00,14:46:00,True,False,False,100,2018-03-12,1111.8,-0.0029725734630028774,False,0.0029725734630028774
2018-03-14,234,1115.7,1113.9,09:00:00,14:46:00,True,False,False,100,2018-03-13,1116.0,-0.00026885334212217407,False,0.00026885334212217407
2018-03-15,233,1109.2,1109.5,09:00:00,14:46:00,True,True,False,110,2018-03-14,1113.9,-0.004228336109521176,False,0.004228336109521176
2018-03-16,243,1122.2,1126.6,09:00:00,14:45:00,True,True,True,111,2018-03-15,1109.5,0.011381580944223106,True,0.011381580944223106
2018-03-19,242,1127.1,1131.1,09:00:00,14:45:00,True,True,True,111,2018-03-16,1126.6,0.0004437147874193981,False,0.0004437147874193981
2018-03-20,239,1127.7,1132.0,09:00:00,14:46:00,True,True,False,110,2018-03-19,1131.1,-0.0030104502990932432,False,0.0030104502990932432
2018-03-21,242,1134.8,1139.9,09:00:00,14:45:00,True,True,True,111,2018-03-20,1132.0,0.002470444171568013,False,0.002470444171568013
2018-03-22,242,1145.9,1139.0,09:00:00,14:45:00,True,True,True,111,2018-03-21,1139.9,0.005249815189669705,False,0.005249815189669705
2018-03-23,237,1124.5,1126.0,09:00:00,14:45:00,True,True,True,111,2018-03-22,1139.0,-0.012812192047811744,False,0.012812192047811744
2018-03-26,242,1125.8,1140.0,09:00:00,14:45:00,True,False,True,101,2018-03-23,1126.0,-0.00017763566970954633,False,0.00017763566970954633
2018-03-27,241,1154.5,1146.9,09:00:00,14:46:00,True,True,False,110,2018-03-26,1140.0,0.012639087406008997,False,0.012639087406008997
2018-03-28,241,1143.8,1146.5,09:00:00,14:45:00,True,True,True,111,2018-03-27,1146.9,-0.0027065978892611467,False,0.0027065978892611467
2018-03-29,243,1148.5,1142.8,09:00:00,14:45:00,True,True,True,111,2018-03-28,1146.5,0.0017429198311938198,False,0.0017429198311938198
2018-03-30,241,1144.0,1145.2,09:00:00,14:45:00,True,True,True,111,2018-03-29,1142.8,0.0010495015831252018,False,0.0010495015831252018
2018-04-02,242,1148.0,1162.0,09:00:00,14:45:00,True,True,True,111,2018-03-30,1145.2,0.002442003655551809,False,0.002442003655551809
2018-04-03,243,1161.2,1162.6,09:00:00,14:45:00,True,True,True,111,2018-04-02,1162.0,-0.0006887052613817005,False,0.0006887052613817005
2018-04-04,243,1168.0,1162.0,09:00:00,14:45:00,True,True,True,111,2018-04-03,1162.6,0.004634008120922204,False,0.004634008120922204
2018-04-05,243,1167.0,1170.0,09:00:00,14:45:00,True,True,True,111,2018-04-04,1162.0,0.004293694874699436,False,0.004293694874699436
2018-04-06,242,1169.5,1170.0,09:00:00,14:45:00,True,True,True,111,2018-04-05,1170.0,-0.00042744176756808513,False,0.00042744176756808513
2018-04-09,239,1170.9,1178.3,09:00:00,14:45:00,False,True,True,011,2018-04-06,1170.0,0.0007689350628772567,False,0.0007689350628772567
2018-04-10,242,1177.9,1174.0,09:00:00,14:45:00,True,True,True,111,2018-04-09,1178.3,-0.000339529754556091,False,0.000339529754556091
2018-04-11,239,1175.0,1140.0,09:00:00,14:45:00,True,False,True,101,2018-04-10,1174.0,0.0008514261902175236,False,0.0008514261902175236
2018-04-12,225,1138.8,1141.0,09:00:00,14:45:00,True,True,True,111,2018-04-11,1140.0,-0.0010531859846587012,False,0.0010531859846587012
2018-04-13,229,1145.2,1125.0,09:00:00,14:45:00,True,False,True,101,2018-04-12,1141.0,0.0036742233618843254,False,0.0036742233618843254
2018-04-16,237,1124.0,1125.0,09:00:00,14:45:00,True,True,True,111,2018-04-13,1125.0,-0.0008892841848841728,False,0.0008892841848841728
2018-04-17,231,1128.0,1133.5,09:00:00,14:45:00,True,False,True,101,2018-04-16,1125.0,0.0026631174194836284,False,0.0026631174194836284
2018-04-18,235,1136.9,1112.2,09:00:00,14:45:00,True,True,True,111,2018-04-17,1133.5,0.0029950691874773114,False,0.0029950691874773114
2018-04-19,207,1113.0,1065.0,09:00:00,14:47:00,True,False,False,100,2018-04-18,1112.2,0.0007190365220812509,False,0.0007190365220812509
2018-04-20,184,1073.0,1096.9,09:00:00,14:45:00,True,False,True,101,2018-04-19,1065.0,0.007483664487173048,True,0.007483664487173048
2018-04-23,175,1099.0,1035.0,09:00:00,14:47:00,False,False,True,001,2018-04-20,1096.9,0.0019126559863327658,False,0.0019126559863327658
2018-04-24,177,1040.0,1044.0,09:00:00,14:47:00,True,False,False,100,2018-04-23,1035.0,0.004819286435948922,False,0.004819286435948922
2018-04-26,243,1047.5,1014.5,09:00:00,14:45:00,True,True,True,111,2018-04-24,1044.0,0.0033468833537087404,False,0.0033468833537087404
2018-04-27,243,1014.0,1031.0,09:00:00,14:45:00,True,True,True,111,2018-04-26,1014.5,-0.000492975114740923,False,0.000492975114740923
2018-05-02,243,1033.0,1008.1,09:00:00,14:45:00,True,True,True,111,2018-04-27,1031.0,0.001937985102678713,False,0.001937985102678713
2018-05-03,243,1004.9,1019.0,09:00:00,14:45:00,True,True,True,111,2018-05-02,1008.1,-0.0031793370049828253,False,0.0031793370049828253
2018-05-04,243,1020.9,1013.0,09:00:00,14:45:00,True,True,True,111,2018-05-03,1019.0,0.0018628369522449418,False,0.0018628369522449418
2018-05-07,243,1016.5,1056.0,09:00:00,14:45:00,True,True,True,111,2018-05-04,1013.0,0.0034491288197179924,False,0.0034491288197179924
2018-05-08,243,1054.5,1050.0,09:00:00,14:45:00,True,True,True,111,2018-05-07,1056.0,-0.0014214643473775366,False,0.0014214643473775366
2018-05-09,242,1048.0,1042.0,09:00:00,14:45:00,False,True,True,011,2018-05-08,1050.0,-0.0019065782705815315,False,0.0019065782705815315
2018-05-10,243,1044.0,1014.0,09:00:00,14:45:00,True,True,True,111,2018-05-09,1042.0,0.0019175461292718545,False,0.0019175461292718545
2018-05-11,243,1011.0,1034.0,09:00:00,14:45:00,True,True,True,111,2018-05-10,1014.0,-0.002962965130657072,False,0.002962965130657072
2018-05-14,243,1037.0,1056.8,09:00:00,14:45:00,True,True,True,111,2018-05-11,1034.0,0.0028971531611527873,False,0.0028971531611527873
2018-05-15,243,1056.0,1047.0,09:00:00,14:45:00,True,True,True,111,2018-05-14,1056.8,-0.0007572889419086911,False,0.0007572889419086911
2018-05-16,241,1049.0,1032.0,09:00:00,14:45:00,True,True,True,111,2018-05-15,1047.0,0.0019083975257603906,False,0.0019083975257603906
2018-05-17,243,1031.8,1006.0,09:00:00,14:45:00,True,True,True,111,2018-05-16,1032.0,-0.00019381723095853142,False,0.00019381723095853142
2018-05-18,243,1013.8,1026.9,09:00:00,14:45:00,True,True,True,111,2018-05-17,1006.0,0.007723575378564446,True,0.007723575378564446
2018-05-21,243,1028.0,992.5,09:00:00,14:45:00,True,True,True,111,2018-05-18,1026.9,0.0010706118108609218,False,0.0010706118108609218
2018-05-22,243,991.0,964.0,09:00:00,14:45:00,True,True,True,111,2018-05-21,992.5,-0.0015124782313575135,False,0.0015124782313575135
2018-05-23,243,963.5,972.5,09:00:00,14:45:00,True,True,True,111,2018-05-22,964.0,-0.0005188067561245312,False,0.0005188067561245312
2018-05-24,243,972.5,957.0,09:00:00,14:45:00,True,True,True,111,2018-05-23,972.5,0.0,False,0.0
2018-05-25,243,957.5,930.0,09:00:00,14:45:00,True,True,True,111,2018-05-24,957.0,0.0005223296018467767,False,0.0005223296018467767
2018-05-28,243,926.1,883.5,09:00:00,14:45:00,True,True,True,111,2018-05-25,930.0,-0.004202365971078276,False,0.004202365971078276
2018-05-29,243,881.0,924.0,09:00:00,14:45:00,True,True,True,111,2018-05-28,883.5,-0.0028336658235716063,False,0.0028336658235716063
2018-05-30,243,923.9,908.0,09:00:00,14:45:00,True,True,True,111,2018-05-29,924.0,-0.00010823096498476301,False,0.00010823096498476301
2018-05-31,243,911.5,940.5,09:00:00,14:45:00,True,True,True,111,2018-05-30,908.0,0.003847215517424492,False,0.003847215517424492
2018-06-01,243,937.3,957.5,09:00:00,14:45:00,True,True,True,111,2018-05-31,940.5,-0.003408246988645024,False,0.003408246988645024
2018-06-04,243,953.6,980.5,09:00:00,14:45:00,True,True,True,111,2018-06-01,957.5,-0.004081424743715668,False,0.004081424743715668
2018-06-05,243,984.0,990.0,09:00:00,14:45:00,True,True,True,111,2018-06-04,980.5,0.0035632514158525433,False,0.0035632514158525433
2018-06-06,243,993.0,1019.0,09:00:00,14:45:00,True,True,True,111,2018-06-05,990.0,0.00302572091653689,False,0.00302572091653689
2018-06-07,243,1020.0,1016.0,09:00:00,14:45:00,True,True,True,111,2018-06-06,1019.0,0.0009808730555918924,False,0.0009808730555918924
2018-06-08,243,1016.0,1017.9,09:00:00,14:45:00,True,True,True,111,2018-06-07,1016.0,0.0,False,0.0
2018-06-11,243,1015.8,1017.1,09:00:00,14:45:00,True,True,True,111,2018-06-08,1017.9,-0.0020652020911495214,False,0.0020652020911495214
2018-06-12,243,1014.5,1005.8,09:00:00,14:45:00,True,True,True,111,2018-06-11,1017.1,-0.0025595603656811444,False,0.0025595603656811444
2018-06-13,243,1007.4,1018.5,09:00:00,14:45:00,True,True,True,111,2018-06-12,1005.8,0.0015895095736856665,False,0.0015895095736856665
2018-06-14,243,1018.8,1002.0,09:00:00,14:45:00,True,True,True,111,2018-06-13,1018.5,0.000294507438441432,False,0.000294507438441432
2018-06-15,243,999.4,1008.0,09:00:00,14:45:00,True,True,True,111,2018-06-14,1002.0,-0.0025981827347055404,False,0.0025981827347055404
2018-06-18,243,1006.8,970.0,09:00:00,14:45:00,True,True,True,111,2018-06-15,1008.0,-0.001191185370153118,False,0.001191185370153118
2018-06-19,243,964.0,937.9,09:00:00,14:45:00,True,True,True,111,2018-06-18,970.0,-0.00620477688688287,False,0.00620477688688287
2018-06-20,243,945.0,961.0,09:00:00,14:45:00,True,True,True,111,2018-06-19,937.9,0.00754159397884995,False,0.00754159397884995
2018-06-21,243,962.0,954.0,09:00:00,14:45:00,True,True,True,111,2018-06-20,961.0,0.0010400416954139326,False,0.0010400416954139326
2018-06-22,243,940.0,967.2,09:00:00,14:45:00,True,True,True,111,2018-06-21,954.0,-0.01478379618423698,True,0.01478379618423698
2018-06-25,243,972.9,973.2,09:00:00,14:45:00,True,True,True,111,2018-06-22,967.2,0.005876002680799045,False,0.005876002680799045
2018-06-26,243,969.0,968.0,09:00:00,14:45:00,True,True,True,111,2018-06-25,973.2,-0.004324999018601346,False,0.004324999018601346
2018-06-27,243,975.1,945.0,09:00:00,14:45:00,True,True,True,111,2018-06-26,968.0,0.007307942564496416,False,0.007307942564496416
2018-06-28,243,944.6,941.0,09:00:00,14:45:00,True,True,True,111,2018-06-27,945.0,-0.0004233700317260288,False,0.0004233700317260288
2018-06-29,243,943.0,943.2,09:00:00,14:45:00,True,True,True,111,2018-06-28,941.0,0.0021231430480777515,False,0.0021231430480777515
2018-07-02,243,940.0,921.0,09:00:00,14:45:00,True,True,True,111,2018-06-29,943.2,-0.0033984739591116212,False,0.0033984739591116212
2018-07-03,243,924.0,890.1,09:00:00,14:45:00,True,True,True,111,2018-07-02,921.0,0.003252035386377316,False,0.003252035386377316
2018-07-04,243,889.4,893.0,09:00:00,14:45:00,True,True,True,111,2018-07-03,890.1,-0.0007867378882897973,False,0.0007867378882897973
2018-07-05,243,894.5,866.0,09:00:00,14:45:00,True,True,True,111,2018-07-04,893.0,0.0016783220722747098,False,0.0016783220722747098
2018-07-06,243,870.5,895.0,09:00:00,14:45:00,True,True,True,111,2018-07-05,866.0,0.005182850645808476,False,0.005182850645808476
2018-07-09,243,908.0,884.0,09:00:00,14:45:00,True,True,True,111,2018-07-06,895.0,0.014420660326437964,False,0.014420660326437964
2018-07-10,243,890.5,889.0,09:00:00,14:45:00,True,True,True,111,2018-07-09,884.0,0.007326040092072881,False,0.007326040092072881
2018-07-11,243,876.0,871.0,09:00:00,14:45:00,True,True,True,111,2018-07-10,889.0,-0.014731144577513145,False,0.014731144577513145
2018-07-12,243,871.1,876.0,09:00:00,14:45:00,True,True,True,111,2018-07-11,871.0,0.00011480397234345135,False,0.00011480397234345135
2018-07-13,243,883.0,902.0,09:00:00,14:45:00,True,True,True,111,2018-07-12,876.0,0.007959109667568643,False,0.007959109667568643
2018-07-16,243,909.0,908.0,09:00:00,14:45:00,True,True,True,111,2018-07-13,902.0,0.007730574114855223,False,0.007730574114855223
2018-07-17,243,902.0,918.0,09:00:00,14:45:00,True,True,True,111,2018-07-16,908.0,-0.0066298585386696885,False,0.0066298585386696885
2018-07-18,242,922.0,934.1,09:00:00,14:45:00,True,True,True,111,2018-07-17,918.0,0.0043478329361034225,False,0.0043478329361034225
2018-07-19,243,936.0,941.0,09:00:00,14:45:00,True,True,True,111,2018-07-18,934.1,0.0020319775987889784,False,0.0020319775987889784
2018-07-20,243,933.0,945.0,09:00:00,14:45:00,True,True,True,111,2018-07-19,941.0,-0.008537938738035818,True,0.008537938738035818
2018-07-23,236,937.7,925.0,09:00:00,14:45:00,True,True,True,111,2018-07-20,945.0,-0.007754859068163232,False,0.007754859068163232
2018-07-24,243,930.0,924.0,09:00:00,14:45:00,True,True,True,111,2018-07-23,925.0,0.005390848634876373,False,0.005390848634876373
2018-07-25,243,927.2,911.0,09:00:00,14:45:00,True,True,True,111,2018-07-24,924.0,0.0034572203838579424,False,0.0034572203838579424
2018-07-26,241,912.1,919.8,09:00:00,14:45:00,True,True,True,111,2018-07-25,911.0,0.0012067359261545513,False,0.0012067359261545513
2018-07-27,243,919.5,925.0,09:00:00,14:45:00,True,True,True,111,2018-07-26,919.8,-0.0003262110614475777,False,0.0003262110614475777
2018-07-30,243,926.4,937.5,09:00:00,14:45:00,True,True,True,111,2018-07-27,925.0,0.0015123693063056765,False,0.0015123693063056765
2018-07-31,243,937.9,938.5,09:00:00,14:45:00,True,True,True,111,2018-07-30,937.5,0.0004265756703268363,False,0.0004265756703268363
2018-08-01,243,938.8,934.0,09:00:00,14:45:00,True,True,True,111,2018-07-31,938.5,0.00031960795030490065,False,0.00031960795030490065
2018-08-02,243,932.1,938.2,09:00:00,14:45:00,True,True,True,111,2018-08-01,934.0,-0.002036333161731226,False,0.002036333161731226
2018-08-03,243,938.2,935.0,09:00:00,14:45:00,True,True,True,111,2018-08-02,938.2,0.0,False,0.0
2018-08-06,243,938.0,934.6,09:00:00,14:45:00,True,True,True,111,2018-08-03,935.0,0.0032034197175376438,False,0.0032034197175376438
2018-08-07,243,935.4,934.5,09:00:00,14:45:00,True,True,True,111,2018-08-06,934.6,0.0008556150254600889,False,0.0008556150254600889
2018-08-08,243,935.2,943.5,09:00:00,14:45:00,True,True,True,111,2018-08-07,934.5,0.0007487832622410887,False,0.0007487832622410887
2018-08-09,243,946.3,940.2,09:00:00,14:45:00,True,True,True,111,2018-08-08,943.5,0.0029632787055820183,False,0.0029632787055820183
2018-08-10,243,939.0,946.5,09:00:00,14:45:00,True,True,True,111,2018-08-09,940.2,-0.001277139381767286,False,0.001277139381767286
2018-08-13,243,943.5,953.0,09:00:00,14:57:00,True,True,False,110,2018-08-10,946.5,-0.003174605840772654,False,0.003174605840772654
2018-08-14,243,955.5,959.3,09:00:00,14:45:00,True,True,True,111,2018-08-13,953.0,0.002619860026125545,False,0.002619860026125545
2018-08-15,243,958.0,946.6,09:00:00,14:45:00,True,True,True,111,2018-08-14,959.3,-0.0013560738530412587,False,0.0013560738530412587
2018-08-16,243,942.4,947.0,09:00:00,14:45:00,True,True,True,111,2018-08-15,946.6,-0.00444680457482535,False,0.00444680457482535
2018-08-17,243,952.2,947.0,09:00:00,14:45:00,True,True,True,111,2018-08-16,947.0,0.005476003574340149,True,0.005476003574340149
2018-08-20,243,946.1,945.0,09:00:00,14:45:00,True,True,True,111,2018-08-17,947.0,-0.0009508214756796941,False,0.0009508214756796941
2018-08-21,243,944.7,958.5,09:00:00,14:45:00,True,True,True,111,2018-08-20,945.0,-0.00031751071865405447,False,0.00031751071865405447
2018-08-22,243,959.5,957.0,09:00:00,14:45:00,True,True,True,111,2018-08-21,958.5,0.0010427529620555044,False,0.0010427529620555044
2018-08-23,243,957.0,960.6,09:00:00,14:45:00,True,True,True,111,2018-08-22,957.0,0.0,False,0.0
2018-08-24,243,959.5,958.5,09:00:00,14:45:00,True,True,True,111,2018-08-23,960.6,-0.0011457737829694463,False,0.0011457737829694463
2018-08-27,243,960.8,963.2,09:00:00,14:45:00,True,True,True,111,2018-08-24,958.5,0.002396708280074604,False,0.002396708280074604
2018-08-28,243,965.9,965.6,09:00:00,14:45:00,True,True,True,111,2018-08-27,963.2,0.002799234630693654,False,0.002799234630693654
2018-08-29,243,966.0,962.0,09:00:00,14:45:00,True,True,True,111,2018-08-28,965.6,0.0004141644291963026,False,0.0004141644291963026
2018-08-30,239,961.1,970.5,09:00:00,14:45:00,True,True,True,111,2018-08-29,962.0,-0.0009359888364677499,False,0.0009359888364677499
2018-08-31,243,970.0,965.7,09:00:00,14:45:00,True,True,True,111,2018-08-30,970.5,-0.0005153311116364295,False,0.0005153311116364295
2018-09-04,243,964.5,956.0,09:00:00,14:45:00,True,True,True,111,2018-08-31,965.7,-0.0012433946270884956,False,0.0012433946270884956
2018-09-05,243,952.5,944.0,09:00:00,14:45:00,True,True,True,111,2018-09-04,956.0,-0.003667806050545217,False,0.003667806050545217
2018-09-06,243,945.3,934.7,09:00:00,14:45:00,True,True,True,111,2018-09-05,944.0,0.0013761712858377719,False,0.0013761712858377719
2018-09-07,243,935.3,943.5,09:00:00,14:45:00,True,True,True,111,2018-09-06,934.7,0.0006417112519675535,False,0.0006417112519675535
2018-09-10,243,944.5,936.2,09:00:00,14:45:00,True,True,True,111,2018-09-07,943.5,0.0010593221329593383,False,0.0010593221329593383
2018-09-11,243,936.8,953.1,09:00:00,14:45:00,True,True,True,111,2018-09-10,936.2,0.0006406834175373677,False,0.0006406834175373677
2018-09-12,243,955.0,950.0,09:00:00,14:45:00,True,True,True,111,2018-09-11,953.1,0.001991510537149973,False,0.001991510537149973
2018-09-13,243,952.9,953.0,09:00:00,14:45:00,True,True,True,111,2018-09-12,950.0,0.003047981759556075,False,0.003047981759556075
2018-09-14,243,956.0,958.5,09:00:00,14:45:00,True,True,True,111,2018-09-13,953.0,0.0031430093971992214,False,0.0031430093971992214
2018-09-17,243,955.7,950.5,09:00:00,14:45:00,True,True,True,111,2018-09-14,958.5,-0.002925506213565142,False,0.002925506213565142
2018-09-18,243,948.2,962.0,09:00:00,14:45:00,True,True,True,111,2018-09-17,950.5,-0.0024227114604658357,False,0.0024227114604658357
2018-09-19,243,964.3,962.8,09:00:00,14:45:00,True,True,True,111,2018-09-18,962.0,0.00238799885063209,False,0.00238799885063209
2018-09-20,243,963.8,971.0,09:00:00,14:45:00,True,True,True,111,2018-09-19,962.8,0.0010380982973155263,False,0.0010380982973155263
2018-09-21,243,975.5,980.0,09:00:00,14:45:00,True,True,True,111,2018-09-20,971.0,0.00462369177184107,True,0.00462369177184107
2018-09-24,243,978.1,981.5,09:00:00,14:45:00,True,True,True,111,2018-09-21,980.0,-0.0019406573681703446,False,0.0019406573681703446
2018-09-25,243,982.2,980.6,09:00:00,14:45:00,True,True,True,111,2018-09-24,981.5,0.0007129398886284239,False,0.0007129398886284239
2018-09-26,243,981.4,981.0,09:00:00,14:45:00,True,True,True,111,2018-09-25,980.6,0.000815494438670153,False,0.000815494438670153
2018-09-27,243,983.0,985.8,09:00:00,14:45:00,True,True,True,111,2018-09-26,981.0,0.002036660581803555,False,0.002036660581803555
2018-09-28,243,987.5,987.4,09:00:00,14:45:00,True,True,True,111,2018-09-27,985.8,0.0017230025039995187,False,0.0017230025039995187
2018-10-01,243,989.0,984.9,09:00:00,14:45:00,True,True,True,111,2018-09-28,987.4,0.001619105797949694,False,0.001619105797949694
2018-10-02,243,984.6,984.0,09:00:00,14:45:00,True,True,True,111,2018-10-01,984.9,-0.0003046458515563759,False,0.0003046458515563759
2018-10-03,242,984.5,986.5,09:00:00,14:45:00,True,True,True,111,2018-10-02,984.0,0.0005080010269267893,False,0.0005080010269267893
2018-10-04,243,987.2,992.0,09:00:00,14:45:00,True,True,True,111,2018-10-03,986.5,0.0007093276884534865,False,0.0007093276884534865
2018-10-05,243,990.1,982.6,09:00:00,14:45:00,True,True,True,111,2018-10-04,992.0,-0.0019171591564037466,False,0.0019171591564037466
2018-10-08,243,979.0,973.2,09:00:00,14:45:00,True,True,True,111,2018-10-05,982.6,-0.0036704772040375465,False,0.0036704772040375465
2018-10-09,243,974.3,973.5,09:00:00,14:45:00,True,True,True,111,2018-10-08,973.2,0.001129653521928017,False,0.001129653521928017
2018-10-10,243,973.1,971.6,09:00:00,14:45:00,True,True,True,111,2018-10-09,973.5,-0.0004109729843110453,False,0.0004109729843110453
2018-10-11,243,959.0,920.2,09:00:00,14:45:00,True,True,True,111,2018-10-10,971.6,-0.013053122244579217,False,0.013053122244579217
2018-10-12,243,910.0,944.0,09:00:00,14:45:00,True,True,True,111,2018-10-11,920.2,-0.011146438210472545,False,0.011146438210472545
2018-10-15,243,939.5,919.0,09:00:00,14:45:00,True,True,True,111,2018-10-12,944.0,-0.004778347291980698,False,0.004778347291980698
2018-10-16,243,925.0,935.1,09:00:00,14:45:00,True,True,True,111,2018-10-15,919.0,0.006507615156738215,False,0.006507615156738215
2018-10-17,243,952.0,945.5,09:00:00,14:45:00,True,True,True,111,2018-10-16,935.1,0.017911559349964096,False,0.017911559349964096
2018-10-18,243,941.0,937.6,09:00:00,14:45:00,True,True,True,111,2018-10-17,945.5,-0.004770748513132581,False,0.004770748513132581
2018-10-19,243,922.2,932.2,09:00:00,14:45:00,True,True,True,111,2018-10-18,937.6,-0.01656129905014297,True,0.01656129905014297
2018-10-22,243,935.3,921.5,09:00:00,14:45:00,True,True,True,111,2018-10-19,932.2,0.003319949501864663,False,0.003319949501864663
2018-10-23,243,912.5,901.0,09:00:00,14:45:00,True,True,True,111,2018-10-22,921.5,-0.009814691653231416,False,0.009814691653231416
2018-10-24,243,908.9,885.0,09:00:00,14:45:00,True,True,True,111,2018-10-23,901.0,0.008729819516386848,False,0.008729819516386848
2018-10-25,243,861.0,886.5,09:00:00,14:45:00,True,True,True,111,2018-10-24,885.0,-0.027493140580198732,False,0.027493140580198732
2018-10-26,243,892.5,870.0,09:00:00,14:45:00,True,True,True,111,2018-10-25,886.5,0.006745388139531655,False,0.006745388139531655
2018-10-29,243,875.0,878.0,09:00:00,14:45:00,True,True,True,111,2018-10-26,870.0,0.0057306747089850745,False,0.0057306747089850745
2018-10-30,243,875.6,876.0,09:00:00,14:45:00,True,True,True,111,2018-10-29,878.0,-0.0027372279864087377,False,0.0027372279864087377
2018-10-31,243,884.0,904.0,09:00:00,14:45:00,True,True,True,111,2018-10-30,876.0,0.009090971701252105,False,0.009090971701252105
2018-11-01,243,904.5,884.0,09:00:00,14:45:00,True,True,True,111,2018-10-31,904.0,0.0005529444431732314,False,0.0005529444431732314
2018-11-02,243,893.0,906.5,09:00:00,14:45:00,True,True,True,111,2018-11-01,884.0,0.010129518238855576,False,0.010129518238855576
2018-11-05,243,896.4,899.0,09:00:00,14:45:00,True,True,True,111,2018-11-02,906.5,-0.011204288268133787,False,0.011204288268133787
2018-11-06,243,905.5,894.0,09:00:00,14:45:00,True,True,True,111,2018-11-05,899.0,0.007204242851847838,False,0.007204242851847838
2018-11-07,243,896.9,894.8,09:00:00,14:45:00,True,True,True,111,2018-11-06,894.0,0.003238597950443226,False,0.003238597950443226
2018-11-08,243,905.6,893.6,09:00:00,14:45:00,True,True,True,111,2018-11-07,894.8,0.011997477832943956,False,0.011997477832943956
2018-11-09,243,893.2,880.0,09:00:00,14:45:00,True,True,True,111,2018-11-08,893.6,-0.0004477277889881142,False,0.0004477277889881142
2018-11-12,243,878.1,885.0,09:00:00,14:45:00,True,True,True,111,2018-11-09,880.0,-0.0021614251063022233,False,0.0021614251063022233
2018-11-13,243,867.7,872.8,09:00:00,14:45:00,True,True,True,111,2018-11-12,885.0,-0.019741612208485443,False,0.019741612208485443
2018-11-14,237,870.3,871.0,09:00:00,14:45:00,True,True,True,111,2018-11-13,872.8,-0.0028684547233930255,False,0.0028684547233930255
2018-11-15,243,870.0,864.4,09:00:00,14:45:00,True,True,True,111,2018-11-14,871.0,-0.0011487652038733708,False,0.0011487652038733708
2018-11-16,243,868.1,870.0,09:00:00,14:45:00,True,True,True,111,2018-11-15,864.4,0.0042712907650315,True,0.0042712907650315
2018-11-19,243,873.1,881.0,09:00:00,14:45:00,True,True,True,111,2018-11-16,870.0,0.0035568851681325015,False,0.0035568851681325015
2018-11-20,243,878.8,881.3,09:00:00,14:45:00,True,True,True,111,2018-11-19,881.0,-0.002500285425724382,False,0.002500285425724382
2018-11-21,243,875.4,895.0,09:00:00,14:45:00,True,True,True,111,2018-11-20,881.3,-0.006717165348819823,False,0.006717165348819823
2018-11-22,243,892.8,892.0,09:00:00,14:45:00,True,True,True,111,2018-11-21,895.0,-0.00246112664780891,False,0.00246112664780891
2018-11-23,243,892.4,886.8,09:00:00,14:45:00,True,True,True,111,2018-11-22,892.0,0.00044832997836800496,False,0.00044832997836800496
2018-11-26,243,887.8,890.4,09:00:00,14:45:00,True,True,True,111,2018-11-23,886.8,0.0011270146577785432,False,0.0011270146577785432
2018-11-27,243,891.0,884.4,09:00:00,14:45:00,True,True,True,111,2018-11-26,890.4,0.0006736275094742743,False,0.0006736275094742743
2018-11-28,232,886.1,890.3,09:00:00,14:45:00,True,True,True,111,2018-11-27,884.4,0.0019203620699655673,False,0.0019203620699655673
2018-11-29,243,897.0,885.2,09:00:00,14:45:00,True,True,True,111,2018-11-28,890.3,0.00749737747917064,False,0.00749737747917064
2018-11-30,243,886.2,887.5,09:00:00,14:45:00,True,True,True,111,2018-11-29,885.2,0.0011290505884945861,False,0.0011290505884945861
2018-12-03,243,896.7,915.0,09:00:00,14:45:00,True,True,True,111,2018-11-30,887.5,0.010312836608431027,False,0.010312836608431027
2018-12-04,243,912.5,912.8,09:00:00,14:45:00,True,True,True,111,2018-12-03,915.0,-0.0027359798188747488,False,0.0027359798188747488
2018-12-05,243,906.2,915.5,09:00:00,14:45:00,True,True,True,111,2018-12-04,912.8,-0.0072567663148279385,False,0.0072567663148279385
2018-12-06,243,912.0,909.0,09:00:00,14:45:00,True,True,True,111,2018-12-05,915.5,-0.00383037404023406,False,0.00383037404023406
2018-12-07,243,913.0,914.1,09:00:00,14:45:00,True,True,True,111,2018-12-06,909.0,0.004390786417489539,False,0.004390786417489539
2018-12-10,243,911.0,913.9,09:00:00,14:45:00,True,True,True,111,2018-12-07,914.1,-0.003397077399814755,False,0.003397077399814755
2018-12-11,243,916.5,914.1,09:00:00,14:45:00,True,True,True,111,2018-12-10,913.9,0.002840911001603871,False,0.002840911001603871
2018-12-12,243,917.0,920.8,09:00:00,14:45:00,True,True,True,111,2018-12-11,914.1,0.003167497596691796,False,0.003167497596691796
2018-12-13,243,922.6,923.9,09:00:00,14:45:00,True,True,True,111,2018-12-12,920.8,0.0019529137160473583,False,0.0019529137160473583
2018-12-14,243,921.5,913.1,09:00:00,14:45:00,True,True,True,111,2018-12-13,923.9,-0.002601063566821496,False,0.002601063566821496
2018-12-17,243,912.0,897.0,09:00:00,14:45:00,True,True,True,111,2018-12-14,913.1,-0.0012054135479630734,False,0.0012054135479630734
2018-12-18,243,893.0,894.6,09:00:00,14:45:00,True,True,True,111,2018-12-17,897.0,-0.004469281182297031,False,0.004469281182297031
2018-12-19,243,895.5,884.5,09:00:00,14:45:00,True,True,True,111,2018-12-18,894.6,0.0010055305020187962,False,0.0010055305020187962
2018-12-20,243,877.2,878.5,09:00:00,14:45:00,True,True,True,111,2018-12-19,884.5,-0.008287497056106787,False,0.008287497056106787
2018-12-21,243,876.6,879.5,09:00:00,14:45:00,True,True,True,111,2018-12-20,878.5,-0.002165119642443062,True,0.002165119642443062
2018-12-24,243,879.8,877.0,09:00:00,14:45:00,True,True,True,111,2018-12-21,879.5,0.0003410447370063795,False,0.0003410447370063795
2018-12-25,243,860.1,867.7,09:00:00,14:45:00,True,True,True,111,2018-12-24,877.0,-0.01945833081474919,False,0.01945833081474919
2018-12-26,243,869.8,863.0,09:00:00,14:45:00,True,True,True,111,2018-12-25,867.7,0.00241726736409381,False,0.00241726736409381
2018-12-27,243,879.0,867.5,09:00:00,14:45:00,True,True,True,111,2018-12-26,863.0,0.018370206601749033,False,0.018370206601749033
2018-12-28,243,869.6,855.0,09:00:00,14:45:00,True,True,True,111,2018-12-27,867.5,0.002417823985985472,False,0.002417823985985472
2019-01-02,243,856.0,842.7,09:00:00,14:45:00,True,True,True,111,2018-12-28,855.0,0.0011689072049819618,False,0.0011689072049819618
2019-01-03,243,845.5,824.0,09:00:00,14:45:00,True,True,True,111,2019-01-02,842.7,0.0033171455603272374,False,0.0033171455603272374
2019-01-04,243,822.0,834.0,09:00:00,14:45:00,True,True,True,111,2019-01-03,824.0,-0.002430134853291782,False,0.002430134853291782
2019-01-07,243,840.5,842.0,09:00:00,14:45:00,True,True,True,111,2019-01-04,834.0,0.0077635504899234925,False,0.0077635504899234925
2019-01-08,243,841.1,840.8,09:00:00,14:45:00,True,True,True,111,2019-01-07,842.0,-0.001069455273935125,False,0.001069455273935125
2019-01-09,243,845.3,847.5,09:00:00,14:45:00,True,True,True,111,2019-01-08,840.8,0.0053377743721405085,False,0.0053377743721405085
2019-01-10,243,845.2,840.5,09:00:00,14:45:00,True,True,True,111,2019-01-09,847.5,-0.0027175535127035824,False,0.0027175535127035824
2019-01-11,243,845.0,845.6,09:00:00,14:45:00,True,True,True,111,2019-01-10,840.5,0.005339674508503607,False,0.005339674508503607
2019-01-14,243,844.6,846.5,09:00:00,14:45:00,True,True,True,111,2019-01-11,845.6,-0.0011832920561846445,False,0.0011832920561846445
2019-01-15,243,850.0,860.0,09:00:00,14:45:00,True,True,True,111,2019-01-14,846.5,0.004126147911172208,False,0.004126147911172208
2019-01-16,243,861.4,860.7,09:00:00,14:45:00,True,True,True,111,2019-01-15,860.0,0.0016265833724568,False,0.0016265833724568
2019-01-17,243,860.5,850.0,09:00:00,14:45:00,True,True,True,111,2019-01-16,860.7,-0.00023239600383475841,False,0.00023239600383475841
2019-01-18,243,844.9,841.0,09:00:00,14:45:00,True,True,True,111,2019-01-17,850.0,-0.006018072325563021,True,0.006018072325563021
2019-01-21,243,844.8,862.0,09:00:00,14:45:00,True,True,True,111,2019-01-18,841.0,0.004508252979048905,False,0.004508252979048905
2019-01-22,243,863.4,854.0,09:00:00,14:45:00,True,True,True,111,2019-01-21,862.0,0.0016228124576841182,False,0.0016228124576841182
2019-01-23,243,853.5,860.8,09:00:00,14:45:00,True,True,True,111,2019-01-22,854.0,-0.0005856515540745054,False,0.0005856515540745054
2019-01-24,243,860.5,861.7,09:00:00,14:45:00,True,True,True,111,2019-01-23,860.8,-0.0003485737559257954,False,0.0003485737559257954
2019-01-25,243,864.5,867.9,09:00:00,14:45:00,True,True,True,111,2019-01-24,861.7,0.0032441228776240246,False,0.0032441228776240246
2019-01-28,243,870.3,865.0,09:00:00,14:45:00,True,True,True,111,2019-01-25,867.9,0.0027614791452689256,False,0.0027614791452689256
2019-01-29,243,862.4,870.0,09:00:00,14:45:00,True,True,True,111,2019-01-28,865.0,-0.0030103067771466677,False,0.0030103067771466677
2019-01-30,243,871.3,868.2,09:00:00,14:45:00,True,True,True,111,2019-01-29,870.0,0.0014931375886116035,False,0.0014931375886116035
2019-01-31,243,873.1,866.9,09:00:00,14:45:00,True,True,True,111,2019-01-30,868.2,0.005627993951268704,False,0.005627993951268704
2019-02-01,243,866.4,868.5,09:00:00,14:45:00,True,True,True,111,2019-01-31,866.9,-0.0005769341878138466,False,0.0005769341878138466
2019-02-11,243,868.3,878.0,09:00:00,14:45:00,True,True,True,111,2019-02-01,868.5,-0.00023030861456016074,False,0.00023030861456016074
2019-02-12,243,878.1,885.0,09:00:00,14:45:00,True,True,True,111,2019-02-11,878.0,0.00011388873083332462,False,0.00011388873083332462
2019-02-13,243,888.0,894.5,09:00:00,14:45:00,True,True,True,111,2019-02-12,885.0,0.003384097984240494,False,0.003384097984240494
2019-02-14,243,893.9,892.1,09:00:00,14:45:00,True,True,True,111,2019-02-13,894.5,-0.0006709908549669927,False,0.0006709908549669927
2019-02-15,243,890.6,889.6,09:00:00,14:45:00,True,True,True,111,2019-02-14,892.1,-0.0016828410321357349,False,0.0016828410321357349
2019-02-18,243,897.3,899.5,09:00:00,14:45:00,True,True,True,111,2019-02-15,889.6,0.00861833080769406,False,0.00861833080769406
2019-02-19,243,900.0,900.1,09:00:00,14:45:00,True,True,True,111,2019-02-18,899.5,0.0005557099337229548,False,0.0005557099337229548
2019-02-20,243,901.5,908.9,09:00:00,14:45:00,True,True,True,111,2019-02-19,900.1,0.0015541743803324443,False,0.0015541743803324443
2019-02-21,242,908.1,925.0,09:00:00,14:45:00,False,True,True,011,2019-02-20,908.9,-0.0008805724289420328,False,0.0008805724289420328
2019-02-22,243,913.0,919.4,09:00:00,14:45:00,True,True,True,111,2019-02-21,925.0,-0.013057856917456704,True,0.013057856917456704
2019-02-25,243,926.0,937.0,09:00:00,14:45:00,True,True,True,111,2019-02-22,919.4,0.0071529512740518345,False,0.0071529512740518345
2019-02-26,243,934.0,922.9,09:00:00,14:45:00,True,True,True,111,2019-02-25,937.0,-0.0032068440095795576,False,0.0032068440095795576
2019-02-27,243,927.5,923.0,09:00:00,14:45:00,True,True,True,111,2019-02-26,922.9,0.004971908210059083,False,0.004971908210059083
2019-02-28,243,923.1,900.0,09:00:00,14:45:00,True,True,True,111,2019-02-27,923.0,0.0001083364932537111,False,0.0001083364932537111
2019-03-01,243,906.5,910.0,09:00:00,14:45:00,True,True,True,111,2019-02-28,900.0,0.0071962668705950125,False,0.0071962668705950125
2019-03-04,243,915.0,926.9,09:00:00,14:45:00,True,True,True,111,2019-03-01,910.0,0.0054794657646255705,False,0.0054794657646255705
2019-03-05,243,921.9,917.5,09:00:00,14:45:00,True,True,True,111,2019-03-04,926.9,-0.005408927077238304,False,0.005408927077238304
2019-03-06,243,915.5,918.0,09:00:00,14:45:00,True,True,True,111,2019-03-05,917.5,-0.0021822158141599672,False,0.0021822158141599672
2019-03-07,243,919.7,908.0,09:00:00,14:45:00,True,True,True,111,2019-03-06,918.0,0.001850139288161595,False,0.001850139288161595
2019-03-08,243,904.0,899.0,09:00:00,14:45:00,True,True,True,111,2019-03-07,908.0,-0.004415018209116831,False,0.004415018209116831
2019-03-11,243,904.5,911.8,09:00:00,14:45:00,True,True,True,111,2019-03-08,899.0,0.006099270363729653,False,0.006099270363729653
2019-03-12,243,919.0,930.0,09:00:00,14:45:00,True,True,True,111,2019-03-11,911.8,0.007865454576346152,False,0.007865454576346152
2019-03-13,243,927.8,927.0,09:00:00,14:45:00,True,True,True,111,2019-03-12,930.0,-0.0023683938296583905,False,0.0023683938296583905
2019-03-14,243,930.0,926.0,09:00:00,14:45:00,True,True,True,111,2019-03-13,927.0,0.00323102058144654,False,0.00323102058144654
2019-03-15,243,927.6,927.0,09:00:00,14:45:00,True,True,True,111,2019-03-14,926.0,0.0017263707351972144,False,0.0017263707351972144
2019-03-18,243,931.5,935.1,09:00:00,14:45:00,True,True,True,111,2019-03-15,927.0,0.004842624475787991,False,0.004842624475787991
2019-03-19,243,934.0,926.1,09:00:00,14:45:00,True,True,True,111,2019-03-18,935.1,-0.001177037212558528,False,0.001177037212558528
2019-03-20,243,922.0,925.2,09:00:00,14:45:00,True,True,True,111,2019-03-19,926.1,-0.004436996619629529,False,0.004436996619629529
2019-03-21,243,925.8,908.0,09:00:00,14:45:00,True,True,True,111,2019-03-20,925.2,0.000648298239886038,False,0.000648298239886038
2019-03-22,243,895.6,897.4,09:00:00,14:45:00,True,True,True,111,2019-03-21,908.0,-0.01375049387669346,True,0.01375049387669346
2019-03-25,243,882.2,883.0,09:00:00,14:45:00,True,True,True,111,2019-03-22,897.4,-0.017082905871043573,False,0.017082905871043573
2019-03-26,243,887.1,880.0,09:00:00,14:45:00,True,True,True,111,2019-03-25,883.0,0.004632514922581172,False,0.004632514922581172
2019-03-27,243,883.8,884.0,09:00:00,14:45:00,True,True,True,111,2019-03-26,880.0,0.004308885224387279,False,0.004308885224387279
2019-03-28,243,881.1,883.2,09:00:00,14:45:00,True,True,True,111,2019-03-27,884.0,-0.003285935764959342,False,0.003285935764959342
2019-03-29,243,887.9,884.0,09:00:00,14:45:00,True,True,True,111,2019-03-28,883.2,0.0053074485154501715,False,0.0053074485154501715
2019-04-01,243,890.7,890.0,09:00:00,14:45:00,True,True,True,111,2019-03-29,884.0,0.007550607800180348,False,0.007550607800180348
2019-04-02,243,895.1,885.1,09:00:00,14:45:00,True,True,True,111,2019-04-01,890.0,0.005713981150707733,False,0.005713981150707733
2019-04-03,243,886.8,888.0,09:00:00,14:45:00,True,True,True,111,2019-04-02,885.1,0.001918844767325014,False,0.001918844767325014
2019-04-04,243,887.0,888.0,09:00:00,14:45:00,True,True,True,111,2019-04-03,888.0,-0.0011267606825906176,False,0.0011267606825906176
2019-04-05,243,888.8,888.0,09:00:00,14:45:00,True,True,True,111,2019-04-04,888.0,0.0009004953332501659,False,0.0009004953332501659
2019-04-08,243,888.7,894.8,09:00:00,14:45:00,True,True,True,111,2019-04-05,888.0,0.0007879777522595311,False,0.0007879777522595311
2019-04-09,243,895.5,887.0,09:00:00,14:45:00,True,True,True,111,2019-04-08,894.8,0.0007819918847920255,False,0.0007819918847920255
2019-04-10,243,882.8,885.2,09:00:00,14:45:00,True,True,True,111,2019-04-09,887.0,-0.004746307926998216,False,0.004746307926998216
2019-04-11,243,885.0,883.1,09:00:00,14:45:00,True,True,True,111,2019-04-10,885.2,-0.00022596316896508886,False,0.00022596316896508886
2019-04-12,243,883.2,885.0,09:00:00,14:45:00,True,True,True,111,2019-04-11,883.1,0.00011323104807432885,False,0.00011323104807432885
2019-04-16,243,881.8,885.4,09:00:00,14:45:00,True,True,True,111,2019-04-12,885.0,-0.003622372084092355,False,0.003622372084092355
2019-04-17,243,885.2,883.0,09:00:00,14:45:00,True,True,True,111,2019-04-16,885.4,-0.00022591212114601538,False,0.00022591212114601538
2019-04-18,242,882.3,877.0,09:00:00,14:45:00,False,True,True,011,2019-04-17,883.0,-0.0007930663759010265,False,0.0007930663759010265
2019-04-19,243,867.8,866.2,09:00:00,14:45:00,True,True,True,111,2019-04-18,877.0,-0.010545719007932787,True,0.010545719007932787
2019-04-22,243,865.1,861.9,09:00:00,14:45:00,True,True,True,111,2019-04-19,866.2,-0.0012707215941976891,False,0.0012707215941976891
2019-04-23,243,861.2,865.5,09:00:00,14:45:00,True,True,True,111,2019-04-22,861.9,-0.000812489163145566,False,0.000812489163145566
2019-04-24,243,868.4,872.8,09:00:00,14:45:00,True,True,True,111,2019-04-23,865.5,0.0033450633878727917,False,0.0033450633878727917
2019-04-25,243,872.0,868.6,09:00:00,14:45:00,True,True,True,111,2019-04-24,872.8,-0.0009170106098813723,False,0.0009170106098813723
2019-04-26,243,868.4,877.0,09:00:00,14:45:00,True,True,True,111,2019-04-25,868.6,-0.0002302820965847528,False,0.0002302820965847528
2019-05-02,243,879.4,877.6,09:00:00,14:45:00,True,True,True,111,2019-04-26,877.0,0.0027328643745266855,False,0.0027328643745266855
2019-05-03,243,875.2,880.0,09:00:00,14:45:00,True,True,True,111,2019-05-02,877.6,-0.0027384772933036873,False,0.0027384772933036873
2019-05-06,243,870.9,866.6,09:00:00,14:45:00,True,True,True,111,2019-05-03,880.0,-0.01039474777355829,False,0.01039474777355829
2019-05-07,243,871.0,873.7,09:00:00,14:45:00,True,True,True,111,2019-05-06,866.6,0.0050644675466938365,False,0.0050644675466938365
2019-05-08,243,867.1,873.3,09:00:00,14:45:00,True,True,True,111,2019-05-07,873.7,-0.007582756920934209,False,0.007582756920934209
2019-05-09,243,873.0,871.0,09:00:00,14:45:00,True,True,True,111,2019-05-08,873.3,-0.000343583580084992,False,0.000343583580084992
2019-05-10,243,876.9,876.7,09:00:00,14:45:00,True,True,True,111,2019-05-09,871.0,0.006750983932807097,False,0.006750983932807097
2019-05-13,243,876.4,877.3,09:00:00,14:45:00,True,True,True,111,2019-05-10,876.7,-0.0003422508732284909,False,0.0003422508732284909
2019-05-14,243,876.0,883.0,09:00:00,14:45:00,True,True,True,111,2019-05-13,877.3,-0.0014829181979466967,False,0.0014829181979466967
2019-05-15,243,884.0,892.1,09:00:00,14:45:00,True,True,True,111,2019-05-14,883.0,0.0011318620336833308,False,0.0011318620336833308
2019-05-16,243,893.5,890.0,09:00:00,14:45:00,True,True,True,111,2019-05-15,892.1,0.0015681006797448804,False,0.0015681006797448804
2019-05-17,243,893.8,892.6,09:00:00,14:45:00,True,True,True,111,2019-05-16,890.0,0.004260573773165631,True,0.004260573773165631
2019-05-20,243,893.8,908.9,09:00:00,14:45:00,True,True,True,111,2019-05-17,892.6,0.0013434843041815678,False,0.0013434843041815678
2019-05-21,243,912.0,910.6,09:00:00,14:45:00,True,True,True,111,2019-05-20,908.9,0.0034049129496067673,False,0.0034049129496067673
2019-05-22,243,911.7,908.2,09:00:00,14:45:00,True,True,True,111,2019-05-21,910.6,0.0012072656901753116,False,0.0012072656901753116
2019-05-23,243,905.8,907.9,09:00:00,14:45:00,True,True,True,111,2019-05-22,908.2,-0.002646087541737364,False,0.002646087541737364
2019-05-24,243,908.0,901.0,09:00:00,14:45:00,True,True,True,111,2019-05-23,907.9,0.0001101382235817419,False,0.0001101382235817419
2019-05-27,243,898.2,902.4,09:00:00,14:45:00,True,True,True,111,2019-05-24,901.0,-0.003112496954700188,False,0.003112496954700188
2019-05-28,243,903.0,903.0,09:00:00,14:45:00,True,True,True,111,2019-05-27,902.4,0.0006646726731909598,False,0.0006646726731909598
2019-05-29,243,901.6,898.0,09:00:00,14:45:00,True,True,True,111,2019-05-28,903.0,-0.001551590691418833,False,0.001551590691418833
2019-05-30,243,897.5,898.9,09:00:00,14:45:00,True,True,True,111,2019-05-29,898.0,-0.0005569479397656545,False,0.0005569479397656545
2019-05-31,243,897.5,878.0,09:00:00,14:45:00,True,True,True,111,2019-05-30,898.9,-0.0015586732169196147,False,0.0015586732169196147
2019-06-03,221,875.0,859.0,09:00:00,14:45:00,True,True,True,111,2019-05-31,878.0,-0.003422707277502283,False,0.003422707277502283
2019-06-04,243,861.8,865.0,09:00:00,14:45:00,True,True,True,111,2019-06-03,859.0,0.0032543031974822238,False,0.0032543031974822238
2019-06-05,243,872.1,866.4,09:00:00,14:45:00,True,True,True,111,2019-06-04,865.0,0.008174589301060688,False,0.008174589301060688
2019-06-06,243,866.8,866.5,09:00:00,14:45:00,True,True,True,111,2019-06-05,866.4,0.0004615739754230146,False,0.0004615739754230146
2019-06-07,243,868.2,874.8,09:00:00,14:45:00,True,True,True,111,2019-06-06,866.5,0.001959993709832487,False,0.001959993709832487
2019-06-10,243,878.5,878.5,09:00:00,14:45:00,True,True,True,111,2019-06-07,874.8,0.004220618824539233,False,0.004220618824539233
2019-06-11,243,877.1,877.0,09:00:00,14:45:00,True,True,True,111,2019-06-10,878.5,-0.0015948966698158915,False,0.0015948966698158915
2019-06-12,243,874.9,868.7,09:00:00,14:45:00,True,True,True,111,2019-06-11,877.0,-0.0023973982599642223,False,0.0023973982599642223
2019-06-13,243,865.6,865.0,09:00:00,14:45:00,True,True,True,111,2019-06-12,868.7,-0.0035749331736578175,False,0.0035749331736578175
2019-06-14,243,865.7,858.9,09:00:00,14:45:00,True,True,True,111,2019-06-13,865.0,0.0008089212898488485,False,0.0008089212898488485
2019-06-17,243,860.4,854.0,09:00:00,14:45:00,True,True,True,111,2019-06-14,858.9,0.0017448966213958789,False,0.0017448966213958789
2019-06-18,243,851.6,851.6,09:00:00,14:45:00,True,True,True,111,2019-06-17,854.0,-0.0028142607692454385,False,0.0028142607692454385
2019-06-19,243,857.2,856.8,09:00:00,14:45:00,True,True,True,111,2019-06-18,851.6,0.006554330580097502,False,0.006554330580097502
2019-06-20,242,856.9,865.0,09:00:00,14:45:00,True,True,True,111,2019-06-19,856.8,0.00011670654153411112,False,0.00011670654153411112
2019-06-21,243,883.8,885.0,09:00:00,14:45:00,True,True,True,111,2019-06-20,865.0,0.021501285764760146,True,0.021501285764760146
2019-06-24,243,884.5,881.6,09:00:00,14:45:00,True,True,True,111,2019-06-21,885.0,-0.0005651314080895783,False,0.0005651314080895783
2019-06-25,242,879.6,875.1,09:01:00,14:45:00,True,True,True,111,2019-06-24,881.6,-0.0022711797180439064,False,0.0022711797180439064
2019-06-26,243,873.5,872.6,09:00:00,14:45:00,True,True,True,111,2019-06-25,875.1,-0.0018300359676741494,False,0.0018300359676741494
2019-06-27,243,873.0,856.9,09:00:00,14:45:00,True,True,True,111,2019-06-26,872.6,0.000458295150092976,False,0.000458295150092976
2019-06-28,243,854.8,867.9,09:00:00,14:45:00,True,True,True,111,2019-06-27,856.9,-0.0024537022300805547,False,0.0024537022300805547
2019-07-01,243,877.0,888.4,09:00:00,14:45:00,True,True,True,111,2019-06-28,867.9,0.01043049172198407,False,0.01043049172198407
2019-07-02,243,886.0,874.0,09:00:00,14:45:00,True,True,True,111,2019-07-01,888.4,-0.002705141415191393,False,0.002705141415191393
2019-07-03,243,871.5,874.0,09:00:00,14:45:00,True,True,True,111,2019-07-02,874.0,-0.0028645106954598683,False,0.0028645106954598683
2019-07-04,243,878.9,886.0,09:00:00,14:45:00,True,True,True,111,2019-07-03,874.0,0.005590749915064099,False,0.005590749915064099
2019-07-05,243,887.0,882.5,09:00:00,14:45:00,True,True,True,111,2019-07-04,886.0,0.001128031704498637,False,0.001128031704498637
2019-07-08,243,877.9,873.5,09:00:00,14:45:00,True,True,True,111,2019-07-05,882.5,-0.005226096875288835,False,0.005226096875288835
2019-07-09,243,871.5,874.5,09:00:00,14:45:00,True,True,True,111,2019-07-08,873.5,-0.0022922646140356596,False,0.0022922646140356596
2019-07-10,243,879.0,877.6,09:00:00,14:45:00,True,True,True,111,2019-07-09,874.5,0.005132603226520216,False,0.005132603226520216
2019-07-11,243,884.0,880.0,09:00:00,14:45:00,True,True,True,111,2019-07-10,877.6,0.007266153676622977,False,0.007266153676622977
2019-07-12,240,883.9,873.6,09:00:00,14:45:00,True,True,True,111,2019-07-11,880.0,0.0044220265946500826,False,0.0044220265946500826
2019-07-15,243,870.3,879.0,09:00:00,14:45:00,True,True,True,111,2019-07-12,873.6,-0.003784625195172669,False,0.003784625195172669
2019-07-16,243,877.4,880.8,09:00:00,14:46:00,True,True,False,110,2019-07-15,879.0,-0.0018219089530634146,False,0.0018219089530634146
2019-07-17,243,881.1,878.0,09:00:00,14:45:00,True,True,True,111,2019-07-16,880.8,0.0003405414642139483,False,0.0003405414642139483
2019-07-18,243,876.0,870.8,09:00:00,14:45:00,True,True,True,111,2019-07-17,878.0,-0.0022805026987252177,False,0.0022805026987252177
2019-07-19,243,880.4,880.5,09:00:00,14:45:00,True,True,True,111,2019-07-18,870.8,0.01096402029191415,True,0.01096402029191415
2019-07-22,243,878.1,874.8,09:00:00,14:45:00,True,True,True,111,2019-07-19,880.5,-0.0027294455703109535,False,0.0027294455703109535
2019-07-23,243,877.0,886.0,09:00:00,14:45:00,True,True,True,111,2019-07-22,874.8,0.002511703569570334,False,0.002511703569570334
2019-07-24,243,887.4,885.0,09:00:00,14:45:00,True,True,True,111,2019-07-23,886.0,0.0015788883397281224,False,0.0015788883397281224
2019-07-25,243,884.3,885.0,09:00:00,14:45:00,True,True,True,111,2019-07-24,885.0,-0.0007912734262401509,False,0.0007912734262401509
2019-07-26,243,885.0,886.2,09:00:00,14:45:00,True,True,True,111,2019-07-25,885.0,0.0,False,0.0
2019-07-29,243,886.0,885.9,09:00:00,14:45:00,True,True,True,111,2019-07-26,886.2,-0.00022570816030817776,False,0.00022570816030817776
2019-07-30,243,887.7,874.5,09:00:00,14:45:00,True,True,True,111,2019-07-29,885.9,0.0020297706562869547,False,0.0020297706562869547
2019-07-31,243,873.3,885.0,09:00:00,14:45:00,True,True,True,111,2019-07-30,874.5,-0.0013731550389696184,False,0.0013731550389696184
2019-08-01,243,881.3,882.5,09:00:00,14:45:00,True,True,True,111,2019-07-31,885.0,-0.0041895549023147375,False,0.0041895549023147375
2019-08-02,243,876.9,880.5,09:00:00,14:45:00,True,True,True,111,2019-08-01,882.5,-0.006365828022141879,False,0.006365828022141879
2019-08-05,243,877.1,874.0,09:00:00,14:45:00,True,True,True,111,2019-08-02,880.5,-0.0038689169789248887,False,0.0038689169789248887
2019-08-06,243,862.9,868.0,09:00:00,14:45:00,True,True,True,111,2019-08-05,874.0,-0.012781566141273657,False,0.012781566141273657
2019-08-07,243,868.0,865.0,09:00:00,14:45:00,True,True,True,111,2019-08-06,868.0,0.0,False,0.0
2019-08-08,243,868.1,869.2,09:00:00,14:45:00,True,True,True,111,2019-08-07,865.0,0.0035774084658830524,False,0.0035774084658830524
2019-08-09,243,871.4,869.7,09:00:00,14:45:00,True,True,True,111,2019-08-08,869.2,0.002527865301067077,False,0.002527865301067077
2019-08-12,243,870.1,874.7,09:00:00,14:45:00,True,True,True,111,2019-08-09,869.7,0.00045982297625927283,False,0.00045982297625927283
2019-08-13,242,872.4,872.1,09:00:00,14:45:00,True,True,True,111,2019-08-12,874.7,-0.002632936098335319,False,0.002632936098335319
2019-08-14,243,876.5,877.6,09:00:00,14:45:00,True,True,True,111,2019-08-13,872.1,0.005032608128349128,False,0.005032608128349128
2019-08-15,243,868.8,890.4,09:00:00,14:45:00,True,True,True,111,2019-08-14,877.6,-0.0100779597813496,False,0.0100779597813496
2019-08-16,243,877.1,879.1,09:00:00,14:45:00,True,True,True,111,2019-08-15,890.4,-0.015049789003999064,True,0.015049789003999064
2019-08-19,243,881.9,883.5,09:00:00,14:45:00,True,True,True,111,2019-08-16,879.1,0.003180014037002101,False,0.003180014037002101
2019-08-20,243,882.8,882.3,09:00:00,14:45:00,True,True,True,111,2019-08-19,883.5,-0.0007926173771698273,False,0.0007926173771698273
2019-08-21,243,882.9,887.3,09:00:00,14:45:00,True,True,True,111,2019-08-20,882.3,0.0006798096794777014,False,0.0006798096794777014
2019-08-22,243,888.5,886.6,09:00:00,14:45:00,True,True,True,111,2019-08-21,887.3,0.0013515037534140748,False,0.0013515037534140748
2019-08-23,243,887.6,887.8,09:00:00,14:45:00,True,True,True,111,2019-08-22,886.6,0.001127268747485804,False,0.001127268747485804
2019-08-26,243,881.4,885.5,09:00:00,14:45:00,True,True,True,111,2019-08-23,887.8,-0.0072349399920482,False,0.0072349399920482
2019-08-27,243,886.6,881.0,09:00:00,14:45:00,True,True,True,111,2019-08-26,885.5,0.0012414650880649455,False,0.0012414650880649455
2019-08-28,243,882.0,880.9,09:00:00,14:45:00,True,True,True,111,2019-08-27,881.0,0.0011344300706118218,False,0.0011344300706118218
2019-08-29,243,880.9,884.6,09:00:00,14:45:00,True,True,True,111,2019-08-28,880.9,0.0,False,0.0
2019-08-30,242,887.0,886.0,09:00:00,14:45:00,True,True,True,111,2019-08-29,884.6,0.0027094168753529855,False,0.0027094168753529855
2019-09-03,243,885.5,883.1,09:00:00,14:45:00,True,True,True,111,2019-08-30,886.0,-0.0005644933821927641,False,0.0005644933821927641
2019-09-04,243,884.4,887.0,09:00:00,14:45:00,True,True,True,111,2019-09-03,883.1,0.0014710045085346893,False,0.0014710045085346893
2019-09-05,243,888.7,886.0,09:00:00,14:45:00,True,True,True,111,2019-09-04,887.0,0.0019147384348501884,False,0.0019147384348501884
2019-09-06,243,886.4,886.9,09:00:00,14:45:00,True,True,True,111,2019-09-05,886.0,0.0004513653879384975,False,0.0004513653879384975
2019-09-09,239,887.0,886.0,09:00:00,14:45:00,True,True,True,111,2019-09-06,886.9,0.0001127459271729009,False,0.0001127459271729009
2019-09-10,243,886.0,882.6,09:00:00,14:45:00,True,True,True,111,2019-09-09,886.0,0.0,False,0.0
2019-09-11,243,883.0,884.7,09:00:00,14:45:00,True,True,True,111,2019-09-10,882.6,0.0004531037685131667,False,0.0004531037685131667
2019-09-12,242,886.0,887.1,09:00:00,14:45:00,True,True,True,111,2019-09-11,884.7,0.0014683461157405605,False,0.0014683461157405605
2019-09-13,243,887.3,901.6,09:00:00,14:45:00,True,True,True,111,2019-09-12,887.1,0.0002254283147508175,False,0.0002254283147508175
2019-09-16,243,902.4,902.2,09:00:00,14:45:00,True,True,True,111,2019-09-13,901.6,0.0008869180182279546,False,0.0008869180182279546
2019-09-17,242,901.2,908.0,09:00:00,14:45:00,False,True,True,011,2019-09-16,902.2,-0.0011090164162061772,False,0.0011090164162061772
2019-09-18,243,908.1,910.5,09:00:00,14:45:00,True,True,True,111,2019-09-17,908.0,0.00011012609448940114,False,0.00011012609448940114
2019-09-19,243,911.8,917.1,09:00:00,14:45:00,True,True,True,111,2019-09-18,910.5,0.001426768611678425,False,0.001426768611678425
2019-09-20,243,914.4,914.0,09:00:00,14:45:00,True,True,True,111,2019-09-19,917.1,-0.0029484050842976564,True,0.0029484050842976564
2019-09-23,243,913.7,907.0,09:00:00,14:45:00,True,True,True,111,2019-09-20,914.0,-0.0003282814495750866,False,0.0003282814495750866
2019-09-24,243,907.3,909.9,09:00:00,14:45:00,True,True,True,111,2019-09-23,907.0,0.00033070606044653444,False,0.00033070606044653444
2019-09-25,243,908.5,911.1,09:00:00,14:45:00,True,True,True,111,2019-09-24,909.9,-0.0015398155264191853,False,0.0015398155264191853
2019-09-26,243,912.5,916.1,09:00:00,14:45:00,True,True,True,111,2019-09-25,911.1,0.0015354247368337486,False,0.0015354247368337486
2019-09-27,243,915.3,923.0,09:00:00,14:45:00,True,True,True,111,2019-09-26,916.1,-0.0008736486304294299,False,0.0008736486304294299
2019-09-30,243,925.8,922.1,09:00:00,14:45:00,True,True,True,111,2019-09-27,923.0,0.0030289940943178414,False,0.0030289940943178414
2019-10-01,243,923.6,930.0,09:00:00,14:45:00,True,True,True,111,2019-09-30,922.1,0.0016253999352446992,False,0.0016253999352446992
2019-10-02,243,929.0,920.8,09:00:00,14:45:00,True,True,True,111,2019-10-01,930.0,-0.0010758473334631254,False,0.0010758473334631254
2019-10-03,243,916.8,926.0,09:00:00,14:45:00,True,True,True,111,2019-10-02,920.8,-0.004353511447197775,False,0.004353511447197775
2019-10-04,243,925.6,918.6,09:00:00,14:45:00,True,True,True,111,2019-10-03,926.0,-0.00043205876671256743,False,0.00043205876671256743
2019-10-07,243,919.0,912.2,09:00:00,14:45:00,True,True,True,111,2019-10-04,918.6,0.0004353504639938795,False,0.0004353504639938795
2019-10-08,243,912.8,916.6,09:00:00,14:45:00,True,True,True,111,2019-10-07,912.2,0.000657534270265692,False,0.000657534270265692
2019-10-09,243,916.0,914.8,09:00:00,14:45:00,True,True,True,111,2019-10-08,916.6,-0.0006548074008934117,False,0.0006548074008934117
2019-10-10,243,915.0,913.0,09:00:00,14:45:00,True,True,True,111,2019-10-09,914.8,0.00021860312689519508,False,0.00021860312689519508
2019-10-11,243,915.6,915.5,09:00:00,14:45:00,True,True,True,111,2019-10-10,913.0,0.002843707483443252,False,0.002843707483443252
2019-10-14,243,919.9,922.7,09:00:00,14:45:00,True,True,True,111,2019-10-11,915.5,0.0047946043685462,False,0.0047946043685462
2019-10-15,243,922.7,924.2,09:00:00,14:45:00,True,True,True,111,2019-10-14,922.7,0.0,False,0.0
2019-10-16,243,926.4,923.6,09:00:00,14:45:00,True,True,True,111,2019-10-15,924.2,0.002377608382564766,False,0.002377608382564766
2019-10-17,243,924.0,918.8,09:00:00,14:45:00,True,True,True,111,2019-10-16,923.6,0.00043299416134378894,False,0.00043299416134378894
2019-10-18,243,923.8,921.4,09:00:00,14:45:00,True,True,True,111,2019-10-17,918.8,0.005427127181561744,True,0.005427127181561744
2019-10-21,243,920.5,918.1,09:00:00,14:45:00,True,True,True,111,2019-10-18,921.4,-0.0009772518286840653,False,0.0009772518286840653
2019-10-22,243,919.9,919.2,09:00:00,14:45:00,True,True,True,111,2019-10-21,918.1,0.001958651333457218,False,0.001958651333457218
2019-10-23,243,919.2,919.5,09:00:00,14:45:00,True,True,True,111,2019-10-22,919.2,0.0,False,0.0
2019-10-24,243,920.3,925.8,09:00:00,14:45:00,True,True,True,111,2019-10-23,919.5,0.0008696598004354156,False,0.0008696598004354156
2019-10-25,242,925.7,925.9,09:00:00,14:45:00,True,True,True,111,2019-10-24,925.8,-0.00010802052400450781,False,0.00010802052400450781
2019-10-28,243,927.6,926.5,09:00:00,14:45:00,True,True,True,111,2019-10-25,925.9,0.0018343679273752568,False,0.0018343679273752568
2019-10-29,243,927.0,926.0,09:00:00,14:45:00,True,True,True,111,2019-10-28,926.5,0.0005395198404407314,False,0.0005395198404407314
2019-10-30,243,925.5,928.4,09:00:00,14:45:00,False,True,True,011,2019-10-29,926.0,-0.0005401026326272185,False,0.0005401026326272185
2019-10-31,242,929.7,926.5,09:00:00,14:45:00,False,True,True,011,2019-10-30,928.4,0.0013992790615304188,False,0.0013992790615304188
2019-11-01,237,926.9,933.5,09:00:00,14:45:00,True,False,True,101,2019-10-31,926.5,0.00043163915637255677,False,0.00043163915637255677
2019-11-04,243,937.0,937.0,09:00:00,14:45:00,True,True,True,111,2019-11-01,933.5,0.003742319256644968,False,0.003742319256644968
2019-11-05,243,937.0,938.0,09:00:00,14:45:00,True,True,True,111,2019-11-04,937.0,0.0,False,0.0
2019-11-06,242,937.4,937.9,09:00:00,14:45:00,False,True,True,011,2019-11-05,938.0,-0.0006398635176189078,False,0.0006398635176189078
2019-11-07,242,937.9,941.8,09:00:00,14:45:00,True,True,True,111,2019-11-06,937.9,0.0,False,0.0
2019-11-08,242,942.0,942.5,09:00:00,14:45:00,True,True,True,111,2019-11-07,941.8,0.0002123367669088688,False,0.0002123367669088688
2019-11-11,242,941.3,939.2,09:00:00,14:45:00,True,True,True,111,2019-11-08,942.5,-0.001274020768991282,False,0.001274020768991282
2019-11-12,243,940.1,942.9,09:00:00,14:45:00,True,True,True,111,2019-11-11,939.2,0.0009578035106732151,False,0.0009578035106732151
2019-11-13,243,941.4,937.2,09:00:00,14:45:00,True,True,True,111,2019-11-12,942.9,-0.001592103504589716,False,0.001592103504589716
2019-11-14,243,937.9,934.7,09:00:00,14:45:00,True,True,True,111,2019-11-13,937.2,0.0007466268812521314,False,0.0007466268812521314
2019-11-15,243,935.3,933.8,09:00:00,14:45:00,True,True,True,111,2019-11-14,934.7,0.0006417112519675535,False,0.0006417112519675535
2019-11-18,242,934.5,929.0,09:00:00,14:45:00,False,True,True,011,2019-11-15,933.8,0.0007493443587809797,False,0.0007493443587809797
2019-11-19,243,929.8,929.7,09:00:00,14:45:00,True,True,True,111,2019-11-18,929.0,0.0008607704426458069,False,0.0008607704426458069
2019-11-20,243,929.2,921.0,09:00:00,14:45:00,True,True,True,111,2019-11-19,929.7,-0.0005379525655581628,False,0.0005379525655581628
2019-11-21,243,918.1,899.0,09:00:00,14:45:00,True,True,True,111,2019-11-20,921.0,-0.003153719105652485,False,0.003153719105652485
2019-11-22,243,909.0,901.5,09:00:00,14:45:00,True,True,True,111,2019-11-21,899.0,0.011062059705858603,True,0.011062059705858603
2019-11-25,243,902.6,902.9,09:00:00,14:45:00,True,True,True,111,2019-11-22,901.5,0.0012194447495288948,False,0.0012194447495288948
2019-11-26,243,904.8,905.5,09:00:00,14:45:00,True,True,True,111,2019-11-25,902.9,0.0021021194884771176,False,0.0021021194884771176
2019-11-27,243,905.7,899.5,09:00:00,14:45:00,True,True,True,111,2019-11-26,905.5,0.00022084805743470806,False,0.00022084805743470806
2019-11-28,243,897.2,892.3,09:00:00,14:45:00,True,True,True,111,2019-11-27,899.5,-0.0025602507445345326,False,0.0025602507445345326
2019-11-29,243,891.0,891.1,09:00:00,14:45:00,True,True,True,111,2019-11-28,892.3,-0.0014579714352963712,False,0.0014579714352963712
2019-12-02,243,892.3,878.0,09:00:00,14:45:00,True,True,True,111,2019-11-29,891.1,0.0013457442874315233,False,0.0013457442874315233
2019-12-03,243,875.1,875.1,09:00:00,14:45:00,True,True,True,111,2019-12-02,878.0,-0.0033084280933311574,False,0.0033084280933311574
2019-12-04,243,871.5,887.8,09:00:00,14:45:00,True,True,True,111,2019-12-03,875.1,-0.0041223005817097955,False,0.0041223005817097955
2019-12-05,242,887.6,885.0,09:00:00,14:45:00,False,True,True,011,2019-12-04,887.8,-0.00022530134149593265,False,0.00022530134149593265
2019-12-06,243,885.6,884.7,09:00:00,14:45:00,True,True,True,111,2019-12-05,885.0,0.000677736386497595,False,0.000677736386497595
2019-12-09,243,885.5,879.2,09:00:00,14:45:00,True,True,True,111,2019-12-06,884.7,0.0009038527335478275,False,0.0009038527335478275
2019-12-10,243,878.7,877.0,09:00:00,14:45:00,True,True,True,111,2019-12-09,879.2,-0.0005688605876140775,False,0.0005688605876140775
2019-12-11,243,877.0,884.0,09:00:00,14:45:00,True,True,True,111,2019-12-10,877.0,0.0,False,0.0
2019-12-12,243,884.1,885.0,09:00:00,14:45:00,True,True,True,111,2019-12-11,884.0,0.00011311577411529453,False,0.00011311577411529453
2019-12-13,243,888.3,881.5,09:00:00,14:45:00,True,True,True,111,2019-12-12,885.0,0.0037218787677258175,False,0.0037218787677258175
2019-12-16,243,880.8,877.4,09:00:00,14:45:00,True,True,True,111,2019-12-13,881.5,-0.0007944164294547191,False,0.0007944164294547191
2019-12-17,243,878.0,868.0,09:00:00,14:45:00,True,True,True,111,2019-12-16,877.4,0.0006836049030030326,False,0.0006836049030030326
2019-12-18,243,867.0,861.5,09:00:00,14:45:00,True,True,True,111,2019-12-17,868.0,-0.0011527378798082853,False,0.0011527378798082853
2019-12-19,239,861.8,861.2,09:00:00,14:45:00,False,True,True,011,2019-12-18,861.5,0.00034816921375320834,False,0.00034816921375320834
2019-12-20,243,866.0,869.4,09:00:00,14:45:00,True,True,True,111,2019-12-19,861.2,0.0055581430722272335,True,0.0055581430722272335
2019-12-23,243,870.7,868.1,09:00:00,14:45:00,True,True,True,111,2019-12-20,869.4,0.0014941672798783818,False,0.0014941672798783818
2019-12-24,243,867.8,871.5,09:00:00,14:45:00,True,True,True,111,2019-12-23,868.1,-0.0003456420335120185,False,0.0003456420335120185
2019-12-25,243,873.0,873.8,09:00:00,14:45:00,True,True,True,111,2019-12-24,871.5,0.001719690879526679,False,0.001719690879526679
2019-12-26,243,873.9,871.1,09:00:00,14:45:00,True,True,True,111,2019-12-25,873.8,0.00011443611616310562,False,0.00011443611616310562
2019-12-27,243,870.2,879.3,09:00:00,14:45:00,True,True,True,111,2019-12-26,871.1,-0.0010337105382665396,False,0.0010337105382665396
2019-12-30,243,880.5,878.3,09:00:00,14:45:00,True,True,True,111,2019-12-27,879.3,0.001363791551304395,False,0.001363791551304395
2019-12-31,243,878.2,876.3,09:00:00,14:45:00,True,True,True,111,2019-12-30,878.3,-0.0001138627954545622,False,0.0001138627954545622
2020-01-02,243,877.5,886.3,09:00:00,14:45:00,True,True,True,111,2019-12-31,876.3,0.0013684572782160656,False,0.0013684572782160656
2020-01-03,243,887.1,879.5,09:00:00,14:45:00,True,True,True,111,2020-01-02,886.3,0.0009022217821891188,False,0.0009022217821891188
2020-01-06,243,877.5,872.0,09:00:00,14:45:00,True,True,True,111,2020-01-03,879.5,-0.0022766088375919544,False,0.0022766088375919544
2020-01-07,243,874.0,875.0,09:00:00,14:45:00,True,True,True,111,2020-01-06,872.0,0.0022909517465557624,False,0.0022909517465557624
2020-01-08,243,868.0,863.7,09:00:00,14:45:00,True,True,True,111,2020-01-07,875.0,-0.008032171697264267,False,0.008032171697264267
2020-01-09,243,869.2,874.8,09:00:00,14:45:00,True,True,True,111,2020-01-08,863.7,0.006347762096034595,False,0.006347762096034595
2020-01-10,243,876.1,878.7,09:00:00,14:45:00,True,True,True,111,2020-01-09,874.8,0.0014849508697053519,False,0.0014849508697053519
2020-01-13,243,880.9,879.5,09:00:00,14:45:00,True,True,True,111,2020-01-10,878.7,0.0025005696139523965,False,0.0025005696139523965
2020-01-14,243,880.5,882.3,09:00:00,14:45:00,True,True,True,111,2020-01-13,879.5,0.0011363637586480103,False,0.0011363637586480103
2020-01-15,243,882.0,883.8,09:00:00,14:45:00,True,True,True,111,2020-01-14,882.3,-0.00034007822126770913,False,0.00034007822126770913
2020-01-16,243,886.5,892.1,09:00:00,14:45:00,True,True,True,111,2020-01-15,883.8,0.003050332817623097,False,0.003050332817623097
2020-01-17,243,894.7,893.5,09:00:00,14:45:00,True,True,True,111,2020-01-16,892.1,0.002910232633812547,True,0.002910232633812547
2020-01-20,243,893.0,896.9,09:00:00,14:45:00,True,True,True,111,2020-01-17,893.5,-0.0005597537229836739,False,0.0005597537229836739
2020-01-21,243,896.0,902.2,09:00:00,14:45:00,True,True,True,111,2020-01-20,896.9,-0.0010039601490268587,False,0.0010039601490268587
2020-01-22,243,902.7,909.0,09:00:00,14:45:00,True,True,True,111,2020-01-21,902.2,0.0005540473298137282,False,0.0005540473298137282
2020-01-30,243,903.8,873.0,09:00:00,14:45:00,True,True,True,111,2020-01-22,909.0,-0.00573699720029958,False,0.00573699720029958
2020-01-31,243,879.1,852.0,09:00:00,14:45:00,True,True,True,111,2020-01-30,873.0,0.006963101017530678,False,0.006963101017530678
2020-02-03,243,847.1,841.0,09:00:00,14:45:00,True,True,True,111,2020-01-31,852.0,-0.0057677753918104965,False,0.0057677753918104965
2020-02-04,243,844.8,842.2,09:00:00,14:45:00,True,True,True,111,2020-02-03,841.0,0.004508252979048905,False,0.004508252979048905
2020-02-05,243,848.5,841.8,09:00:00,14:45:00,True,True,True,111,2020-02-04,842.2,0.007452568946453646,False,0.007452568946453646
2020-02-06,243,846.2,860.5,09:00:00,14:45:00,True,True,True,111,2020-02-05,841.8,0.005213281949496995,False,0.005213281949496995
2020-02-07,243,856.4,857.0,09:00:00,14:45:00,True,True,True,111,2020-02-06,860.5,-0.004776058936066444,False,0.004776058936066444
2020-02-10,243,850.4,846.1,09:00:00,14:45:00,True,True,True,111,2020-02-07,857.0,-0.007731091570041594,False,0.007731091570041594
2020-02-11,243,849.0,850.3,09:00:00,14:45:00,True,True,True,111,2020-02-10,846.1,0.0034216303808921405,False,0.0034216303808921405
2020-02-12,243,849.1,856.6,09:00:00,14:45:00,True,True,True,111,2020-02-11,850.3,-0.001412263386429028,False,0.001412263386429028
2020-02-13,243,855.8,855.1,09:00:00,14:45:00,True,True,True,111,2020-02-12,856.6,-0.0009343611985542649,False,0.0009343611985542649
2020-02-14,243,859.5,861.8,09:00:00,14:45:00,True,True,True,111,2020-02-13,855.1,0.005132403660994227,False,0.005132403660994227
2020-02-17,243,863.2,863.8,09:00:00,14:45:00,True,True,True,111,2020-02-14,861.8,0.001623188762187301,False,0.001623188762187301
2020-02-18,243,862.6,856.0,09:00:00,14:45:00,True,True,True,111,2020-02-17,863.8,-0.0013901763128579046,False,0.0013901763128579046
2020-02-19,243,857.5,865.8,09:00:00,14:45:00,True,True,True,111,2020-02-18,856.0,0.0017508028983528167,False,0.0017508028983528167
2020-02-20,243,867.5,871.7,09:00:00,14:45:00,True,True,True,111,2020-02-19,865.8,0.00196157681313414,False,0.00196157681313414
2020-02-21,242,868.0,862.8,09:00:00,14:45:00,True,True,True,111,2020-02-20,871.7,-0.004253613357180235,True,0.004253613357180235
2020-02-24,243,849.9,829.0,09:00:00,14:45:00,True,True,True,111,2020-02-21,862.8,-0.015064219010420715,False,0.015064219010420715
2020-02-25,243,825.0,841.0,09:00:00,14:45:00,True,True,True,111,2020-02-24,829.0,-0.004836768800613994,False,0.004836768800613994
2020-02-26,243,825.0,836.6,09:00:00,14:45:00,True,True,True,111,2020-02-25,841.0,-0.019208273638267055,False,0.019208273638267055
2020-02-27,243,834.5,847.2,09:00:00,14:45:00,True,True,True,111,2020-02-26,836.6,-0.0025133159062082568,False,0.0025133159062082568
2020-02-28,243,833.0,830.1,09:00:00,14:45:00,True,True,True,111,2020-02-27,847.2,-0.01690315212035404,False,0.01690315212035404
2020-03-02,243,834.6,839.6,09:00:00,14:45:00,True,True,True,111,2020-02-28,830.1,0.005406392696462283,False,0.005406392696462283
2020-03-03,243,846.5,838.0,09:00:00,14:45:00,True,True,True,111,2020-03-02,839.6,0.00818461362671211,False,0.00818461362671211
2020-03-04,243,836.2,841.1,09:00:00,14:45:00,True,True,True,111,2020-03-03,838.0,-0.002150281559618347,False,0.002150281559618347
2020-03-05,243,845.0,836.0,09:00:00,14:45:00,True,True,True,111,2020-03-04,841.1,0.004626068388782243,False,0.004626068388782243
2020-03-06,243,828.8,832.3,09:00:00,14:45:00,True,True,True,111,2020-03-05,836.0,-0.008649741579483079,False,0.008649741579483079
2020-03-09,243,796.2,774.1,09:00:00,14:45:00,True,True,True,111,2020-03-06,832.3,-0.044342542185832556,False,0.044342542185832556
2020-03-10,243,768.0,781.5,09:00:00,14:45:00,True,True,True,111,2020-03-09,774.1,-0.007911331062995599,False,0.007911331062995599
2020-03-11,243,778.9,745.0,09:00:00,14:45:00,True,True,True,111,2020-03-10,781.5,-0.003332481935628461,False,0.003332481935628461
2020-03-12,243,718.0,694.0,09:00:00,14:45:00,True,True,True,111,2020-03-11,745.0,-0.03691464933133535,False,0.03691464933133535
2020-03-13,243,668.0,712.3,09:00:00,14:45:00,True,True,True,111,2020-03-12,694.0,-0.03818378697015876,False,0.03818378697015876
2020-03-16,243,699.0,674.9,09:00:00,14:45:00,True,True,True,111,2020-03-13,712.3,-0.01884842875049782,False,0.01884842875049782
2020-03-17,243,682.0,700.6,09:00:00,14:45:00,True,True,True,111,2020-03-16,674.9,0.01046512609410137,False,0.01046512609410137
2020-03-18,243,699.9,688.0,09:00:00,14:45:00,True,True,True,111,2020-03-17,700.6,-0.0009996430678924904,False,0.0009996430678924904
2020-03-19,243,686.0,678.0,09:00:00,14:45:00,True,True,True,111,2020-03-18,688.0,-0.0029112102074584415,False,0.0029112102074584415
2020-03-20,243,672.9,672.1,09:00:00,14:45:00,True,True,True,111,2020-03-19,678.0,-0.007550557746123289,True,0.007550557746123289
2020-03-23,240,642.0,625.1,09:00:00,14:45:00,True,False,True,101,2020-03-20,672.1,-0.04581883528595908,False,0.04581883528595908
2020-03-24,243,634.0,626.0,09:00:00,14:45:00,True,True,True,111,2020-03-23,625.1,0.014137317499459158,False,0.014137317499459158
2020-03-25,243,639.1,648.3,09:00:00,14:45:00,True,True,True,111,2020-03-24,626.0,0.020710565556137702,False,0.020710565556137702
2020-03-26,243,642.3,626.1,09:00:00,14:45:00,True,True,True,111,2020-03-25,648.3,-0.009298067917203147,False,0.009298067917203147
2020-03-27,243,632.5,615.0,09:00:00,14:45:00,True,True,True,111,2020-03-26,626.1,0.010170117850410413,False,0.010170117850410413
2020-03-30,243,604.4,583.0,09:00:00,14:45:00,True,True,True,111,2020-03-27,615.0,-0.017386037407933458,False,0.017386037407933458
2020-03-31,243,591.9,578.7,09:00:00,14:45:00,True,True,True,111,2020-03-30,583.0,0.015150515346186942,False,0.015150515346186942
2020-04-01,243,582.8,590.0,09:00:00,14:45:00,True,True,True,111,2020-03-31,578.7,0.007059865741256614,False,0.007059865741256614
2020-04-03,243,603.8,613.9,09:00:00,14:45:00,True,True,True,111,2020-04-01,590.0,0.02312048037297326,False,0.02312048037297326
2020-04-06,242,638.0,656.8,09:00:00,14:45:00,True,False,True,101,2020-04-03,613.9,0.038506234911339164,False,0.038506234911339164
2020-04-07,243,675.0,677.0,09:00:00,14:45:00,True,True,True,111,2020-04-06,656.8,0.02733313273431138,False,0.02733313273431138
2020-04-08,243,661.9,675.0,09:00:00,14:45:00,True,True,True,111,2020-04-07,677.0,-0.022556785787397934,False,0.022556785787397934
2020-04-09,243,681.0,680.2,09:00:00,14:45:00,True,True,True,111,2020-04-08,675.0,0.0088496152769826,False,0.0088496152769826
2020-04-10,243,680.2,682.0,09:00:00,14:45:00,True,True,True,111,2020-04-09,680.2,0.0,False,0.0
2020-04-13,243,676.7,689.7,09:00:00,14:45:00,True,True,True,111,2020-04-10,682.0,-0.007801614605282199,False,0.007801614605282199
2020-04-14,243,697.4,705.2,09:00:00,14:45:00,True,True,True,111,2020-04-13,689.7,0.011102413804305104,False,0.011102413804305104
2020-04-15,243,705.9,717.5,09:00:00,14:45:00,True,True,True,111,2020-04-14,705.2,0.0009921338777112,False,0.0009921338777112
2020-04-16,243,716.5,725.2,09:00:00,14:45:00,True,True,True,111,2020-04-15,717.5,-0.0013947003655496665,False,0.0013947003655496665
2020-04-17,243,723.4,716.5,09:00:00,14:45:00,True,True,True,111,2020-04-16,725.2,-0.002485159362698555,True,0.002485159362698555
2020-04-20,243,713.6,710.0,09:00:00,14:45:00,True,True,True,111,2020-04-17,716.5,-0.0040556660024268516,False,0.0040556660024268516
2020-04-21,243,703.4,670.1,09:00:00,14:45:00,True,True,True,111,2020-04-20,710.0,-0.009339249995479035,False,0.009339249995479035
2020-04-22,243,663.0,686.9,09:00:00,14:45:00,True,True,True,111,2020-04-21,670.1,-0.010651964793262518,False,0.010651964793262518
2020-04-23,243,691.0,678.9,09:00:00,14:45:00,True,True,True,111,2020-04-22,686.9,0.00595110254783406,False,0.00595110254783406
2020-04-24,243,680.0,697.1,09:00:00,14:45:00,True,True,True,111,2020-04-23,678.9,0.0016189568625511025,False,0.0016189568625511025
2020-04-27,243,706.9,692.5,09:00:00,14:45:00,True,True,True,111,2020-04-24,697.1,0.013960340684555369,False,0.013960340684555369
2020-04-28,243,689.0,694.0,09:00:00,14:45:00,True,True,True,111,2020-04-27,692.5,-0.005066967047834955,False,0.005066967047834955
2020-04-29,243,695.8,702.5,09:00:00,14:45:00,True,True,True,111,2020-04-28,694.0,0.0025903022110370898,False,0.0025903022110370898
2020-05-04,243,682.0,684.0,09:00:00,14:45:00,True,True,True,111,2020-04-29,702.5,-0.02961574336443868,False,0.02961574336443868
2020-05-05,243,689.0,695.3,09:00:00,14:45:00,True,True,True,111,2020-05-04,684.0,0.007283353391108094,False,0.007283353391108094
2020-05-06,243,696.0,718.0,09:00:00,14:45:00,True,True,True,111,2020-05-05,695.3,0.0010062532294474803,False,0.0010062532294474803
2020-05-07,243,718.0,742.0,09:00:00,14:45:00,True,True,True,111,2020-05-06,718.0,0.0,False,0.0
2020-05-08,243,748.2,744.0,09:00:00,14:45:00,True,True,True,111,2020-05-07,742.0,0.008321078746665364,False,0.008321078746665364
2020-05-11,243,758.3,762.2,09:00:00,14:45:00,True,True,True,111,2020-05-08,744.0,0.01903805087379782,False,0.01903805087379782
2020-05-12,243,759.0,759.1,09:00:00,14:45:00,True,True,True,111,2020-05-11,762.2,-0.004207211044129997,False,0.004207211044129997
2020-05-13,243,755.0,770.3,09:00:00,14:45:00,True,True,True,111,2020-05-12,759.1,-0.005415771773697874,False,0.005415771773697874
2020-05-14,243,762.5,768.0,09:00:00,14:45:00,True,True,True,111,2020-05-13,770.3,-0.010177540877353342,False,0.010177540877353342
2020-05-15,243,773.1,766.7,09:00:00,14:45:00,True,True,True,111,2020-05-14,768.0,0.006618673178756859,False,0.006618673178756859
2020-05-18,243,769.5,788.0,09:00:00,14:45:00,True,True,True,111,2020-05-15,766.7,0.0036453627140851813,False,0.0036453627140851813
2020-05-19,243,805.0,799.5,09:00:00,14:45:00,True,True,True,111,2020-05-18,788.0,0.021344187560684336,False,0.021344187560684336
2020-05-20,243,798.9,807.5,09:00:00,14:45:00,True,True,True,111,2020-05-19,799.5,-0.0007507507860127271,False,0.0007507507860127271
2020-05-21,243,807.5,864.0,09:00:00,14:45:00,True,True,True,111,2020-05-20,807.5,0.0,False,0.0
2020-05-22,243,789.0,768.9,09:00:00,14:45:00,True,True,True,111,2020-05-21,864.0,-0.09080644795818141,True,0.09080644795818141
2020-05-25,242,776.5,782.0,09:00:00,14:45:00,True,True,True,111,2020-05-22,768.9,0.009835720550606754,False,0.009835720550606754
2020-05-26,243,790.0,809.4,09:00:00,14:45:00,True,True,True,111,2020-05-25,782.0,0.010178204915756052,False,0.010178204915756052
2020-05-27,243,810.9,782.9,09:00:00,14:45:00,True,True,True,111,2020-05-26,809.4,0.0018515095087465175,False,0.0018515095087465175
2020-05-28,243,787.5,790.0,09:00:00,14:45:00,True,True,True,111,2020-05-27,782.9,0.005858396785919672,False,0.005858396785919672
2020-05-29,243,786.0,785.0,09:00:00,14:45:00,True,True,True,111,2020-05-28,790.0,-0.005076153031860661,False,0.005076153031860661
2020-06-01,243,794.5,811.0,09:00:00,14:45:00,True,True,True,111,2020-05-29,785.0,0.012029268194362345,False,0.012029268194362345
2020-06-02,243,813.9,808.1,09:00:00,14:45:00,True,True,True,111,2020-06-01,811.0,0.003569454217582795,False,0.003569454217582795
2020-06-03,243,820.1,819.0,09:00:00,14:45:00,True,True,True,111,2020-06-02,808.1,0.014740470802963566,False,0.014740470802963566
2020-06-04,243,821.0,815.0,09:00:00,14:45:00,True,True,True,111,2020-06-03,819.0,0.002439025599358789,False,0.002439025599358789
2020-06-05,243,813.0,825.0,09:00:00,14:45:00,True,True,True,111,2020-06-04,815.0,-0.002457003693052103,False,0.002457003693052103
2020-06-08,243,831.5,836.5,09:00:00,14:45:00,True,True,True,111,2020-06-05,825.0,0.007847912298301321,False,0.007847912298301321
2020-06-09,243,836.5,827.0,09:00:00,14:45:00,True,True,True,111,2020-06-08,836.5,0.0,False,0.0
2020-06-10,243,829.5,839.3,09:00:00,14:45:00,True,True,True,111,2020-06-09,827.0,0.003018414606807961,False,0.003018414606807961
2020-06-11,243,833.9,795.0,09:00:00,14:45:00,True,True,True,111,2020-06-10,839.3,-0.006454719995842194,False,0.006454719995842194
2020-06-12,243,783.5,805.0,09:00:00,14:45:00,True,True,True,111,2020-06-11,795.0,-0.014571052858256378,False,0.014571052858256378
2020-06-15,243,796.5,775.0,09:00:00,14:45:00,True,True,True,111,2020-06-12,805.0,-0.010615148068460142,False,0.010615148068460142
2020-06-16,243,793.0,798.0,09:00:00,14:45:00,True,True,True,111,2020-06-15,775.0,0.022960192281500962,False,0.022960192281500962
2020-06-17,243,798.6,800.7,09:00:00,14:45:00,True,True,True,111,2020-06-16,798.0,0.000751597179312122,False,0.000751597179312122
2020-06-18,243,794.1,797.1,09:00:00,14:45:00,True,True,True,111,2020-06-17,800.7,-0.0082769471774229,False,0.0082769471774229
2020-06-19,243,790.0,798.6,09:00:00,14:45:00,True,True,True,111,2020-06-18,797.1,-0.008947195972810332,True,0.008947195972810332
2020-06-22,243,800.2,797.9,09:00:00,14:45:00,True,True,True,111,2020-06-19,798.6,0.0020015017940136844,False,0.0020015017940136844
2020-06-23,241,791.3,796.0,09:00:00,14:45:00,True,True,True,111,2020-06-22,797.9,-0.008306113699087654,False,0.008306113699087654
2020-06-24,243,796.0,785.0,09:00:00,14:45:00,True,True,True,111,2020-06-23,796.0,0.0,False,0.0
2020-06-25,243,776.0,781.0,09:00:00,14:45:00,True,True,True,111,2020-06-24,785.0,-0.011531197599189679,False,0.011531197599189679
2020-06-26,243,787.7,778.1,09:00:00,14:45:00,True,True,True,111,2020-06-25,781.0,0.00854215686959274,False,0.00854215686959274
2020-06-29,243,776.6,763.0,09:00:00,14:45:00,True,True,True,111,2020-06-26,778.1,-0.0019296333253175095,False,0.0019296333253175095
2020-06-30,243,769.0,752.5,09:00:00,14:45:00,True,True,True,111,2020-06-29,763.0,0.007832938221186891,False,0.007832938221186891
2020-07-01,243,755.7,768.6,09:00:00,14:45:00,True,True,True,111,2020-06-30,752.5,0.004243475403643514,False,0.004243475403643514
2020-07-02,243,770.9,773.0,09:00:00,14:45:00,True,True,True,111,2020-07-01,768.6,0.0029879853344729826,False,0.0029879853344729826
2020-07-03,243,774.8,772.8,09:00:00,14:45:00,True,True,True,111,2020-07-02,773.0,0.002325882945418748,False,0.002325882945418748
2020-07-06,243,780.5,798.3,09:00:00,14:45:00,True,True,True,111,2020-07-03,772.8,0.009914457057178612,False,0.009914457057178612
2020-07-07,243,797.1,794.0,09:00:00,14:45:00,True,True,True,111,2020-07-06,798.3,-0.0015043252178755797,False,0.0015043252178755797
2020-07-08,243,793.1,802.1,09:00:00,14:45:00,True,True,True,111,2020-07-07,794.0,-0.001134144157861722,False,0.001134144157861722
2020-07-09,243,801.8,815.2,09:00:00,14:45:00,True,True,True,111,2020-07-08,802.1,-0.0003740881644723831,False,0.0003740881644723831
2020-07-10,243,815.0,803.7,09:00:00,14:45:00,True,True,True,111,2020-07-09,815.2,-0.0002453686676524453,False,0.0002453686676524453
2020-07-13,243,811.0,803.0,09:00:00,14:45:00,True,True,True,111,2020-07-10,803.7,0.009041988896740136,False,0.009041988896740136
2020-07-14,243,799.8,804.2,09:00:00,14:45:00,True,True,True,111,2020-07-13,803.0,-0.0039930175340437924,False,0.0039930175340437924
2020-07-15,243,815.0,817.0,09:00:00,14:45:00,True,True,True,111,2020-07-14,804.2,0.01334011877768908,False,0.01334011877768908
2020-07-16,243,814.5,816.0,09:00:00,14:45:00,True,True,True,111,2020-07-15,817.0,-0.003064666817903104,False,0.003064666817903104
2020-07-17,243,811.0,807.9,09:00:00,14:45:00,True,True,True,111,2020-07-16,816.0,-0.006146300848694066,True,0.006146300848694066
2020-07-20,243,804.8,796.5,09:00:00,14:45:00,True,True,True,111,2020-07-17,807.9,-0.003844489140188173,False,0.003844489140188173
2020-07-21,243,799.0,805.0,09:00:00,14:45:00,True,True,True,111,2020-07-20,796.5,0.003133816416171484,False,0.003133816416171484
2020-07-22,243,804.0,792.0,09:00:00,14:45:00,True,True,True,111,2020-07-21,805.0,-0.0012430082395970253,False,0.0012430082395970253
2020-07-23,243,793.6,797.1,09:00:00,14:45:00,True,True,True,111,2020-07-22,792.0,0.0020181641562371953,False,0.0020181641562371953
2020-07-24,243,792.7,765.0,09:00:00,14:45:00,True,True,True,111,2020-07-23,797.1,-0.005535301590767255,False,0.005535301590767255
2020-07-27,243,746.0,711.6,09:00:00,14:45:00,True,True,True,111,2020-07-24,765.0,-0.02515023362277501,False,0.02515023362277501
2020-07-28,243,716.8,741.7,09:00:00,14:45:00,True,True,True,111,2020-07-27,711.6,0.0072809058690405095,False,0.0072809058690405095
2020-07-29,243,728.0,720.7,09:00:00,14:45:00,True,True,True,111,2020-07-28,741.7,-0.018643800545826473,False,0.018643800545826473
2020-07-30,243,726.5,730.2,09:00:00,14:45:00,True,True,True,111,2020-07-29,720.7,0.008015521079942163,False,0.008015521079942163
2020-07-31,243,718.0,725.0,09:00:00,14:45:00,True,True,True,111,2020-07-30,730.2,-0.016848900173312316,False,0.016848900173312316
2020-08-03,243,732.0,742.0,09:00:00,14:45:00,True,True,True,111,2020-07-31,725.0,0.00960885910663689,False,0.00960885910663689
2020-08-04,243,756.0,762.0,09:00:00,14:45:00,True,True,True,111,2020-08-03,742.0,0.018692133012152546,False,0.018692133012152546
2020-08-05,243,758.9,777.5,09:00:00,14:45:00,True,True,True,111,2020-08-04,762.0,-0.0040765392767791965,False,0.0040765392767791965
2020-08-06,243,778.0,776.0,09:00:00,14:45:00,True,True,True,111,2020-08-05,777.5,0.0006428801250023521,False,0.0006428801250023521
2020-08-07,243,773.9,780.6,09:00:00,14:45:00,True,True,True,111,2020-08-06,776.0,-0.002709853906805303,False,0.002709853906805303
2020-08-10,243,787.5,782.4,09:00:00,14:45:00,True,True,True,111,2020-08-07,780.6,0.00880051595327345,False,0.00880051595327345
2020-08-11,243,787.5,787.0,09:00:00,14:45:00,True,True,True,111,2020-08-10,782.4,0.006497251979180484,False,0.006497251979180484
2020-08-12,243,783.5,791.0,09:00:00,14:45:00,True,True,True,111,2020-08-11,787.0,-0.004457186621327733,False,0.004457186621327733
2020-08-13,243,793.7,798.3,09:00:00,14:45:00,True,True,True,111,2020-08-12,791.0,0.003407588329176066,False,0.003407588329176066
2020-08-14,243,799.0,793.5,09:00:00,14:45:00,True,True,True,111,2020-08-13,798.3,0.0008764791145216246,False,0.0008764791145216246
2020-08-17,243,792.7,792.5,09:00:00,14:45:00,True,True,True,111,2020-08-14,793.5,-0.001008700123353513,False,0.001008700123353513
2020-08-18,243,794.1,788.0,09:00:00,14:45:00,True,True,True,111,2020-08-17,792.5,0.0020168921497296815,False,0.0020168921497296815
2020-08-19,243,788.8,793.0,09:00:00,14:45:00,True,True,True,111,2020-08-18,788.0,0.0010147134305463833,False,0.0010147134305463833
2020-08-20,243,789.5,785.0,09:00:00,14:45:00,True,True,True,111,2020-08-19,793.0,-0.004423387939151217,False,0.004423387939151217
2020-08-21,243,785.2,792.9,09:00:00,14:45:00,True,True,True,111,2020-08-20,785.0,0.00025474461989770077,True,0.00025474461989770077
2020-08-24,243,801.1,815.5,09:00:00,14:45:00,True,True,True,111,2020-08-21,792.9,0.010288672942717944,False,0.010288672942717944
2020-08-25,243,824.0,813.0,09:00:00,14:45:00,True,True,True,111,2020-08-24,815.5,0.010369107848403033,False,0.010369107848403033
2020-08-26,243,812.5,813.2,09:00:00,14:45:00,True,True,True,111,2020-08-25,813.0,-0.0006151953439180327,False,0.0006151953439180327
2020-08-27,243,813.2,819.0,09:00:00,14:45:00,True,True,True,111,2020-08-26,813.2,0.0,False,0.0
2020-08-28,243,822.3,823.0,09:00:00,14:45:00,True,True,True,111,2020-08-27,819.0,0.004021208123780361,False,0.004021208123780361
2020-08-31,243,829.3,824.1,09:00:00,14:45:00,True,True,True,111,2020-08-28,823.0,0.007625770780088126,False,0.007625770780088126
2020-09-01,243,821.7,837.4,09:00:00,14:45:00,True,True,True,111,2020-08-31,824.1,-0.0029165168321956723,False,0.0029165168321956723
2020-09-03,243,847.4,850.0,09:00:00,14:45:00,True,True,True,111,2020-09-01,837.4,0.01187098460741599,False,0.01187098460741599
2020-09-04,243,838.1,844.8,09:00:00,14:45:00,True,True,True,111,2020-09-03,850.0,-0.014098924379501648,False,0.014098924379501648
2020-09-07,243,848.0,821.7,09:00:00,14:45:00,True,True,True,111,2020-09-04,844.8,0.0037807228399061523,False,0.0037807228399061523
2020-09-08,243,824.0,829.5,09:00:00,14:45:00,True,True,True,111,2020-09-07,821.7,0.0027951649723294467,False,0.0027951649723294467
2020-09-09,243,819.0,830.0,09:00:00,14:45:00,True,True,True,111,2020-09-08,829.5,-0.012739025777429714,False,0.012739025777429714
2020-09-10,243,831.4,823.5,09:00:00,14:45:00,True,True,True,111,2020-09-09,830.0,0.0016853260278934447,False,0.0016853260278934447
2020-09-11,243,825.0,827.9,09:00:00,14:45:00,True,True,True,111,2020-09-10,823.5,0.0018198367169858993,False,0.0018198367169858993
2020-09-14,243,832.2,834.0,09:00:00,14:45:00,True,True,True,111,2020-09-11,827.9,0.00518042240408089,False,0.00518042240408089
2020-09-15,243,834.0,833.0,09:00:00,14:45:00,True,True,True,111,2020-09-14,834.0,0.0,False,0.0
2020-09-16,243,832.1,834.6,09:00:00,14:45:00,True,True,True,111,2020-09-15,833.0,-0.0010810162604584631,False,0.0010810162604584631
2020-09-17,243,833.3,831.0,09:00:00,14:45:00,True,True,True,111,2020-09-16,834.6,-0.00155884676929119,False,0.00155884676929119
2020-09-18,243,834.9,846.3,09:00:00,14:45:00,True,True,True,111,2020-09-17,831.0,0.004682162344506661,True,0.004682162344506661
2020-09-21,243,846.1,848.0,09:00:00,14:45:00,True,True,True,111,2020-09-18,846.3,-0.0002363507456050614,False,0.0002363507456050614
2020-09-22,243,846.3,850.0,09:00:00,14:45:00,True,True,True,111,2020-09-21,848.0,-0.0020067291158428393,False,0.0020067291158428393
2020-09-23,243,854.3,854.1,09:00:00,14:45:00,True,True,True,111,2020-09-22,850.0,0.0050460706732108436,False,0.0050460706732108436
2020-09-24,243,850.3,853.1,09:00:00,14:45:00,True,True,True,111,2020-09-23,854.1,-0.004459054560354836,False,0.004459054560354836
2020-09-25,243,856.0,854.9,09:00:00,14:45:00,True,True,True,111,2020-09-24,853.1,0.0033936022270929255,False,0.0033936022270929255
2020-09-28,243,858.2,862.9,09:00:00,14:45:00,True,True,True,111,2020-09-25,854.9,0.003852669525236374,False,0.003852669525236374
2020-09-29,243,865.0,854.1,09:00:00,14:45:00,True,True,True,111,2020-09-28,862.9,0.0024306974176174895,False,0.0024306974176174895
2020-09-30,243,855.0,859.8,09:00:00,14:45:00,True,True,True,111,2020-09-29,854.1,0.0010531859846586405,False,0.0010531859846586405
2020-10-01,243,864.0,867.0,09:00:00,14:45:00,True,True,True,111,2020-09-30,859.8,0.004872964741874408,False,0.004872964741874408
2020-10-02,243,865.9,861.5,09:00:00,14:45:00,True,True,True,111,2020-10-01,867.0,-0.0012695483267863138,False,0.0012695483267863138
2020-10-05,243,866.5,868.8,09:00:00,14:45:00,True,True,True,111,2020-10-02,861.5,0.00578705318767636,False,0.00578705318767636
2020-10-06,243,871.8,867.7,09:00:00,14:45:00,True,True,True,111,2020-10-05,868.8,0.003447090624621317,False,0.003447090624621317
2020-10-07,243,867.2,867.0,09:00:00,14:45:00,True,True,True,111,2020-10-06,867.7,-0.0005764021140622202,False,0.0005764021140622202
2020-10-08,243,869.0,868.7,09:00:00,14:45:00,True,True,True,111,2020-10-07,867.0,0.0023041484848502955,False,0.0023041484848502955
2020-10-09,243,869.4,871.6,09:00:00,14:45:00,True,True,True,111,2020-10-08,868.7,0.0008054772888168683,False,0.0008054772888168683
2020-10-12,243,875.0,875.0,09:00:00,14:45:00,True,True,True,111,2020-10-09,871.6,0.0038932832871496435,False,0.0038932832871496435
2020-10-13,243,874.0,876.4,09:00:00,14:45:00,True,True,True,111,2020-10-12,875.0,-0.0011435107020789379,False,0.0011435107020789379
2020-10-14,243,876.6,894.8,09:00:00,14:45:00,True,True,True,111,2020-10-13,876.4,0.00022818026339746421,False,0.00022818026339746421
2020-10-15,243,898.0,899.2,09:00:00,14:45:00,True,True,True,111,2020-10-14,894.8,0.0035698386862250387,False,0.0035698386862250387
2020-10-16,243,892.9,895.1,09:00:00,14:45:00,True,True,True,111,2020-10-15,899.2,-0.0070308866162559595,True,0.0070308866162559595
2020-10-19,243,898.0,903.4,09:00:00,14:45:00,True,True,True,111,2020-10-16,895.1,0.0032346244253061967,False,0.0032346244253061967
2020-10-20,243,900.5,911.2,09:00:00,14:45:00,True,True,True,111,2020-10-19,903.4,-0.003215258604493039,False,0.003215258604493039
2020-10-21,243,913.8,908.5,09:00:00,14:45:00,True,True,True,111,2020-10-20,911.2,0.0028493169961986507,False,0.0028493169961986507
2020-10-22,243,906.5,924.0,09:00:00,14:45:00,True,True,True,111,2020-10-21,908.5,-0.002203857641320171,False,0.002203857641320171
2020-10-23,243,927.0,935.0,09:00:00,14:45:00,True,True,True,111,2020-10-22,924.0,0.003241493924171023,False,0.003241493924171023
2020-10-26,243,935.9,927.0,09:00:00,14:45:00,True,True,True,111,2020-10-23,935.0,0.0009621038745238128,False,0.0009621038745238128
2020-10-27,243,926.9,920.0,09:00:00,14:45:00,True,True,True,111,2020-10-26,927.0,-0.000107880684068145,False,0.000107880684068145
2020-10-28,243,921.3,895.9,09:00:00,14:45:00,True,True,True,111,2020-10-27,920.0,0.00141204607180039,False,0.00141204607180039
2020-10-29,243,892.0,887.5,09:00:00,14:45:00,True,True,True,111,2020-10-28,895.9,-0.004362667023523304,False,0.004362667023523304
2020-10-30,243,891.1,896.6,09:00:00,14:45:00,True,True,True,111,2020-10-29,887.5,0.004048133269103337,False,0.004048133269103337
2020-11-02,243,900.1,904.0,09:00:00,14:45:00,True,True,True,111,2020-10-30,896.6,0.0038960365417004036,False,0.0038960365417004036
2020-11-03,243,908.9,908.3,09:00:00,14:45:00,True,True,True,111,2020-11-02,904.0,0.0054057167325481095,False,0.0054057167325481095
2020-11-04,243,908.3,912.3,09:00:00,14:45:00,True,True,True,111,2020-11-03,908.3,0.0,False,0.0
2020-11-05,243,914.5,910.2,09:00:00,14:45:00,True,True,True,111,2020-11-04,912.3,0.0024085844794917493,False,0.0024085844794917493
2020-11-06,243,911.2,908.3,09:00:00,14:45:00,True,True,True,111,2020-11-05,910.2,0.0010980565504307323,False,0.0010980565504307323
2020-11-09,243,913.8,923.0,09:00:00,14:45:00,True,True,True,111,2020-11-06,908.3,0.006037008621003271,False,0.006037008621003271
2020-11-10,243,934.5,921.0,09:00:00,14:45:00,True,True,True,111,2020-11-09,923.0,0.012382392392765285,False,0.012382392392765285
2020-11-11,243,922.5,921.4,09:00:00,14:45:00,True,True,True,111,2020-11-10,921.0,0.0016273396593754076,False,0.0016273396593754076
2020-11-12,243,921.0,927.9,09:00:00,14:45:00,True,True,True,111,2020-11-11,921.4,-0.0004342162465096895,False,0.0004342162465096895
2020-11-13,233,927.3,935.9,09:10:00,14:45:00,True,True,True,111,2020-11-12,927.9,-0.0006468305529533752,False,0.0006468305529533752
2020-11-16,243,940.8,916.9,09:00:00,14:45:00,True,True,True,111,2020-11-13,935.9,0.005221943981151625,False,0.005221943981151625
2020-11-17,241,919.5,938.0,09:02:00,14:45:00,True,True,True,111,2020-11-16,916.9,0.0028316289885206057,False,0.0028316289885206057
2020-11-18,243,938.0,936.0,09:00:00,14:45:00,True,True,True,111,2020-11-17,938.0,0.0,False,0.0
2020-11-19,243,935.9,944.2,09:00:00,14:45:00,True,True,True,111,2020-11-18,936.0,-0.00010684331438124767,False,0.00010684331438124767
2020-11-20,243,950.2,952.4,09:00:00,14:45:00,True,True,True,111,2020-11-19,944.2,0.006334480640634606,True,0.006334480640634606
2020-11-23,243,952.9,959.4,09:00:00,14:45:00,True,True,True,111,2020-11-20,952.4,0.0005248517414347931,False,0.0005248517414347931
2020-11-24,243,960.6,964.0,09:00:00,14:45:00,True,True,True,111,2020-11-23,959.4,0.001250000162760564,False,0.001250000162760564
2020-11-25,243,966.4,960.0,09:00:00,14:45:00,True,True,True,111,2020-11-24,964.0,0.002486532570004878,False,0.002486532570004878
2020-11-26,243,960.0,970.2,09:00:00,14:45:00,True,True,True,111,2020-11-25,960.0,0.0,False,0.0
2020-11-27,243,970.1,974.5,09:00:00,14:45:00,True,True,True,111,2020-11-26,970.2,-0.0001030768438783651,False,0.0001030768438783651
2020-11-30,243,975.5,966.0,09:00:00,14:45:00,True,True,True,111,2020-11-27,974.5,0.001025641115550439,False,0.001025641115550439
2020-12-01,243,960.4,980.3,09:00:00,14:45:00,True,True,True,111,2020-11-30,966.0,-0.005813969865419845,False,0.005813969865419845
2020-12-02,243,979.5,979.0,09:00:00,14:45:00,True,True,True,111,2020-12-01,980.3,-0.0008164098830849168,False,0.0008164098830849168
2020-12-03,243,980.1,988.0,09:00:00,14:45:00,True,True,True,111,2020-12-02,979.0,0.0011229647446237235,False,0.0011229647446237235
2020-12-04,243,989.2,987.0,09:00:00,14:45:00,True,True,True,111,2020-12-03,988.0,0.0012138378993934139,False,0.0012138378993934139
2020-12-07,243,989.5,994.5,09:00:00,14:45:00,True,True,True,111,2020-12-04,987.0,0.00252972560913883,False,0.00252972560913883
2020-12-08,243,994.4,993.0,09:00:00,14:45:00,True,True,True,111,2020-12-07,994.5,-0.00010055809752553244,False,0.00010055809752553244
2020-12-09,243,995.0,1008.0,09:00:00,14:45:00,True,True,True,111,2020-12-08,993.0,0.002012073113420235,False,0.002012073113420235
2020-12-10,243,1007.5,1002.0,09:00:00,14:45:00,True,True,True,111,2020-12-09,1008.0,-0.0004961548104758767,False,0.0004961548104758767
2020-12-11,243,1003.0,1008.1,09:00:00,14:45:00,True,True,True,111,2020-12-10,1002.0,0.0009975063171253381,False,0.0009975063171253381
2020-12-14,243,1012.1,1026.0,09:00:00,14:45:00,True,True,True,111,2020-12-11,1008.1,0.003960009134959562,False,0.003960009134959562
2020-12-15,243,1026.5,1014.7,09:00:00,14:45:00,True,True,True,111,2020-12-14,1026.0,0.00048721072827343214,False,0.00048721072827343214
2020-12-16,243,1018.6,1028.0,09:00:00,14:45:00,True,True,True,111,2020-12-15,1014.7,0.0038361331654669993,False,0.0038361331654669993
2020-12-17,243,1025.0,1016.3,09:00:00,14:45:00,True,True,True,111,2020-12-16,1028.0,-0.0029225544426018536,False,0.0029225544426018536
2020-12-18,243,1026.0,1043.5,09:00:00,14:45:00,True,True,True,111,2020-12-17,1016.3,0.009499165586994193,True,0.009499165586994193
2020-12-21,243,1043.2,1057.0,09:00:00,14:45:00,True,True,True,111,2020-12-18,1043.5,-0.0002875353448668861,False,0.0002875353448668861
2020-12-22,243,1057.0,1060.3,09:00:00,14:45:00,True,True,True,111,2020-12-21,1057.0,0.0,False,0.0
2020-12-23,243,1062.1,1055.0,09:00:00,14:45:00,True,True,True,111,2020-12-22,1060.3,0.001696193395741438,False,0.001696193395741438
2020-12-24,243,1058.5,1042.6,09:00:00,14:45:00,True,True,True,111,2020-12-23,1055.0,0.0033120446647529555,False,0.0033120446647529555
2020-12-25,243,1045.0,1064.9,09:00:00,14:45:00,True,True,True,111,2020-12-24,1042.6,0.002299292064905893,False,0.002299292064905893
2020-12-28,243,1069.5,1066.0,09:00:00,14:45:00,True,True,True,111,2020-12-25,1064.9,0.004310351501122042,False,0.004310351501122042
2020-12-29,243,1066.0,1067.1,09:00:00,14:45:00,True,True,True,111,2020-12-28,1066.0,0.0,False,0.0
2020-12-30,240,1066.0,1070.1,09:00:00,14:45:00,True,True,True,111,2020-12-29,1067.1,-0.001031362896729281,False,0.001031362896729281
2020-12-31,243,1072.1,1083.9,09:00:00,14:45:00,True,True,True,111,2020-12-30,1070.1,0.0018672398292384547,False,0.0018672398292384547
2021-01-04,243,1091.0,1109.4,09:00:00,14:45:00,True,True,True,111,2020-12-31,1083.9,0.006529059011366517,False,0.006529059011366517
2021-01-05,243,1106.5,1111.0,09:00:00,14:45:00,True,True,True,111,2021-01-04,1109.4,-0.0026174481300298455,False,0.0026174481300298455
2021-01-06,240,1116.5,1125.0,09:00:00,14:45:00,False,True,True,011,2021-01-05,1111.0,0.004938281640582577,False,0.004938281640582577
2021-01-07,243,1134.8,1148.9,09:00:00,14:45:00,True,True,True,111,2021-01-06,1125.0,0.008673388296175779,False,0.008673388296175779
2021-01-08,243,1146.7,1176.6,09:00:00,14:45:00,True,True,True,111,2021-01-07,1148.9,-0.0019167108150604417,False,0.0019167108150604417
2021-01-11,243,1177.2,1193.1,09:00:00,14:45:00,True,True,True,111,2021-01-08,1176.6,0.0005098139289622219,False,0.0005098139289622219
2021-01-12,243,1198.0,1191.9,09:00:00,14:45:00,True,True,True,111,2021-01-11,1193.1,0.004098537793640005,False,0.004098537793640005
2021-01-13,243,1195.0,1192.0,09:00:00,14:45:00,True,True,True,111,2021-01-12,1191.9,0.002597512876947978,False,0.002597512876947978
2021-01-14,243,1190.5,1188.9,09:00:00,14:45:00,True,True,True,111,2021-01-13,1192.0,-0.0012591816983775614,False,0.0012591816983775614
2021-01-15,243,1191.4,1190.5,09:00:00,14:45:00,True,True,True,111,2021-01-14,1188.9,0.0021005763300880834,False,0.0021005763300880834
2021-01-18,243,1193.1,1177.0,09:00:00,14:45:00,True,True,True,111,2021-01-15,1190.5,0.002181574954837006,False,0.002181574954837006
2021-01-19,243,1178.0,1104.8,09:00:00,14:45:00,True,True,True,111,2021-01-18,1177.0,0.0008492569512553284,False,0.0008492569512553284
2021-01-20,243,1110.0,1125.0,09:00:00,14:45:00,True,True,True,111,2021-01-19,1104.8,0.004695692211297504,False,0.004695692211297504
2021-01-21,243,1128.8,1150.7,09:00:00,14:45:00,True,True,True,111,2021-01-20,1125.0,0.0033720859000836655,False,0.0033720859000836655
2021-01-22,243,1183.0,1173.5,09:00:00,14:45:00,True,True,True,111,2021-01-21,1150.7,0.027683132148973902,True,0.027683132148973902
2021-01-25,243,1172.0,1173.1,09:00:00,14:45:00,True,True,True,111,2021-01-22,1173.5,-0.001279045154120272,False,0.001279045154120272
2021-01-26,243,1171.8,1133.0,09:00:00,14:45:00,True,True,True,111,2021-01-25,1173.1,-0.0011087894009863175,False,0.0011087894009863175
2021-01-27,243,1127.5,1082.2,09:00:00,14:45:00,True,True,True,111,2021-01-26,1133.0,-0.004866189651172899,False,0.004866189651172899
2021-01-28,198,1048.2,1006.5,09:00:00,14:45:00,True,False,True,101,2021-01-27,1082.2,-0.03192159884056897,False,0.03192159884056897
2021-01-29,243,974.0,1076.9,09:00:00,14:45:00,True,True,True,111,2021-01-28,1006.5,-0.03282294143731112,False,0.03282294143731112
2021-02-01,243,1064.5,1030.0,09:00:00,14:45:00,True,True,True,111,2021-01-29,1076.9,-0.011581338001301128,False,0.011581338001301128
2021-02-02,243,1038.2,1092.0,09:00:00,14:45:00,True,True,True,111,2021-02-01,1030.0,0.007929642169447332,False,0.007929642169447332
2021-02-03,243,1100.3,1124.9,09:00:00,14:45:00,True,True,True,111,2021-02-02,1092.0,0.007571992571016612,False,0.007571992571016612
2021-02-04,243,1126.6,1115.0,09:00:00,14:45:00,True,True,True,111,2021-02-03,1124.9,0.0015101046618332707,False,0.0015101046618332707
2021-02-05,243,1125.0,1139.9,09:00:00,14:45:00,True,True,True,111,2021-02-04,1115.0,0.008928630744301398,False,0.008928630744301398
2021-02-08,243,1138.5,1092.0,09:00:00,14:45:00,True,True,True,111,2021-02-05,1139.9,-0.0012289327389386937,False,0.0012289327389386937
2021-02-09,243,1099.1,1130.3,09:00:00,14:45:00,True,True,True,111,2021-02-08,1092.0,0.006480785770004317,False,0.006480785770004317
2021-02-17,243,1140.5,1176.6,09:00:00,14:45:00,True,True,True,111,2021-02-09,1130.3,0.008983678527757404,False,0.008983678527757404
2021-02-18,243,1183.0,1187.3,09:00:00,14:45:00,True,True,True,111,2021-02-17,1176.6,0.005424661548031223,False,0.005424661548031223
2021-02-19,243,1176.0,1178.0,09:00:00,14:45:00,True,True,True,111,2021-02-18,1187.3,-0.009562972213174337,True,0.009562972213174337
2021-02-22,243,1182.3,1173.1,09:00:00,14:45:00,True,True,True,111,2021-02-19,1178.0,0.0036436086575356084,False,0.0036436086575356084
2021-02-23,243,1178.3,1186.4,09:00:00,14:45:00,True,True,True,111,2021-02-22,1173.1,0.004422904207620482,False,0.004422904207620482
2021-02-24,243,1191.1,1162.0,09:00:00,14:45:00,True,True,True,111,2021-02-23,1186.4,0.003953738063132728,False,0.003953738063132728
2021-02-25,243,1177.0,1182.0,09:00:00,14:45:00,True,True,True,111,2021-02-24,1162.0,0.01282616984842015,False,0.01282616984842015
2021-02-26,243,1161.9,1174.0,09:00:00,14:45:00,True,True,True,111,2021-02-25,1182.0,-0.017151322777227196,False,0.017151322777227196
2021-03-01,243,1183.5,1193.0,09:00:00,14:45:00,True,True,True,111,2021-02-26,1174.0,0.0080594285659969,False,0.0080594285659969
2021-03-02,243,1198.1,1194.0,09:00:00,14:45:00,True,True,True,111,2021-03-01,1193.0,0.0042658255479371176,False,0.0042658255479371176
2021-03-03,243,1192.9,1199.5,09:00:00,14:45:00,True,True,True,111,2021-03-02,1194.0,-0.0009216976646472261,False,0.0009216976646472261
2021-03-04,243,1195.9,1181.3,09:00:00,14:45:00,True,True,True,111,2021-03-03,1199.5,-0.003005763304987423,False,0.003005763304987423
2021-03-05,243,1169.0,1169.0,09:00:00,14:45:00,True,True,True,111,2021-03-04,1181.3,-0.010466844482405755,False,0.010466844482405755
2021-03-08,243,1180.8,1165.0,09:00:00,14:45:00,True,True,True,111,2021-03-05,1169.0,0.010043492374139587,False,0.010043492374139587
2021-03-09,243,1165.0,1158.5,09:00:00,14:45:00,True,True,True,111,2021-03-08,1165.0,0.0,False,0.0
2021-03-10,243,1161.9,1178.9,09:00:00,14:45:00,True,True,True,111,2021-03-09,1158.5,0.0029305313163854423,False,0.0029305313163854423
2021-03-11,243,1185.0,1191.3,09:00:00,14:45:00,True,True,True,111,2021-03-10,1178.9,0.005160974271149679,False,0.005160974271149679
2021-03-12,243,1192.9,1190.0,09:00:00,14:45:00,True,True,True,111,2021-03-11,1191.3,0.0013421694825847756,False,0.0013421694825847756
2021-03-15,243,1188.8,1188.8,09:00:00,14:45:00,True,True,True,111,2021-03-12,1190.0,-0.0010089121420803694,False,0.0010089121420803694
2021-03-16,243,1191.1,1186.2,09:00:00,14:45:00,True,True,True,111,2021-03-15,1188.8,0.0019328549233605047,False,0.0019328549233605047
2021-03-17,243,1184.1,1197.8,09:00:00,14:45:00,True,True,True,111,2021-03-16,1186.2,-0.0017719280677151797,False,0.0017719280677151797
2021-03-18,243,1204.2,1211.5,09:00:00,14:45:00,True,True,True,111,2021-03-17,1197.8,0.005328905199985539,False,0.005328905199985539
2021-03-19,243,1203.2,1208.0,09:00:00,14:45:00,True,True,True,111,2021-03-18,1211.5,-0.0068745870610049985,True,0.0068745870610049985
2021-03-22,243,1208.0,1192.4,09:00:00,14:45:00,True,True,True,111,2021-03-19,1208.0,0.0,False,0.0
2021-03-23,243,1195.7,1184.5,09:00:00,14:45:00,True,True,True,111,2021-03-22,1192.4,0.0027637051216179423,False,0.0027637051216179423
2021-03-24,243,1178.2,1170.9,09:00:00,14:45:00,True,True,True,111,2021-03-23,1184.5,-0.005332894511253096,False,0.005332894511253096
2021-03-25,243,1172.0,1162.0,09:00:00,14:45:00,True,True,True,111,2021-03-24,1170.9,0.0009390072822788862,False,0.0009390072822788862
2021-03-26,243,1164.3,1173.0,09:00:00,14:45:00,True,True,True,111,2021-03-25,1162.0,0.0019773896311137172,False,0.0019773896311137172
2021-03-29,243,1176.8,1183.0,09:00:00,14:45:00,True,True,True,111,2021-03-26,1173.0,0.0032343206337522596,False,0.0032343206337522596
2021-03-30,243,1182.7,1191.2,09:00:00,14:45:00,True,True,True,111,2021-03-29,1183.0,-0.00025362472131559074,False,0.00025362472131559074
2021-03-31,243,1192.5,1191.9,09:00:00,14:45:00,True,True,True,111,2021-03-30,1191.2,0.0010907413926971215,False,0.0010907413926971215
2021-04-01,243,1193.0,1235.5,09:00:00,14:45:00,True,True,True,111,2021-03-31,1191.9,0.0009224706092530512,False,0.0009224706092530512
2021-04-02,243,1241.3,1234.0,09:00:00,14:45:00,True,True,True,111,2021-04-01,1235.5,0.004683471093237445,False,0.004683471093237445
2021-04-05,243,1241.1,1257.0,09:00:00,14:45:00,True,True,True,111,2021-04-02,1234.0,0.00573715767014222,False,0.00573715767014222
2021-04-06,243,1256.8,1252.1,09:00:00,14:45:00,True,True,True,111,2021-04-05,1257.0,-0.00015912164883609108,False,0.00015912164883609108
2021-04-07,243,1249.5,1252.0,09:00:00,14:45:00,True,True,True,111,2021-04-06,1252.1,-0.002078670399894809,False,0.002078670399894809
2021-04-08,243,1253.1,1243.2,09:00:00,14:45:00,True,True,True,111,2021-04-07,1252.0,0.0008782085111953443,False,0.0008782085111953443
2021-04-09,243,1244.9,1251.9,09:00:00,14:45:00,True,True,True,111,2021-04-08,1243.2,0.001366504774357353,False,0.001366504774357353
2021-04-12,242,1260.1,1274.6,09:00:00,14:45:00,True,True,True,111,2021-04-09,1251.9,0.006528685610030703,False,0.006528685610030703
2021-04-13,243,1280.2,1271.0,09:00:00,14:45:00,True,True,True,111,2021-04-12,1274.6,0.004383911827709378,False,0.004383911827709378
2021-04-14,243,1268.0,1292.0,09:00:00,14:45:00,True,True,True,111,2021-04-13,1271.0,-0.002363136192282779,False,0.002363136192282779
2021-04-15,243,1294.4,1283.9,09:00:00,14:45:00,True,True,True,111,2021-04-14,1292.0,0.0018558619616801941,False,0.0018558619616801941
2021-04-16,243,1283.5,1273.5,09:00:00,14:45:00,True,True,True,111,2021-04-15,1283.9,-0.0003115992858429456,True,0.0003115992858429456
2021-04-19,243,1276.0,1312.0,09:00:00,14:45:00,True,True,True,111,2021-04-16,1273.5,0.0019611694852235797,False,0.0019611694852235797
2021-04-20,243,1316.0,1300.0,09:00:00,14:45:00,True,True,True,111,2021-04-19,1312.0,0.003044142381228052,False,0.003044142381228052
2021-04-22,243,1302.0,1261.2,09:00:00,14:45:00,True,True,True,111,2021-04-20,1300.0,0.0015372793188863979,False,0.0015372793188863979
2021-04-23,243,1260.0,1296.7,09:00:00,14:45:00,True,True,True,111,2021-04-22,1261.2,-0.000951927725382069,False,0.000951927725382069
2021-04-26,243,1297.4,1254.0,09:00:00,14:45:00,True,True,True,111,2021-04-23,1296.7,0.0005396862241165902,False,0.0005396862241165902
2021-04-27,243,1253.8,1265.0,09:00:00,14:45:00,True,True,True,111,2021-04-26,1254.0,-0.00015950235299793118,False,0.00015950235299793118
2021-04-28,243,1268.0,1275.0,09:00:00,14:45:00,True,True,True,111,2021-04-27,1265.0,0.00236873383555061,False,0.00236873383555061
2021-04-29,243,1284.2,1301.0,09:00:00,14:45:00,True,True,True,111,2021-04-28,1275.0,0.00718977776742153,False,0.00718977776742153
2021-05-04,243,1278.4,1320.0,09:00:00,14:45:00,True,True,True,111,2021-04-29,1301.0,-0.017523903500494944,False,0.017523903500494944
2021-05-05,243,1323.2,1335.9,09:00:00,14:45:00,True,True,True,111,2021-05-04,1320.0,0.0024213086890103454,False,0.0024213086890103454
2021-05-06,243,1341.0,1336.5,09:00:00,14:45:00,True,True,True,111,2021-05-05,1335.9,0.003810382285912179,False,0.003810382285912179
2021-05-07,243,1336.0,1323.8,09:00:00,14:45:00,True,True,True,111,2021-05-06,1336.5,-0.0003741814823826544,False,0.0003741814823826544
2021-05-10,243,1323.3,1375.0,09:00:00,14:45:00,True,True,True,111,2021-05-07,1323.8,-0.00037777190581862925,False,0.00037777190581862925
2021-05-11,243,1373.7,1350.1,09:00:00,14:45:00,True,True,True,111,2021-05-10,1375.0,-0.0009459017695121311,False,0.0009459017695121311
2021-05-12,243,1347.1,1382.1,09:00:00,14:45:00,True,True,True,111,2021-05-11,1350.1,-0.0022245300586781914,False,0.0022245300586781914
2021-05-13,243,1377.9,1363.9,09:00:00,14:45:00,True,True,True,111,2021-05-12,1382.1,-0.003043480610123369,False,0.003043480610123369
2021-05-14,243,1372.4,1374.0,09:00:00,14:45:00,True,True,True,111,2021-05-13,1363.9,0.006212789051465265,False,0.006212789051465265
2021-05-17,243,1382.0,1367.0,09:00:00,14:45:00,True,True,True,111,2021-05-14,1374.0,0.005805531545320496,False,0.005805531545320496
2021-05-18,243,1372.0,1375.0,09:00:00,14:45:00,True,True,True,111,2021-05-17,1367.0,0.0036509715618810675,False,0.0036509715618810675
2021-05-19,243,1373.3,1404.9,09:00:00,14:45:00,True,True,True,111,2021-05-18,1375.0,-0.0012371285644355336,False,0.0012371285644355336
2021-05-20,243,1407.5,1425.0,09:00:00,14:45:00,True,True,True,111,2021-05-19,1404.9,0.00184895515623956,False,0.00184895515623956
2021-05-21,243,1412.4,1414.0,09:00:00,14:45:00,True,True,True,111,2021-05-20,1425.0,-0.008881428648519535,True,0.008881428648519535
2021-05-24,243,1415.0,1426.0,09:00:00,14:45:00,True,True,True,111,2021-05-21,1414.0,0.0007069636208199028,False,0.0007069636208199028
2021-05-25,243,1427.4,1438.0,09:00:00,14:45:00,True,True,True,111,2021-05-24,1426.0,0.000981285562725877,False,0.000981285562725877
2021-05-26,243,1439.0,1453.0,09:00:00,14:45:00,True,True,True,111,2021-05-25,1438.0,0.0006951686063759254,False,0.0006951686063759254
2021-05-27,243,1453.0,1430.0,09:00:00,14:45:00,True,True,True,111,2021-05-26,1453.0,0.0,False,0.0
2021-05-28,243,1434.2,1462.5,09:00:00,14:45:00,True,True,True,111,2021-05-27,1430.0,0.0029327581945214586,False,0.0029327581945214586
2021-05-31,243,1459.7,1479.5,09:00:00,14:45:00,True,True,True,111,2021-05-28,1462.5,-0.001916364969479169,False,0.001916364969479169
2021-06-01,243,1484.0,1487.6,09:00:00,14:45:00,True,True,True,111,2021-05-31,1479.5,0.0030369518870613766,False,0.0030369518870613766
2021-06-02,243,1487.5,1481.8,09:00:00,14:45:00,True,True,True,111,2021-06-01,1487.6,-6.722463113005206e-05,False,6.722463113005206e-05
2021-06-03,243,1486.5,1504.0,09:00:00,14:45:00,True,True,True,111,2021-06-02,1481.8,0.003166798455595914,False,0.003166798455595914
2021-06-04,243,1504.8,1505.9,09:00:00,14:45:00,True,True,True,111,2021-06-03,1504.0,0.0005317734770354009,False,0.0005317734770354009
2021-06-07,245,1507.0,1485.0,09:00:00,14:45:00,True,True,True,111,2021-06-04,1505.9,0.0007301935337216852,False,0.0007301935337216852
2021-06-08,237,1488.2,1429.9,09:00:00,14:45:00,True,True,True,111,2021-06-07,1485.0,0.0021525637263609537,False,0.0021525637263609537
2021-06-09,243,1439.0,1459.0,09:00:00,14:45:00,True,True,True,111,2021-06-08,1429.9,0.0063439161485662615,False,0.0063439161485662615
2021-06-10,243,1460.5,1453.0,09:00:00,14:45:00,True,True,True,111,2021-06-09,1459.0,0.0010275733050100595,False,0.0010275733050100595
2021-06-11,243,1458.9,1493.2,09:00:00,14:45:00,True,True,True,111,2021-06-10,1453.0,0.004052342507566856,False,0.004052342507566856
2021-06-14,243,1494.5,1497.5,09:00:00,14:45:00,True,True,True,111,2021-06-11,1493.2,0.0008702346835638078,False,0.0008702346835638078
2021-06-15,243,1498.1,1491.0,09:00:00,14:45:00,True,True,True,111,2021-06-14,1497.5,0.0004005875337317553,False,0.0004005875337317553
2021-06-16,243,1490.7,1468.9,09:00:00,14:45:00,True,True,True,111,2021-06-15,1491.0,-0.0002012274883538014,False,0.0002012274883538014
2021-06-17,243,1462.0,1463.9,09:00:00,14:45:00,True,True,True,111,2021-06-16,1468.9,-0.004708460027645391,False,0.004708460027645391
2021-06-18,243,1470.0,1485.0,09:00:00,14:45:00,True,True,True,111,2021-06-17,1463.9,0.004158293595415851,True,0.004158293595415851
2021-06-21,243,1475.9,1474.1,09:00:00,14:45:00,True,True,True,111,2021-06-18,1485.0,-0.006146799049069746,False,0.006146799049069746
2021-06-22,243,1484.4,1490.4,09:00:00,14:45:00,True,True,True,111,2021-06-21,1474.1,0.00696301613321016,False,0.00696301613321016
2021-06-23,243,1492.6,1490.4,09:00:00,14:45:00,True,True,True,111,2021-06-22,1490.4,0.0014750254099081398,False,0.0014750254099081398
2021-06-24,243,1497.6,1488.0,09:00:00,14:45:00,True,True,True,111,2021-06-23,1490.4,0.004819286435948701,False,0.004819286435948701
2021-06-25,243,1496.3,1505.0,09:00:00,14:45:00,True,True,True,111,2021-06-24,1488.0,0.005562457796336555,False,0.005562457796336555
2021-06-28,243,1509.1,1523.8,09:00:00,14:45:00,True,True,True,111,2021-06-25,1505.0,0.0027205484415287378,False,0.0027205484415287378
2021-06-29,243,1524.4,1533.9,09:00:00,14:45:00,True,True,True,111,2021-06-28,1523.8,0.00039367496079596514,False,0.00039367496079596514
2021-06-30,243,1534.0,1529.2,09:00:00,14:45:00,True,True,True,111,2021-06-29,1533.9,6.519117313811416e-05,False,6.519117313811416e-05
2021-07-01,243,1532.2,1549.0,09:00:00,14:45:00,True,True,True,111,2021-06-30,1529.2,0.001959888260462833,False,0.001959888260462833
2021-07-02,243,1551.2,1556.1,09:00:00,14:45:00,True,True,True,111,2021-07-01,1549.0,0.0014192635115734614,False,0.0014192635115734614
2021-07-05,239,1560.0,1568.0,09:00:00,14:45:00,True,True,True,111,2021-07-02,1556.1,0.0025031302181186964,False,0.0025031302181186964
2021-07-06,242,1566.0,1501.0,09:00:00,14:45:00,True,True,True,111,2021-07-05,1568.0,-0.0012763243596047896,False,0.0012763243596047896
2021-07-07,243,1514.0,1535.0,09:00:00,14:45:00,True,True,True,111,2021-07-06,1501.0,0.00862360236393219,False,0.00862360236393219
2021-07-08,243,1532.5,1513.0,09:00:00,14:45:00,True,True,True,111,2021-07-07,1535.0,-0.0016299922109310643,False,0.0016299922109310643
2021-07-09,243,1509.0,1497.0,09:00:00,14:45:00,True,True,True,111,2021-07-08,1513.0,-0.0026472550205070074,False,0.0026472550205070074
2021-07-12,243,1503.0,1443.9,09:00:00,14:45:00,True,True,True,111,2021-07-09,1497.0,0.004000005333346137,False,0.004000005333346137
2021-07-13,243,1442.0,1446.9,09:00:00,14:45:00,True,True,True,111,2021-07-12,1443.9,-0.0013167471322790586,False,0.0013167471322790586
2021-07-14,243,1448.4,1409.0,09:00:00,14:45:00,True,True,True,111,2021-07-13,1446.9,0.0010361621484502204,False,0.0010361621484502204
2021-07-15,243,1410.8,1431.8,09:00:00,14:45:00,True,True,True,111,2021-07-14,1409.0,0.0012766864632167683,False,0.0012766864632167683
2021-07-16,243,1435.5,1440.0,09:00:00,14:45:00,True,True,True,111,2021-07-15,1431.8,0.0025808265990339297,True,0.0025808265990339297
2021-07-19,243,1414.8,1368.0,09:00:00,14:45:00,True,True,True,111,2021-07-16,1440.0,-0.017654935238720824,False,0.017654935238720824
2021-07-20,243,1373.1,1405.0,09:00:00,14:45:00,True,True,True,111,2021-07-19,1368.0,0.003721138145210251,False,0.003721138145210251
2021-07-21,243,1410.4,1402.0,09:00:00,14:45:00,True,True,True,111,2021-07-20,1405.0,0.0038360493158144477,False,0.0038360493158144477
2021-07-22,243,1404.6,1427.1,09:00:00,14:45:00,True,True,True,111,2021-07-21,1402.0,0.0018527761303846202,False,0.0018527761303846202
2021-07-23,243,1425.0,1401.0,09:00:00,14:45:00,True,True,True,111,2021-07-22,1427.1,-0.0014725994035945293,False,0.0014725994035945293
2021-07-26,243,1398.1,1408.1,09:00:00,14:45:00,True,True,True,111,2021-07-23,1401.0,-0.0020720953432281828,False,0.0020720953432281828
2021-07-27,243,1413.0,1405.3,09:00:00,14:45:00,True,True,True,111,2021-07-26,1408.1,0.003473825761261529,False,0.003473825761261529
2021-07-28,243,1405.0,1407.8,09:00:00,14:45:00,True,True,True,111,2021-07-27,1405.3,-0.000213500338853152,False,0.000213500338853152
2021-07-29,243,1416.5,1431.1,09:00:00,14:45:00,True,True,True,111,2021-07-28,1407.8,0.006160838096539989,False,0.006160838096539989
2021-07-30,243,1430.6,1445.0,09:00:00,14:45:00,True,True,True,111,2021-07-29,1431.1,-0.0003494426425467336,False,0.0003494426425467336
2021-08-02,243,1446.7,1447.9,09:00:00,14:45:00,True,True,True,111,2021-07-30,1445.0,0.0011757790890120365,False,0.0011757790890120365
2021-08-03,243,1449.5,1475.0,09:00:00,14:45:00,True,True,True,111,2021-08-02,1447.9,0.0011044385743340982,False,0.0011044385743340982
2021-08-04,241,1472.6,1470.9,09:00:00,14:45:00,True,True,True,111,2021-08-03,1475.0,-0.0016284438393037756,False,0.0016284438393037756
2021-08-05,243,1468.2,1487.1,09:00:00,14:45:00,True,True,True,111,2021-08-04,1470.9,-0.0018372976486163547,False,0.0018372976486163547
2021-08-06,243,1487.3,1472.9,09:00:00,14:45:00,True,True,True,111,2021-08-05,1487.1,0.00013448090391435867,False,0.00013448090391435867
2021-08-09,229,1470.0,1500.5,09:00:00,14:45:00,True,True,True,111,2021-08-06,1472.9,-0.001970845722715486,False,0.001970845722715486
2021-08-10,243,1501.2,1494.1,09:00:00,14:45:00,True,True,True,111,2021-08-09,1500.5,0.0004664023804438805,False,0.0004664023804438805
2021-08-11,243,1496.0,1486.0,09:00:00,14:45:00,True,True,True,111,2021-08-10,1494.1,0.0012708606773834219,False,0.0012708606773834219
2021-08-12,243,1486.8,1477.1,09:00:00,14:45:00,True,True,True,111,2021-08-11,1486.0,0.0005382131453925637,False,0.0005382131453925637
2021-08-13,243,1480.0,1485.0,09:00:00,14:45:00,True,True,True,111,2021-08-12,1477.1,0.0019613817116067873,False,0.0019613817116067873
2021-08-16,243,1485.5,1503.0,09:00:00,14:45:00,True,True,True,111,2021-08-13,1485.0,0.00033664366586230477,False,0.00033664366586230477
2021-08-17,243,1507.4,1493.0,09:00:00,14:45:00,True,True,True,111,2021-08-16,1503.0,0.0029232016563951026,False,0.0029232016563951026
2021-08-18,243,1494.4,1490.9,09:00:00,14:45:00,True,True,True,111,2021-08-17,1493.0,0.0009372699353878677,False,0.0009372699353878677
2021-08-19,243,1493.3,1500.0,09:00:00,14:45:00,True,True,True,111,2021-08-18,1490.9,0.0016084716288693145,False,0.0016084716288693145
2021-08-20,241,1491.9,1445.0,09:03:00,14:45:00,True,True,True,111,2021-08-19,1500.0,-0.005414632701498842,True,0.005414632701498842
2021-08-23,243,1444.4,1411.2,09:00:00,14:45:00,True,True,True,111,2021-08-20,1445.0,-0.000415311143229814,False,0.000415311143229814
2021-08-24,243,1415.1,1415.1,09:00:00,14:45:00,True,True,True,111,2021-08-23,1411.2,0.00275979370579864,False,0.00275979370579864
2021-08-25,243,1418.2,1431.5,09:00:00,14:45:00,True,True,True,111,2021-08-24,1415.1,0.002188261911570745,False,0.002188261911570745
2021-08-26,243,1430.4,1406.7,09:00:00,14:45:00,True,True,True,111,2021-08-25,1431.5,-0.0007687201189199495,False,0.0007687201189199495
2021-08-27,243,1409.5,1420.0,09:00:00,14:45:00,True,True,True,111,2021-08-26,1406.7,0.001988495790516962,False,0.001988495790516962
2021-08-30,243,1422.9,1432.9,09:00:00,14:45:00,True,True,True,111,2021-08-27,1420.0,0.0020401709563393987,False,0.0020401709563393987
2021-08-31,243,1433.5,1427.0,09:00:00,14:45:00,True,True,True,111,2021-08-30,1432.9,0.00041864360086725706,False,0.00041864360086725706
2021-09-01,243,1427.0,1428.6,09:00:00,14:45:00,True,True,True,111,2021-08-31,1427.0,0.0,False,0.0
2021-09-06,239,1434.0,1444.6,09:00:00,14:45:00,True,True,True,111,2021-09-01,1428.6,0.003772798438693581,False,0.003772798438693581
2021-09-07,243,1445.1,1441.0,09:00:00,14:45:00,True,True,True,111,2021-09-06,1444.6,0.00034605668753840763,False,0.00034605668753840763
2021-09-08,243,1441.7,1431.1,09:00:00,14:45:00,True,True,True,111,2021-09-07,1441.0,0.00048565581833594,False,0.00048565581833594
2021-09-09,243,1430.5,1446.0,09:00:00,14:45:00,True,True,True,111,2021-09-08,1431.1,-0.00041934582666513256,False,0.00041934582666513256
2021-09-10,243,1447.2,1447.1,09:00:00,14:45:00,True,True,True,111,2021-09-09,1446.0,0.0008295313623753788,False,0.0008295313623753788
2021-09-13,243,1445.1,1442.0,09:00:00,14:45:00,True,True,True,111,2021-09-10,1447.1,-0.0013830304396622159,False,0.0013830304396622159
2021-09-14,243,1440.8,1436.5,09:00:00,14:45:00,True,True,True,111,2021-09-13,1442.0,-0.0008325239831480845,False,0.0008325239831480845
2021-09-15,243,1437.5,1447.5,09:00:00,14:45:00,True,True,True,111,2021-09-14,1436.5,0.0006958942521611744,False,0.0006958942521611744
2021-09-16,244,1447.9,1449.8,08:59:00,14:45:00,False,True,True,011,2021-09-15,1447.5,0.00027630034022565694,False,0.00027630034022565694
2021-09-17,243,1444.3,1456.8,09:00:00,14:45:00,True,True,True,111,2021-09-16,1449.8,-0.0038008407596563376,True,0.0038008407596563376
2021-09-20,243,1460.0,1452.0,09:00:00,14:45:00,True,True,True,111,2021-09-17,1456.8,0.002194186288983961,False,0.002194186288983961
2021-09-21,243,1446.0,1440.0,09:00:00,14:45:00,True,True,True,111,2021-09-20,1452.0,-0.004140792666031388,False,0.004140792666031388
2021-09-22,243,1441.0,1440.8,09:00:00,14:45:00,True,True,True,111,2021-09-21,1440.0,0.0006942034294758922,False,0.0006942034294758922
2021-09-23,243,1447.5,1450.0,09:00:00,14:45:00,True,True,True,111,2021-09-22,1440.8,0.004639415585404092,False,0.004639415585404092
2021-09-24,238,1454.6,1449.9,09:00:00,14:45:00,True,True,True,111,2021-09-23,1450.0,0.00316739230582008,False,0.00316739230582008
2021-09-27,243,1452.3,1434.0,09:00:00,14:45:00,True,True,True,111,2021-09-24,1449.9,0.0016539180946102117,False,0.0016539180946102117
2021-09-28,242,1430.0,1454.4,09:00:00,14:45:00,False,True,True,011,2021-09-27,1434.0,-0.002793297905612711,False,0.002793297905612711
2021-09-29,243,1449.1,1449.2,09:00:00,14:45:00,True,True,True,111,2021-09-28,1454.4,-0.0036507703713360815,False,0.0036507703713360815
2021-09-30,243,1451.0,1452.0,09:00:00,14:45:00,True,True,True,111,2021-09-29,1449.2,0.001241293863265675,False,0.001241293863265675
2021-10-01,242,1441.0,1441.0,09:00:00,14:45:00,False,False,True,001,2021-09-30,1452.0,-0.007604599385219304,False,0.007604599385219304
2021-10-04,243,1441.0,1440.3,09:00:00,14:45:00,True,True,True,111,2021-10-01,1441.0,0.0,False,0.0
2021-10-05,243,1437.9,1449.0,09:00:00,14:45:00,True,True,True,111,2021-10-04,1440.3,-0.0016677093713089422,False,0.0016677093713089422
2021-10-06,243,1451.2,1452.0,09:00:00,14:45:00,True,True,True,111,2021-10-05,1449.0,0.001517137040189734,False,0.001517137040189734
2021-10-07,243,1457.4,1454.8,09:00:00,14:45:00,True,True,True,111,2021-10-06,1452.0,0.003712109851440525,False,0.003712109851440525
2021-10-08,243,1458.0,1474.5,09:00:00,14:45:00,True,True,True,111,2021-10-07,1454.8,0.0021971994557696017,False,0.0021971994557696017
2021-10-11,243,1475.5,1513.5,09:00:00,14:45:00,True,True,True,111,2021-10-08,1474.5,0.0006779661276632754,False,0.0006779661276632754
2021-10-12,243,1513.5,1510.0,09:00:00,14:45:00,True,True,True,111,2021-10-11,1513.5,0.0,False,0.0
2021-10-13,243,1513.0,1503.1,09:00:00,14:45:00,True,True,True,111,2021-10-12,1510.0,0.0019847839793859824,False,0.0019847839793859824
2021-10-14,243,1508.5,1505.9,09:00:00,14:45:00,True,True,True,111,2021-10-13,1503.1,0.003586137459935324,False,0.003586137459935324
2021-10-15,243,1510.0,1504.5,09:00:00,14:45:00,True,True,True,111,2021-10-14,1505.9,0.00271892471619627,False,0.00271892471619627
2021-10-18,243,1505.1,1510.5,09:00:00,14:45:00,True,True,True,111,2021-10-15,1504.5,0.0003987240882169318,False,0.0003987240882169318
2021-10-19,243,1511.1,1510.6,09:00:00,14:45:00,True,True,True,111,2021-10-18,1510.5,0.00039714059298771393,False,0.00039714059298771393
2021-10-20,243,1513.0,1504.0,09:00:00,14:45:00,True,True,True,111,2021-10-19,1510.6,0.0015875119090083896,False,0.0015875119090083896
2021-10-21,243,1507.2,1489.0,09:00:00,14:45:00,True,True,True,111,2021-10-20,1504.0,0.0021253993123135366,False,0.0021253993123135366
2021-10-22,243,1495.2,1492.0,09:00:00,14:45:00,True,True,True,111,2021-10-21,1489.0,0.004155223457344144,True,0.004155223457344144
2021-10-25,243,1495.0,1478.0,09:00:00,14:45:00,True,True,True,111,2021-10-22,1492.0,0.002008705061080587,False,0.002008705061080587
2021-10-26,243,1477.5,1489.0,09:00:00,14:45:00,True,True,True,111,2021-10-25,1478.0,-0.00033835222789384295,False,0.00033835222789384295
2021-10-27,243,1489.1,1523.3,09:00:00,14:45:00,True,True,True,111,2021-10-26,1489.0,6.715691215042138e-05,False,6.715691215042138e-05
2021-10-28,243,1523.5,1532.3,09:00:00,14:45:00,True,True,True,111,2021-10-27,1523.3,0.0001312852831082828,False,0.0001312852831082828
2021-10-29,243,1532.0,1533.7,09:00:00,14:45:00,True,True,True,111,2021-10-28,1532.3,-0.00019580328359397134,False,0.00019580328359397134
2021-11-01,243,1535.0,1522.7,09:00:00,14:45:00,True,True,True,111,2021-10-29,1533.7,0.000847264364563394,False,0.000847264364563394
2021-11-02,243,1522.0,1524.1,09:00:00,14:45:00,True,True,True,111,2021-11-01,1522.7,-0.00045981542505567276,False,0.00045981542505567276
2021-11-03,243,1524.9,1528.5,09:00:00,14:45:00,True,True,True,111,2021-11-02,1524.1,0.0005247622291626695,False,0.0005247622291626695
2021-11-04,243,1530.7,1529.8,09:00:00,14:45:00,True,True,True,111,2021-11-03,1528.5,0.0014382847667723138,False,0.0014382847667723138
2021-11-05,243,1529.3,1535.1,09:00:00,14:45:00,True,True,True,111,2021-11-04,1529.8,-0.0003268935336880351,False,0.0003268935336880351
2021-11-08,243,1537.6,1537.7,09:00:00,14:45:00,True,True,True,111,2021-11-05,1535.1,0.0016272337368721205,False,0.0016272337368721205
2021-11-09,241,1538.1,1525.5,09:00:00,14:45:00,True,True,True,111,2021-11-08,1537.7,0.00026009493611741237,False,0.00026009493611741237
2021-11-10,243,1525.0,1529.3,09:00:00,14:45:00,True,True,True,111,2021-11-09,1525.5,-0.0003278151152122907,False,0.0003278151152122907
2021-11-11,243,1527.6,1513.0,09:00:00,14:45:00,True,True,True,111,2021-11-10,1529.3,-0.0011122380027165947,False,0.0011122380027165947
2021-11-12,243,1514.6,1530.7,09:00:00,14:45:00,True,True,True,111,2021-11-11,1513.0,0.0010569428913662468,False,0.0010569428913662468
2021-11-15,243,1533.0,1527.8,09:00:00,14:45:00,True,True,True,111,2021-11-12,1530.7,0.0015014527741527102,False,0.0015014527741527102
2021-11-16,241,1527.8,1517.3,09:00:00,14:45:00,True,True,True,111,2021-11-15,1527.8,0.0,False,0.0
2021-11-17,243,1516.9,1520.4,09:00:00,14:45:00,True,True,True,111,2021-11-16,1517.3,-0.0002636609335687245,False,0.0002636609335687245
2021-11-18,243,1521.9,1504.1,09:00:00,14:45:00,True,True,True,111,2021-11-17,1520.4,0.0009860961256602174,False,0.0009860961256602174
2021-11-19,243,1505.7,1502.5,09:00:00,14:45:00,True,True,True,111,2021-11-18,1504.1,0.001063193667830177,True,0.001063193667830177
2021-11-22,243,1503.6,1512.5,09:00:00,14:45:00,True,True,True,111,2021-11-19,1502.5,0.0007318452806601759,False,0.0007318452806601759
2021-11-23,243,1512.6,1528.9,09:00:00,14:45:00,True,True,True,111,2021-11-22,1512.5,6.611351693254962e-05,False,6.611351693254962e-05
2021-11-24,243,1533.5,1562.1,09:00:00,14:45:00,True,True,True,111,2021-11-23,1528.9,0.003004181987738112,False,0.003004181987738112
2021-11-25,243,1564.5,1566.6,09:00:00,14:45:00,True,True,True,111,2021-11-24,1562.1,0.0015352142719738707,False,0.0015352142719738707
2021-11-26,243,1564.6,1556.7,09:00:00,14:45:00,True,True,True,111,2021-11-25,1566.6,-0.0012774656821578664,False,0.0012774656821578664
2021-11-29,243,1548.2,1551.9,09:00:00,14:45:00,True,True,True,111,2021-11-26,1556.7,-0.005475230271190571,False,0.005475230271190571
2021-11-30,243,1556.0,1537.1,09:00:00,14:45:00,True,True,True,111,2021-11-29,1551.9,0.0026384390607578434,False,0.0026384390607578434
2021-12-01,243,1536.9,1553.9,09:00:00,14:45:00,True,True,True,111,2021-11-30,1537.1,-0.00013012361762003565,False,0.00013012361762003565
2021-12-02,243,1549.9,1540.0,09:00:00,14:45:00,True,True,True,111,2021-12-01,1553.9,-0.002577487089683359,False,0.002577487089683359
2021-12-03,243,1545.0,1509.0,09:00:00,14:45:00,True,True,True,111,2021-12-02,1540.0,0.003241493924171023,False,0.003241493924171023
2021-12-06,243,1508.1,1480.2,09:00:00,14:45:00,True,True,True,111,2021-12-03,1509.0,-0.0005965994012096882,False,0.0005965994012096882
2021-12-07,243,1490.0,1512.0,09:00:00,14:45:00,True,True,True,111,2021-12-06,1480.2,0.006598906176138855,False,0.006598906176138855
2021-12-08,243,1515.8,1511.0,09:00:00,14:45:00,True,True,True,111,2021-12-07,1512.0,0.002510074638450497,False,0.002510074638450497
2021-12-09,243,1512.8,1532.0,09:00:00,14:45:00,True,True,True,111,2021-12-08,1511.0,0.0011905550715081783,False,0.0011905550715081783
2021-12-10,243,1531.0,1520.5,09:00:00,14:45:00,True,True,True,111,2021-12-09,1532.0,-0.0006529546428528857,False,0.0006529546428528857
2021-12-13,243,1526.6,1525.9,09:00:00,14:45:00,True,True,True,111,2021-12-10,1520.5,0.004003812246950624,False,0.004003812246950624
2021-12-14,243,1523.9,1518.5,09:00:00,14:45:00,True,True,True,111,2021-12-13,1525.9,-0.0013115616018749003,False,0.0013115616018749003
2021-12-15,243,1518.5,1520.1,09:00:00,14:45:00,True,True,True,111,2021-12-14,1518.5,0.0,False,0.0
2021-12-16,243,1525.5,1510.0,09:00:00,14:45:00,True,True,True,111,2021-12-15,1520.1,0.0035461030067507116,False,0.0035461030067507116
2021-12-17,243,1514.0,1520.0,09:00:00,14:45:00,True,True,True,111,2021-12-16,1510.0,0.002645504188424175,True,0.002645504188424175
2021-12-20,243,1512.1,1508.0,09:00:00,14:45:00,True,True,True,111,2021-12-17,1520.0,-0.0052109217216986395,False,0.0052109217216986395
2021-12-21,243,1511.4,1512.5,09:00:00,14:45:00,True,True,True,111,2021-12-20,1508.0,0.002252104018718196,False,0.002252104018718196
2021-12-22,243,1515.8,1508.0,09:00:00,14:45:00,True,True,True,111,2021-12-21,1512.5,0.0021794414729320926,False,0.0021794414729320926
2021-12-23,243,1506.7,1488.2,09:00:00,14:45:00,True,True,True,111,2021-12-22,1508.0,-0.0008624407606585953,False,0.0008624407606585953
2021-12-24,243,1488.0,1509.0,09:00:00,14:45:00,True,True,True,111,2021-12-23,1488.2,-0.0001343995701236936,False,0.0001343995701236936
2021-12-27,242,1513.0,1516.0,09:00:00,14:45:00,True,True,True,111,2021-12-24,1509.0,0.0026472550205070547,False,0.0026472550205070547
2021-12-28,243,1518.0,1520.2,09:00:00,14:45:00,True,True,True,111,2021-12-27,1516.0,0.0013183917532582322,False,0.0013183917532582322
2021-12-29,243,1522.0,1519.0,09:00:00,14:45:00,True,True,True,111,2021-12-28,1520.2,0.001183354289691136,False,0.001183354289691136
2021-12-30,242,1518.9,1525.5,09:00:00,14:45:00,True,False,True,101,2021-12-29,1519.0,-6.583495179959853e-05,False,6.583495179959853e-05
2021-12-31,243,1527.6,1537.0,09:00:00,14:45:00,True,False,True,101,2021-12-30,1525.5,0.00137565119463678,False,0.00137565119463678
2022-01-04,243,1544.9,1558.5,09:00:00,14:45:00,True,True,True,111,2021-12-31,1537.0,0.005126718779408193,False,0.005126718779408193
2022-01-05,243,1557.6,1549.0,09:00:00,14:45:00,True,True,True,111,2022-01-04,1558.5,-0.0005776451494018868,False,0.0005776451494018868
2022-01-06,243,1544.0,1545.1,09:00:00,14:45:00,True,True,True,111,2022-01-05,1549.0,-0.003233109832147159,False,0.003233109832147159
2022-01-07,243,1547.9,1539.6,09:00:00,14:45:00,True,True,True,111,2022-01-06,1545.1,0.001810540423459468,False,0.001810540423459468
2022-01-10,243,1540.0,1513.1,09:00:00,14:45:00,True,True,True,111,2022-01-07,1539.6,0.00025977399808392555,False,0.00025977399808392555
2022-01-11,242,1515.0,1503.6,09:00:00,14:45:00,True,True,True,111,2022-01-10,1513.1,0.0012549124859444253,False,0.0012549124859444253
2022-01-12,243,1500.7,1528.9,09:00:00,14:45:00,True,True,True,111,2022-01-11,1503.6,-0.0019305667880788937,False,0.0019305667880788937
2022-01-13,243,1530.2,1525.7,09:00:00,14:45:00,True,True,True,111,2022-01-12,1528.9,0.0008499232311835394,False,0.0008499232311835394
2022-01-14,243,1519.5,1520.1,09:00:00,14:45:00,True,True,True,111,2022-01-13,1525.7,-0.004071987762308767,False,0.004071987762308767
2022-01-17,243,1522.8,1480.0,09:00:00,14:45:00,True,True,True,111,2022-01-14,1520.1,0.0017746233583684796,False,0.0017746233583684796
2022-01-18,243,1475.0,1482.5,09:00:00,14:45:00,True,True,True,111,2022-01-17,1480.0,-0.0033840979842405684,False,0.0033840979842405684
2022-01-19,243,1482.9,1482.0,09:00:00,14:45:00,True,True,True,111,2022-01-18,1482.5,0.00026977810914277157,False,0.00026977810914277157
2022-01-20,243,1483.8,1492.6,09:00:00,14:45:00,True,True,True,111,2022-01-19,1482.0,0.0012138378993931922,False,0.0012138378993931922
2022-01-21,225,1493.0,1498.9,09:00:00,14:45:00,True,True,True,111,2022-01-20,1492.6,0.00026795284190335575,True,0.00026795284190335575
2022-01-24,243,1496.0,1468.2,09:00:00,14:45:00,True,True,True,111,2022-01-21,1498.9,-0.0019366262021276027,False,0.0019366262021276027
2022-01-25,243,1468.5,1503.9,09:00:00,14:45:00,True,True,True,111,2022-01-24,1468.2,0.0002043109619937811,False,0.0002043109619937811
2022-01-26,241,1510.0,1519.0,09:00:00,14:45:00,True,True,True,111,2022-01-25,1503.9,0.0040479168714026474,False,0.0040479168714026474
2022-01-27,243,1513.2,1512.0,09:00:00,14:45:00,True,True,True,111,2022-01-26,1519.0,-0.0038256098368985884,False,0.0038256098368985884
2022-01-28,243,1518.0,1528.0,09:00:00,14:45:00,True,True,True,111,2022-01-27,1512.0,0.003960401216096914,False,0.003960401216096914
2022-02-07,243,1543.9,1532.8,09:00:00,14:45:00,True,True,True,111,2022-01-28,1528.0,0.010351991921415154,False,0.010351991921415154
2022-02-08,243,1532.8,1535.5,09:00:00,14:45:00,True,True,True,111,2022-02-07,1532.8,0.0,False,0.0
2022-02-09,243,1540.0,1541.0,09:00:00,14:45:00,True,True,True,111,2022-02-08,1535.5,0.0029263555267978743,False,0.0029263555267978743
2022-02-10,243,1543.6,1542.5,09:00:00,14:45:00,True,True,True,111,2022-02-09,1541.0,0.0016857943433479232,False,0.0016857943433479232
2022-02-11,243,1538.8,1543.0,09:00:00,14:45:00,True,True,True,111,2022-02-10,1542.5,-0.002401584901402809,False,0.002401584901402809
2022-02-14,243,1536.0,1510.1,09:00:00,14:45:00,True,True,True,111,2022-02-11,1543.0,-0.0045469386555433535,False,0.0045469386555433535
2022-02-15,243,1511.1,1522.0,09:00:00,14:45:00,True,True,True,111,2022-02-14,1510.1,0.0006619886379709987,False,0.0006619886379709987
2022-02-16,243,1528.0,1521.0,09:00:00,14:45:00,True,True,True,111,2022-02-15,1522.0,0.003934431304834743,False,0.003934431304834743
2022-02-17,243,1522.0,1540.2,09:00:00,14:45:00,True,True,True,111,2022-02-16,1521.0,0.0006572461623382202,False,0.0006572461623382202
2022-02-18,243,1525.0,1525.0,09:00:00,14:45:00,True,True,True,111,2022-02-17,1540.2,-0.009917868063637793,True,0.009917868063637793
2022-02-21,243,1523.4,1530.0,09:00:00,14:45:00,True,True,True,111,2022-02-18,1525.0,-0.0010497311028242196,False,0.0010497311028242196
2022-02-22,243,1517.9,1517.5,09:00:00,14:45:00,True,True,True,111,2022-02-21,1530.0,-0.00793993475366759,False,0.00793993475366759
2022-02-23,243,1526.1,1529.3,09:00:00,14:45:00,True,True,True,111,2022-02-22,1517.5,0.005651217563175718,False,0.005651217563175718
2022-02-24,243,1520.0,1514.7,09:00:00,14:45:00,True,True,True,111,2022-02-23,1529.3,-0.0060997795137555525,False,0.0060997795137555525
2022-02-25,243,1526.0,1517.0,09:00:00,14:45:00,True,True,True,111,2022-02-24,1514.7,0.007432533311422478,False,0.007432533311422478
2022-02-28,243,1511.9,1511.2,09:00:00,14:45:00,True,True,True,111,2022-02-25,1517.0,-0.003367562362376669,False,0.003367562362376669
2022-03-01,243,1518.0,1515.6,09:00:00,14:45:00,True,True,True,111,2022-02-28,1511.2,0.004489641768275388,False,0.004489641768275388
2022-03-02,243,1512.0,1502.0,09:00:00,14:45:00,True,True,True,111,2022-03-01,1515.6,-0.0023781224049673243,False,0.0023781224049673243
2022-03-03,243,1508.7,1517.5,09:00:00,14:45:00,True,True,True,111,2022-03-02,1502.0,0.0044507995219488445,False,0.0044507995219488445
2022-03-04,243,1514.8,1513.0,09:00:00,14:45:00,True,True,True,111,2022-03-03,1517.5,-0.0017808269060135666,False,0.0017808269060135666
2022-03-07,243,1498.0,1504.2,09:00:00,14:45:00,True,True,True,111,2022-03-04,1513.0,-0.00996354971119111,False,0.00996354971119111
2022-03-08,243,1498.7,1490.3,09:00:00,14:45:00,True,True,True,111,2022-03-07,1504.2,-0.003663129741352247,False,0.003663129741352247
2022-03-09,243,1493.8,1490.8,09:00:00,14:45:00,True,True,True,111,2022-03-08,1490.3,0.0023457669682192994,False,0.0023457669682192994
2022-03-10,243,1500.3,1490.0,09:00:00,14:45:00,True,True,True,111,2022-03-09,1490.8,0.006352199487864379,False,0.006352199487864379
2022-03-11,243,1486.6,1476.0,09:00:00,14:45:00,True,True,True,111,2022-03-10,1490.0,-0.0022844866483118067,False,0.0022844866483118067
2022-03-14,243,1476.0,1463.4,09:00:00,14:45:00,True,True,True,111,2022-03-11,1476.0,0.0,False,0.0
2022-03-15,243,1461.5,1464.5,09:00:00,14:45:00,True,True,True,111,2022-03-14,1463.4,-0.001299189898629064,False,0.001299189898629064
2022-03-16,243,1471.0,1471.8,09:00:00,14:45:00,True,True,True,111,2022-03-15,1464.5,0.004428554333649247,False,0.004428554333649247
2022-03-17,243,1477.7,1472.2,09:00:00,14:45:00,True,True,True,111,2022-03-16,1471.8,0.00400068341708978,False,0.00400068341708978
2022-03-18,243,1477.0,1478.1,09:00:00,14:45:00,True,True,True,111,2022-03-17,1472.2,0.0032551229067741766,True,0.0032551229067741766
2022-03-21,243,1479.7,1494.9,09:00:00,14:45:00,True,True,True,111,2022-03-18,1478.1,0.0010818852904616162,False,0.0010818852904616162
2022-03-22,243,1498.1,1500.0,09:00:00,14:45:00,True,True,True,111,2022-03-21,1494.9,0.002138323567867578,False,0.002138323567867578
2022-03-23,243,1502.7,1497.2,09:00:00,14:45:00,True,True,True,111,2022-03-22,1500.0,0.0017983819413793973,False,0.0017983819413793973
2022-03-24,243,1495.5,1494.0,09:00:00,14:45:00,True,True,True,111,2022-03-23,1497.2,-0.0011360979602711885,False,0.0011360979602711885
2022-03-25,243,1497.0,1494.0,09:00:00,14:45:00,True,True,True,111,2022-03-24,1494.0,0.002006018726865766,False,0.002006018726865766
2022-03-28,243,1489.1,1483.5,09:00:00,14:45:00,True,True,True,111,2022-03-25,1494.0,-0.003285176096603318,False,0.003285176096603318
2022-03-29,243,1485.5,1493.4,09:00:00,14:45:00,True,True,True,111,2022-03-28,1483.5,0.001347255171785935,False,0.001347255171785935
2022-03-30,243,1489.5,1489.8,09:00:00,14:45:00,True,True,True,111,2022-03-29,1493.4,-0.002614906448264354,False,0.002614906448264354
2022-03-31,243,1492.0,1496.0,09:00:00,14:45:00,True,True,True,111,2022-03-30,1489.8,0.0014756190215301863,False,0.0014756190215301863
2022-04-01,243,1493.0,1525.0,09:00:00,14:45:00,True,True,True,111,2022-03-31,1496.0,-0.0020073609952321195,False,0.0020073609952321195
2022-04-04,243,1529.8,1528.4,09:00:00,14:45:00,True,True,True,111,2022-04-01,1525.0,0.003142597846253691,False,0.003142597846253691
2022-04-05,243,1526.9,1525.3,09:00:00,14:45:00,True,True,True,111,2022-04-04,1528.4,-0.0009819003832789216,False,0.0009819003832789216
2022-04-06,243,1519.0,1540.3,09:00:00,14:45:00,True,True,True,111,2022-04-05,1525.3,-0.0041388884101146405,False,0.0041388884101146405
2022-04-07,243,1543.1,1529.8,09:00:00,14:45:00,True,True,True,111,2022-04-06,1540.3,0.001816177446747082,False,0.001816177446747082
2022-04-08,243,1528.4,1523.9,09:00:00,14:45:00,True,True,True,111,2022-04-07,1529.8,-0.0009155713150206594,False,0.0009155713150206594
2022-04-12,243,1524.0,1509.4,09:00:00,14:45:00,True,True,True,111,2022-04-08,1523.9,6.561895077641801e-05,False,6.561895077641801e-05
2022-04-13,243,1511.5,1519.7,09:00:00,14:45:00,True,True,True,111,2022-04-12,1509.4,0.0013903143687446352,False,0.0013903143687446352
2022-04-14,242,1522.4,1512.5,09:00:00,14:45:00,True,True,True,111,2022-04-13,1519.7,0.0017750900423802447,False,0.0017750900423802447
2022-04-15,243,1511.8,1492.6,09:00:00,14:45:00,True,True,True,111,2022-04-14,1512.5,-0.0004629170469201932,False,0.0004629170469201932
2022-04-18,243,1494.1,1473.1,09:00:00,14:45:00,True,True,True,111,2022-04-15,1492.6,0.0010044531597521202,False,0.0010044531597521202
2022-04-19,243,1476.3,1454.1,09:00:00,14:45:00,True,True,True,111,2022-04-18,1473.1,0.0021699337191496784,False,0.0021699337191496784
2022-04-20,243,1456.3,1440.0,09:00:00,14:45:00,True,True,True,111,2022-04-19,1454.1,0.0015118199690946443,False,0.0015118199690946443
2022-04-21,243,1443.9,1435.3,09:00:00,14:45:00,True,True,True,111,2022-04-20,1440.0,0.0027046724071270504,False,0.0027046724071270504
2022-04-22,243,1441.7,1445.0,09:00:00,14:45:00,True,True,True,111,2022-04-21,1435.3,0.004449086240523584,True,0.004449086240523584
2022-04-25,243,1442.8,1353.1,09:00:00,14:45:00,True,True,True,111,2022-04-22,1445.0,-0.0015236515171486525,False,0.0015236515171486525
2022-04-26,243,1356.0,1391.0,09:00:00,14:45:00,True,True,True,111,2022-04-25,1353.1,0.002140933230742384,False,0.002140933230742384
2022-04-27,243,1379.0,1401.0,09:00:00,14:45:00,True,True,True,111,2022-04-26,1391.0,-0.008664314130141081,False,0.008664314130141081
2022-04-28,243,1399.7,1392.0,09:00:00,14:45:00,True,True,True,111,2022-04-27,1401.0,-0.0009283394104067517,False,0.0009283394104067517
2022-04-29,243,1395.0,1409.0,09:00:00,14:45:00,True,True,True,111,2022-04-28,1392.0,0.0021528533611010927,False,0.0021528533611010927
2022-05-04,244,1408.3,1383.0,09:00:00,14:45:00,True,True,True,111,2022-04-29,1409.0,-0.0004969296946756206,False,0.0004969296946756206
2022-05-05,243,1391.0,1402.5,09:00:00,14:45:00,True,True,True,111,2022-05-04,1383.0,0.005767860258684671,False,0.005767860258684671
2022-05-06,243,1382.0,1362.0,09:00:00,14:45:00,True,True,True,111,2022-05-05,1402.5,-0.014724633069236204,False,0.014724633069236204
2022-05-09,243,1353.1,1308.1,09:00:00,14:45:00,True,True,True,111,2022-05-06,1362.0,-0.006555951439859219,False,0.006555951439859219
2022-05-10,243,1299.1,1335.0,09:00:00,14:45:00,True,True,True,111,2022-05-09,1308.1,-0.006903985692494231,False,0.006903985692494231
2022-05-11,243,1335.0,1337.0,09:00:00,14:45:00,True,True,True,111,2022-05-10,1335.0,0.0,False,0.0
2022-05-12,243,1333.8,1270.0,09:00:00,14:45:00,True,True,True,111,2022-05-11,1337.0,-0.00239628690373732,False,0.00239628690373732
2022-05-13,243,1272.0,1225.0,09:00:00,14:45:00,True,True,True,111,2022-05-12,1270.0,0.0015735644474305383,False,0.0015735644474305383
2022-05-16,243,1238.6,1212.0,09:00:00,14:45:00,True,True,True,111,2022-05-13,1225.0,0.011040865525133147,False,0.011040865525133147
2022-05-17,243,1220.0,1280.9,09:00:00,14:45:00,True,True,True,111,2022-05-16,1212.0,0.0065789710980425605,False,0.0065789710980425605
2022-05-18,243,1280.3,1281.0,09:00:00,14:45:00,True,True,True,111,2022-05-17,1280.9,-0.00046853038495715604,False,0.00046853038495715604
2022-05-19,243,1254.3,1283.0,09:00:00,14:45:00,True,True,True,111,2022-05-18,1281.0,-0.021063374866105315,False,0.021063374866105315
2022-05-20,243,1283.5,1276.8,09:00:00,14:45:00,True,True,True,111,2022-05-19,1283.0,0.0003896356955587663,True,0.0003896356955587663
2022-05-23,243,1289.0,1253.1,09:00:00,14:45:00,True,True,True,111,2022-05-20,1276.8,0.009509776243643023,False,0.009509776243643023
2022-05-24,243,1253.0,1267.0,09:00:00,14:45:00,True,True,True,111,2022-05-23,1253.1,-7.980527517096932e-05,False,7.980527517096932e-05
2022-05-25,243,1274.8,1299.3,09:00:00,14:45:00,True,True,True,111,2022-05-24,1267.0,0.0061374022220421496,False,0.0061374022220421496
2022-05-26,243,1302.1,1300.9,09:00:00,14:45:00,True,True,True,111,2022-05-25,1299.3,0.002152687845992008,False,0.002152687845992008
2022-05-27,243,1306.0,1322.5,09:00:00,14:45:00,True,True,True,111,2022-05-26,1300.9,0.003912698228863032,False,0.003912698228863032
2022-05-30,243,1329.7,1325.6,09:00:00,14:45:00,True,True,True,111,2022-05-27,1322.5,0.005429468130205762,False,0.005429468130205762
2022-05-31,243,1326.7,1320.5,09:00:00,14:45:00,True,True,True,111,2022-05-30,1325.6,0.0008294688105179491,False,0.0008294688105179491
2022-06-01,243,1319.0,1326.0,09:00:00,14:45:00,True,True,True,111,2022-05-31,1320.5,-0.0011365790198723255,False,0.0011365790198723255
2022-06-02,243,1318.0,1315.0,09:00:00,14:45:00,True,True,True,111,2022-06-01,1326.0,-0.006051455683355267,False,0.006051455683355267
2022-06-03,243,1318.0,1318.5,09:00:00,14:45:00,True,True,True,111,2022-06-02,1315.0,0.0022787704505876447,False,0.0022787704505876447
2022-06-06,243,1320.7,1315.0,09:00:00,14:45:00,True,True,True,111,2022-06-03,1318.5,0.0016671722564172789,False,0.0016671722564172789
2022-06-07,243,1315.0,1315.0,09:00:00,14:45:00,True,True,True,111,2022-06-06,1315.0,0.0,False,0.0
2022-06-08,243,1321.0,1333.0,09:00:00,14:45:00,True,True,True,111,2022-06-07,1315.0,0.004552359910460476,False,0.004552359910460476
2022-06-09,243,1332.4,1335.3,09:00:00,14:45:00,True,True,True,111,2022-06-08,1333.0,-0.00045021385918403396,False,0.00045021385918403396
2022-06-10,243,1328.3,1311.1,09:00:00,14:45:00,True,True,True,111,2022-06-09,1335.3,-0.00525605655146065,False,0.00525605655146065
2022-06-13,243,1284.9,1260.2,09:00:00,14:45:00,True,True,True,111,2022-06-10,1311.1,-0.020185585215921044,False,0.020185585215921044
2022-06-14,243,1254.6,1268.3,09:00:00,14:45:00,True,True,True,111,2022-06-13,1260.2,-0.004453641845312356,False,0.004453641845312356
2022-06-15,243,1268.2,1251.3,09:00:00,14:45:00,True,True,True,111,2022-06-14,1268.3,-7.884880745261816e-05,False,7.884880745261816e-05
2022-06-16,243,1261.0,1286.0,09:00:00,14:45:00,True,True,True,111,2022-06-15,1251.3,0.0077220460939103185,False,0.0077220460939103185
2022-06-17,243,1247.0,1245.2,09:00:00,14:45:00,True,True,True,111,2022-06-16,1286.0,-0.03079595911752829,True,0.03079595911752829
2022-06-20,243,1244.8,1212.0,09:00:00,14:45:00,True,True,True,111,2022-06-17,1245.2,-0.0003212851433259701,False,0.0003212851433259701
2022-06-21,243,1216.8,1228.0,09:00:00,14:45:00,True,True,True,111,2022-06-20,1212.0,0.003952574315823342,False,0.003952574315823342
2022-06-22,243,1233.8,1216.0,09:00:00,14:45:00,True,True,True,111,2022-06-21,1228.0,0.00471200806845043,False,0.00471200806845043
2022-06-23,243,1222.0,1227.8,09:00:00,14:45:00,True,True,True,111,2022-06-22,1216.0,0.004922077205428235,False,0.004922077205428235
2022-06-24,243,1236.0,1227.0,09:00:00,14:45:00,True,True,True,111,2022-06-23,1227.8,0.006656409024240163,False,0.006656409024240163
2022-06-27,243,1236.0,1247.9,09:00:00,14:45:00,True,True,True,111,2022-06-24,1227.0,0.007308193306724622,False,0.007308193306724622
2022-06-28,243,1246.1,1261.0,09:00:00,14:45:00,True,True,True,111,2022-06-27,1247.9,-0.0014434645649868743,False,0.0014434645649868743
2022-06-29,243,1255.0,1260.5,09:00:00,14:45:00,True,True,True,111,2022-06-28,1261.0,-0.0047694843990352806,False,0.0047694843990352806
2022-06-30,243,1261.9,1240.1,09:00:00,14:45:00,True,True,True,111,2022-06-29,1260.5,0.0011100540308904086,False,0.0011100540308904086
2022-07-01,243,1241.0,1242.0,09:00:00,14:45:00,True,True,True,111,2022-06-30,1240.1,0.0007254846958807186,False,0.0007254846958807186
2022-07-04,243,1247.0,1242.0,09:00:00,14:45:00,True,True,True,111,2022-07-01,1242.0,0.004017683186612394,False,0.004017683186612394
2022-07-05,243,1248.3,1234.9,09:00:00,14:45:00,True,True,True,111,2022-07-04,1242.0,0.005059642163581147,False,0.005059642163581147
2022-07-06,243,1234.4,1218.0,09:00:00,14:45:00,True,True,True,111,2022-07-05,1234.9,-0.00040497307482561693,False,0.00040497307482561693
2022-07-07,243,1215.3,1225.0,09:00:00,14:45:00,True,True,True,111,2022-07-06,1218.0,-0.00221920939308786,False,0.00221920939308786
2022-07-08,243,1230.5,1225.0,09:00:00,14:45:00,True,True,True,111,2022-07-07,1225.0,0.004479746852283249,False,0.004479746852283249
2022-07-11,243,1221.0,1200.7,09:00:00,14:45:00,True,True,True,111,2022-07-08,1225.0,-0.003270648868122719,False,0.003270648868122719
2022-07-12,243,1202.0,1213.5,09:00:00,14:45:00,True,True,True,111,2022-07-11,1200.7,0.0010821160584806302,False,0.0010821160584806302
2022-07-13,243,1215.0,1210.0,09:00:00,14:45:00,True,True,True,111,2022-07-12,1213.5,0.0012353306079928082,False,0.0012353306079928082
2022-07-14,243,1206.8,1215.7,09:00:00,14:45:00,True,True,True,111,2022-07-13,1210.0,-0.002648131305880731,False,0.002648131305880731
2022-07-15,243,1218.5,1210.1,09:00:00,14:45:00,True,True,True,111,2022-07-14,1215.7,0.0023005515035126396,False,0.0023005515035126396
2022-07-18,243,1218.2,1215.4,09:00:00,14:45:00,True,True,True,111,2022-07-15,1210.1,0.006671358598377447,False,0.006671358598377447
2022-07-19,243,1213.9,1213.0,09:00:00,14:45:00,True,True,True,111,2022-07-18,1215.4,-0.0012349237974969049,False,0.0012349237974969049
2022-07-20,243,1223.3,1226.1,09:00:00,14:45:00,True,True,True,111,2022-07-19,1213.0,0.008455495108820535,False,0.008455495108820535
2022-07-21,243,1225.3,1234.1,09:00:00,14:45:00,True,True,True,111,2022-07-20,1226.1,-0.0006526882829404331,False,0.0006526882829404331
2022-07-22,243,1230.5,1225.6,09:00:00,14:45:00,True,True,True,111,2022-07-21,1234.1,-0.002921368628027275,True,0.002921368628027275
2022-07-25,243,1221.9,1221.9,09:00:00,14:45:00,True,True,True,111,2022-07-22,1225.6,-0.003023495663850062,False,0.003023495663850062
2022-07-26,243,1222.1,1218.9,09:00:00,14:45:00,True,True,True,111,2022-07-25,1221.9,0.00016366612147807519,False,0.00016366612147807519
2022-07-27,243,1216.0,1223.0,09:00:00,14:45:00,True,True,True,111,2022-07-26,1218.9,-0.0023820291356784935,False,0.0023820291356784935
2022-07-28,243,1228.8,1231.6,09:00:00,14:45:00,True,True,True,111,2022-07-27,1223.0,0.004731226706235223,False,0.004731226706235223
2022-07-29,243,1236.6,1230.7,09:00:00,14:45:00,True,True,True,111,2022-07-28,1231.6,0.00405154107412309,False,0.00405154107412309
2022-08-01,243,1232.1,1244.4,09:00:00,14:45:00,True,True,True,111,2022-07-29,1230.7,0.0011369174523315551,False,0.0011369174523315551
2022-08-02,243,1244.7,1245.9,09:00:00,14:45:00,True,True,True,111,2022-08-01,1244.4,0.0002410509834499634,False,0.0002410509834499634
2022-08-03,243,1245.4,1250.0,09:00:00,14:45:00,True,True,True,111,2022-08-02,1245.9,-0.00040139686646597323,False,0.00040139686646597323
2022-08-04,243,1255.9,1257.5,09:00:00,14:45:00,True,True,True,111,2022-08-03,1250.0,0.0047088957277343114,False,0.0047088957277343114
2022-08-05,243,1259.0,1264.5,09:00:00,14:45:00,True,True,True,111,2022-08-04,1257.5,0.0011921320704529766,False,0.0011921320704529766
2022-08-08,243,1263.0,1266.0,09:00:00,14:45:00,True,True,True,111,2022-08-05,1264.5,-0.0011869437595287257,False,0.0011869437595287257
2022-08-09,243,1264.5,1272.7,09:00:00,14:45:00,True,True,True,111,2022-08-08,1266.0,-0.001185536594101698,False,0.001185536594101698
2022-08-10,243,1270.9,1270.6,09:00:00,14:45:00,True,True,True,111,2022-08-09,1272.7,-0.0014153171099766779,False,0.0014153171099766779
2022-08-11,242,1282.7,1268.0,09:01:00,14:45:00,True,True,True,111,2022-08-10,1270.6,0.009478001473372372,False,0.009478001473372372
2022-08-12,243,1267.6,1280.1,09:00:00,14:45:00,True,True,True,111,2022-08-11,1268.0,-0.00031550718040557267,False,0.00031550718040557267
2022-08-15,243,1285.2,1293.0,09:00:00,14:45:00,True,True,True,111,2022-08-12,1280.1,0.003976148379639417,False,0.003976148379639417
2022-08-16,243,1296.5,1296.9,09:00:00,14:45:00,True,True,True,111,2022-08-15,1293.0,0.0027032262068615847,False,0.0027032262068615847
2022-08-17,243,1299.5,1309.0,09:00:00,14:45:00,True,True,True,111,2022-08-16,1296.9,0.002002773739849171,False,0.002002773739849171
2022-08-18,243,1307.0,1304.8,09:00:00,14:45:00,True,True,True,111,2022-08-17,1309.0,-0.0015290522856779563,False,0.0015290522856779563
2022-08-19,243,1292.1,1281.0,09:00:00,14:45:00,True,True,True,111,2022-08-18,1304.8,-0.00978097057862961,True,0.00978097057862961
2022-08-22,243,1275.1,1271.0,09:00:00,14:45:00,True,True,True,111,2022-08-19,1281.0,-0.004616416007238018,False,0.004616416007238018
2022-08-23,243,1265.7,1283.1,09:00:00,14:45:00,True,True,True,111,2022-08-22,1271.0,-0.004178663391051353,False,0.004178663391051353
2022-08-24,243,1282.0,1285.2,09:00:00,14:45:00,True,True,True,111,2022-08-23,1283.1,-0.0008576664203572642,False,0.0008576664203572642
2022-08-25,243,1287.1,1303.0,09:00:00,14:45:00,True,True,True,111,2022-08-24,1285.2,0.001477277413628587,False,0.001477277413628587
2022-08-26,243,1305.5,1293.0,09:00:00,14:45:00,True,True,True,111,2022-08-25,1303.0,0.0019168110143384838,False,0.0019168110143384838
2022-08-29,243,1270.5,1286.0,09:00:00,14:45:00,True,True,True,111,2022-08-26,1293.0,-0.017554576011638724,False,0.017554576011638724
2022-08-30,243,1288.7,1287.0,09:00:00,14:45:00,True,True,True,111,2022-08-29,1286.0,0.002097332496780751,False,0.002097332496780751
2022-08-31,243,1282.0,1293.9,09:00:00,14:45:00,True,True,True,111,2022-08-30,1287.0,-0.0038925701155113302,False,0.0038925701155113302
2022-09-05,243,1294.0,1286.0,09:00:00,14:45:00,True,True,True,111,2022-08-31,1293.9,7.728273893859205e-05,False,7.728273893859205e-05
2022-09-06,243,1287.8,1290.0,09:00:00,14:45:00,True,True,True,111,2022-09-05,1286.0,0.0013987103065183372,False,0.0013987103065183372
2022-09-07,243,1283.0,1265.0,09:00:00,14:45:00,True,True,True,111,2022-09-06,1290.0,-0.005441132740081336,False,0.005441132740081336
2022-09-08,243,1269.5,1264.1,09:00:00,14:45:00,True,True,True,111,2022-09-07,1265.0,0.003550999983112496,False,0.003550999983112496
2022-09-09,243,1269.0,1275.0,09:00:00,14:45:00,True,True,True,111,2022-09-08,1264.1,0.0038687822128758366,False,0.0038687822128758366
2022-09-12,243,1281.0,1276.8,09:00:00,14:45:00,True,True,True,111,2022-09-09,1275.0,0.0046948443042076635,False,0.0046948443042076635
2022-09-13,243,1278.3,1272.0,09:00:00,14:45:00,True,True,True,111,2022-09-12,1276.8,0.0011741224784317227,False,0.0011741224784317227
2022-09-14,243,1252.0,1259.0,09:00:00,14:45:00,True,True,True,111,2022-09-13,1272.0,-0.015848192240023616,False,0.015848192240023616
2022-09-15,243,1261.0,1262.2,09:00:00,14:45:00,True,True,True,111,2022-09-14,1259.0,0.00158730192057241,False,0.00158730192057241
2022-09-16,243,1254.1,1237.0,09:00:00,14:45:00,True,True,True,111,2022-09-15,1262.2,-0.0064380463201351495,True,0.0064380463201351495
2022-09-19,243,1238.9,1223.5,09:00:00,14:45:00,True,True,True,111,2022-09-16,1237.0,0.0015347957292054409,False,0.0015347957292054409
2022-09-20,243,1228.0,1232.7,09:00:00,14:45:00,True,True,True,111,2022-09-19,1223.5,0.0036712258243613493,False,0.0036712258243613493
2022-09-21,243,1228.0,1219.6,09:00:00,14:45:00,True,True,True,111,2022-09-20,1232.7,-0.003820055850386023,False,0.003820055850386023
2022-09-22,243,1208.0,1225.0,09:00:00,14:45:00,True,True,True,111,2022-09-21,1219.6,-0.009556836619339369,False,0.009556836619339369
2022-09-23,243,1221.9,1210.0,09:00:00,14:45:00,True,True,True,111,2022-09-22,1225.0,-0.002533819656350736,False,0.002533819656350736
2022-09-26,243,1198.5,1192.0,09:00:00,14:45:00,True,True,True,111,2022-09-23,1210.0,-0.00954958471634777,False,0.00954958471634777
2022-09-27,243,1190.6,1185.0,09:00:00,14:45:00,True,True,True,111,2022-09-26,1192.0,-0.0011751869060054013,False,0.0011751869060054013
2022-09-28,243,1173.7,1165.0,09:00:00,14:45:00,True,True,True,111,2022-09-27,1185.0,-0.009581622463153288,False,0.009581622463153288
2022-09-29,243,1176.0,1148.0,09:00:00,14:45:00,True,True,True,111,2022-09-28,1165.0,0.009397762458771303,False,0.009397762458771303
2022-09-30,243,1143.3,1150.0,09:00:00,14:45:00,True,True,True,111,2022-09-29,1148.0,-0.0041024803315875885,False,0.0041024803315875885
2022-10-03,243,1145.5,1102.6,09:00:00,14:45:00,True,True,True,111,2022-09-30,1150.0,-0.003920719463745492,False,0.003920719463745492
2022-10-04,243,1113.5,1102.0,09:00:00,14:45:00,True,True,True,111,2022-10-03,1102.6,0.00983718054183927,False,0.00983718054183927
2022-10-05,243,1113.3,1115.2,09:00:00,14:45:00,True,True,True,111,2022-10-04,1102.0,0.010201867021801762,False,0.010201867021801762
2022-10-06,243,1118.2,1080.0,09:00:00,14:45:00,True,True,True,111,2022-10-05,1115.2,0.0026864885862854923,False,0.0026864885862854923
2022-10-07,243,1065.1,1032.2,09:00:00,14:45:00,True,True,True,111,2022-10-06,1080.0,-0.013892349669145473,False,0.013892349669145473
2022-10-10,243,1010.9,1032.5,09:00:00,14:45:00,True,True,True,111,2022-10-07,1032.2,-0.020851423554614983,False,0.020851423554614983
2022-10-11,243,1024.5,989.0,09:00:00,14:45:00,True,True,True,111,2022-10-10,1032.5,-0.007778357156233412,False,0.007778357156233412
2022-10-12,243,996.8,1025.1,09:00:00,14:45:00,True,True,True,111,2022-10-11,989.0,0.00785581641047643,False,0.00785581641047643
2022-10-13,243,1027.8,1039.6,09:00:00,14:45:00,True,True,True,111,2022-10-12,1025.1,0.00263042676877342,False,0.00263042676877342
2022-10-14,243,1061.9,1048.0,09:00:00,14:45:00,True,True,True,111,2022-10-13,1039.6,0.02122373264246495,False,0.02122373264246495
2022-10-17,243,1036.0,1050.0,09:00:00,14:45:00,True,True,True,111,2022-10-14,1048.0,-0.011516442061559067,False,0.011516442061559067
2022-10-18,243,1055.3,1057.9,09:00:00,14:45:00,True,True,True,111,2022-10-17,1050.0,0.005034922525475377,False,0.005034922525475377
2022-10-19,243,1058.9,1053.0,09:00:00,14:45:00,True,True,True,111,2022-10-18,1057.9,0.0009448224436799455,False,0.0009448224436799455
2022-10-20,243,1045.6,1058.0,09:00:00,14:45:00,True,True,True,111,2022-10-19,1053.0,-0.007052349823963446,False,0.007052349823963446
2022-10-21,243,1038.0,985.0,09:00:00,14:45:00,True,True,True,111,2022-10-20,1058.0,-0.0190845486924107,True,0.0190845486924107
2022-10-24,243,995.0,942.0,09:00:00,14:45:00,True,True,True,111,2022-10-21,985.0,0.01010109598650392,False,0.01010109598650392
2022-10-25,243,940.0,961.0,09:00:00,14:45:00,True,True,True,111,2022-10-24,942.0,-0.0021253993123134776,False,0.0021253993123134776
2022-10-26,243,969.0,967.5,09:00:00,14:45:00,True,True,True,111,2022-10-25,961.0,0.00829020292047366,False,0.00829020292047366
2022-10-27,243,975.5,1025.0,09:00:00,14:45:00,True,True,True,111,2022-10-26,967.5,0.008234735159229104,False,0.008234735159229104
2022-10-28,243,1027.3,1016.0,09:00:00,14:45:00,True,True,True,111,2022-10-27,1025.0,0.002241388649709443,False,0.002241388649709443
2022-10-31,243,1023.8,1024.0,09:00:00,14:45:00,True,True,True,111,2022-10-28,1016.0,0.007647845885055573,False,0.007647845885055573
2022-11-01,243,1030.5,1018.0,09:00:00,14:45:00,True,True,True,111,2022-10-31,1024.0,0.006327594731060628,False,0.006327594731060628
2022-11-02,243,1015.0,1021.0,09:00:00,14:45:00,True,True,True,111,2022-11-01,1018.0,-0.0029513056345803093,False,0.0029513056345803093
2022-11-03,243,1011.0,1001.1,09:00:00,14:45:00,True,True,True,111,2022-11-02,1021.0,-0.009842599144194135,False,0.009842599144194135
2022-11-04,243,995.2,980.0,09:00:00,14:45:00,True,True,True,111,2022-11-03,1001.1,-0.0059109524405230015,False,0.0059109524405230015
2022-11-07,243,981.0,950.0,09:00:00,14:45:00,True,True,True,111,2022-11-04,980.0,0.0010198879007453808,False,0.0010198879007453808
2022-11-08,243,945.6,972.1,09:00:00,14:45:00,True,True,True,111,2022-11-07,950.0,-0.004642337942752777,False,0.004642337942752777
2022-11-09,243,978.2,959.0,09:00:00,14:45:00,True,True,True,111,2022-11-08,972.1,0.006255468278233522,False,0.006255468278233522
2022-11-10,243,951.0,912.8,09:00:00,14:45:00,True,True,True,111,2022-11-09,959.0,-0.008377012338047905,False,0.008377012338047905
2022-11-11,243,932.7,938.0,09:00:00,14:45:00,True,True,True,111,2022-11-10,912.8,0.021566807184952005,False,0.021566807184952005
2022-11-14,243,934.1,932.0,09:00:00,14:45:00,True,True,True,111,2022-11-11,938.0,-0.004166450127421592,False,0.004166450127421592
2022-11-15,243,926.1,895.0,09:00:00,14:45:00,True,True,True,111,2022-11-14,932.0,-0.00635059450936789,False,0.00635059450936789
2022-11-16,243,877.0,957.6,09:00:00,14:45:00,True,True,True,111,2022-11-15,895.0,-0.02031672590267231,False,0.02031672590267231
2022-11-17,243,953.8,972.5,09:00:00,14:45:00,True,True,True,111,2022-11-16,957.6,-0.003976148379639517,False,0.003976148379639517
2022-11-18,243,960.1,963.0,09:00:00,14:45:00,True,True,True,111,2022-11-17,972.5,-0.012832629789023182,True,0.012832629789023182
2022-11-21,243,969.3,938.2,09:00:00,14:45:00,True,True,True,111,2022-11-18,963.0,0.006520749700436565,False,0.006520749700436565
2022-11-22,243,933.0,926.0,09:00:00,14:45:00,True,True,True,111,2022-11-21,938.2,-0.005557945047013854,False,0.005557945047013854
2022-11-23,243,932.9,924.1,09:00:00,14:45:00,True,True,True,111,2022-11-22,926.0,0.007423779320735932,False,0.007423779320735932
2022-11-24,243,921.0,938.9,09:00:00,14:45:00,True,True,True,111,2022-11-23,924.1,-0.0033602546386879636,False,0.0033602546386879636
2022-11-25,243,946.0,969.0,09:00:00,14:45:00,True,True,True,111,2022-11-24,938.9,0.007533591787376621,False,0.007533591787376621
2022-11-28,239,975.0,993.7,09:00:00,14:45:00,True,True,True,111,2022-11-25,969.0,0.006172859107081016,False,0.006172859107081016
2022-11-29,243,992.3,1015.5,09:00:00,14:45:00,True,True,True,111,2022-11-28,993.7,-0.0014098693171219689,False,0.0014098693171219689
2022-11-30,243,1019.8,1027.9,09:00:00,14:45:00,True,True,True,111,2022-11-29,1015.5,0.004225427600615854,False,0.004225427600615854
2022-12-01,243,1041.0,1029.0,09:00:00,14:45:00,True,True,True,111,2022-11-30,1027.9,0.012663903596092515,False,0.012663903596092515
2022-12-02,243,1029.0,1101.0,09:00:00,14:45:00,True,True,True,111,2022-12-01,1029.0,0.0,False,0.0
2022-12-05,243,1108.4,1104.0,09:00:00,14:45:00,True,True,True,111,2022-12-02,1101.0,0.0066986762661433745,False,0.0066986762661433745
2022-12-06,243,1103.0,1046.0,09:00:00,14:45:00,True,True,True,111,2022-12-05,1104.0,-0.0009062075835380977,False,0.0009062075835380977
2022-12-07,243,1040.0,1053.3,09:00:00,14:45:00,True,True,True,111,2022-12-06,1046.0,-0.005752652489449811,False,0.005752652489449811
2022-12-08,243,1052.3,1055.0,09:00:00,14:45:00,True,True,True,111,2022-12-07,1053.3,-0.0009498480957296991,False,0.0009498480957296991
2022-12-09,243,1059.0,1070.0,09:00:00,14:45:00,True,True,True,111,2022-12-08,1055.0,0.0037842996912396273,False,0.0037842996912396273
2022-12-12,243,1069.0,1035.2,09:00:00,14:45:00,True,True,True,111,2022-12-09,1070.0,-0.000935016430906643,False,0.000935016430906643
2022-12-13,243,1039.0,1058.0,09:00:00,14:45:00,True,True,True,111,2022-12-12,1035.2,0.0036640673525911278,False,0.0036640673525911278
2022-12-14,243,1068.0,1059.6,09:00:00,14:45:00,True,True,True,111,2022-12-13,1058.0,0.009407407101895547,False,0.009407407101895547
2022-12-15,243,1059.4,1065.1,09:00:00,14:45:00,True,True,True,111,2022-12-14,1059.6,-0.00018876828748820899,False,0.00018876828748820899
2022-12-16,243,1059.1,1060.0,09:00:00,14:45:00,True,True,True,111,2022-12-15,1065.1,-0.005649200599496449,True,0.005649200599496449
2022-12-19,243,1056.0,1045.0,09:00:00,14:45:00,True,True,True,111,2022-12-16,1060.0,-0.0037807228399060443,False,0.0037807228399060443
2022-12-20,243,1041.5,1027.0,09:00:00,14:45:00,True,True,True,111,2022-12-19,1045.0,-0.003354903697884745,False,0.003354903697884745
2022-12-21,243,1030.0,1037.0,09:00:00,14:45:00,True,True,True,111,2022-12-20,1027.0,0.002916871295123189,False,0.002916871295123189
2022-12-22,243,1043.5,1037.7,09:00:00,14:45:00,True,True,True,111,2022-12-21,1037.0,0.00624851828772815,False,0.00624851828772815
2022-12-23,243,1031.1,1034.8,09:00:00,14:45:00,True,True,True,111,2022-12-22,1037.7,-0.006380532087334927,False,0.006380532087334927
2022-12-26,243,1030.3,986.4,09:00:00,14:45:00,True,True,True,111,2022-12-23,1034.8,-0.004358149360851716,False,0.004358149360851716
2022-12-27,243,989.8,1001.0,09:00:00,14:45:00,True,True,True,111,2022-12-26,986.4,0.0034409506676510754,False,0.0034409506676510754
2022-12-28,243,998.1,1008.0,09:00:00,14:45:00,True,True,True,111,2022-12-27,1001.0,-0.002901307622679831,False,0.002901307622679831
2022-12-29,243,1002.5,993.0,09:00:00,14:45:00,True,True,True,111,2022-12-28,1008.0,-0.005471289450589655,False,0.005471289450589655
2022-12-30,243,997.0,1004.5,09:00:00,14:45:00,True,True,True,111,2022-12-29,993.0,0.004020105916665631,False,0.004020105916665631
2023-01-03,243,999.9,1045.5,09:00:00,14:45:00,True,True,True,111,2022-12-30,1004.5,-0.004589910273185488,False,0.004589910273185488
2023-01-04,243,1046.5,1042.7,09:00:00,14:45:00,True,True,True,111,2023-01-03,1045.5,0.0009560230173661747,False,0.0009560230173661747
2023-01-05,243,1044.2,1053.8,09:00:00,14:45:00,True,True,True,111,2023-01-04,1042.7,0.001437539180904577,False,0.001437539180904577
2023-01-06,243,1053.2,1051.0,09:00:00,14:45:00,True,True,True,111,2023-01-05,1053.8,-0.0005695301530309418,False,0.0005695301530309418
2023-01-09,243,1059.0,1053.6,09:00:00,14:45:00,True,True,True,111,2023-01-06,1051.0,0.0075829747244553205,False,0.0075829747244553205
2023-01-10,243,1051.1,1056.6,09:00:00,14:45:00,True,True,True,111,2023-01-09,1053.6,-0.0023756365997626098,False,0.0023756365997626098
2023-01-11,243,1061.7,1062.7,09:00:00,14:45:00,True,True,True,111,2023-01-10,1056.6,0.00481519128931199,False,0.00481519128931199
2023-01-12,243,1067.0,1065.2,09:00:00,14:45:00,True,True,True,111,2023-01-11,1062.7,0.0040381329231037755,False,0.0040381329231037755
2023-01-13,243,1070.9,1069.1,09:00:00,14:45:00,True,True,True,111,2023-01-12,1065.2,0.0053368414670523015,False,0.0053368414670523015
2023-01-16,243,1070.7,1075.2,09:00:00,14:45:00,True,True,True,111,2023-01-13,1069.1,0.0014954671447703688,False,0.0014954671447703688
2023-01-17,243,1081.0,1107.0,09:00:00,14:45:00,True,True,True,111,2023-01-16,1075.2,0.005379847870323065,False,0.005379847870323065
2023-01-18,243,1105.0,1117.3,09:00:00,14:45:00,True,True,True,111,2023-01-17,1107.0,-0.00180831875678366,False,0.00180831875678366
2023-01-19,243,1114.0,1121.0,09:00:00,14:45:00,True,True,True,111,2023-01-18,1117.3,-0.0029579190660628243,False,0.0029579190660628243
2023-01-27,243,1138.9,1127.0,09:00:00,14:45:00,True,True,True,111,2023-01-19,1121.0,0.015841740208145542,True,0.015841740208145542
2023-01-30,243,1125.5,1109.8,09:00:00,14:45:00,True,True,True,111,2023-01-27,1127.0,-0.0013318536929893309,False,0.0013318536929893309
2023-01-31,243,1108.5,1125.0,09:00:00,14:45:00,True,True,True,111,2023-01-30,1109.8,-0.0011720688354346178,False,0.0011720688354346178
2023-02-01,243,1129.8,1088.5,09:00:00,14:45:00,True,True,True,111,2023-01-31,1125.0,0.004257590252641196,False,0.004257590252641196
2023-02-02,243,1090.0,1088.0,09:00:00,14:45:00,True,True,True,111,2023-02-01,1088.5,0.0013770945485872725,False,0.0013770945485872725
2023-02-03,243,1093.4,1081.9,09:00:00,14:45:00,True,True,True,111,2023-02-02,1088.0,0.004950959045011107,False,0.004950959045011107
2023-02-06,243,1078.0,1090.6,09:00:00,14:45:00,True,True,True,111,2023-02-03,1081.9,-0.00361128222458529,False,0.00361128222458529
2023-02-07,243,1091.1,1067.3,09:00:00,14:45:00,True,True,True,111,2023-02-06,1090.6,0.00045835816909175635,False,0.00045835816909175635
2023-02-08,243,1069.3,1072.0,09:00:00,14:45:00,True,True,True,111,2023-02-07,1067.3,0.0018721338426915914,False,0.0018721338426915914
2023-02-09,243,1068.6,1057.0,09:00:00,14:45:00,True,True,True,111,2023-02-08,1072.0,-0.0031766821070764524,False,0.0031766821070764524
2023-02-10,243,1056.5,1045.0,09:00:00,14:45:00,True,True,True,111,2023-02-09,1057.0,-0.0004731488141262305,False,0.0004731488141262305
2023-02-13,243,1042.9,1038.6,09:00:00,14:45:00,True,True,True,111,2023-02-10,1045.0,-0.002011591271744117,False,0.002011591271744117
2023-02-14,243,1040.8,1030.9,09:00:00,14:45:00,True,True,True,111,2023-02-13,1038.6,0.002115995788076907,False,0.002115995788076907
2023-02-15,243,1030.9,1037.0,09:00:00,14:45:00,True,True,True,111,2023-02-14,1030.9,0.0,False,0.0
2023-02-16,243,1041.0,1052.3,09:00:00,14:45:00,True,True,True,111,2023-02-15,1037.0,0.003849860385441494,False,0.003849860385441494
2023-02-17,243,1051.0,1049.0,09:00:00,14:45:00,True,True,True,111,2023-02-16,1052.3,-0.0012361528698153629,True,0.0012361528698153629
2023-02-20,243,1050.0,1088.0,09:00:00,14:45:00,True,True,True,111,2023-02-17,1049.0,0.0009528347552718458,False,0.0009528347552718458
2023-02-21,243,1089.6,1076.1,09:00:00,14:45:00,True,True,True,111,2023-02-20,1088.0,0.001469507979359978,False,0.001469507979359978
2023-02-22,243,1064.8,1043.8,09:00:00,14:45:00,True,True,True,111,2023-02-21,1076.1,-0.010556406125444688,False,0.010556406125444688
2023-02-23,243,1045.5,1048.0,09:00:00,14:45:00,True,True,True,111,2023-02-22,1043.8,0.0016273396593754076,False,0.0016273396593754076
2023-02-24,243,1045.0,1020.0,09:00:00,14:45:00,True,True,True,111,2023-02-23,1048.0,-0.0028667004820761123,False,0.0028667004820761123
2023-02-27,243,1017.4,1011.0,09:00:00,14:45:00,True,True,True,111,2023-02-24,1020.0,-0.0025522738896521335,False,0.0025522738896521335
2023-02-28,243,1014.5,1008.0,09:00:00,14:45:00,True,True,True,111,2023-02-27,1011.0,0.0034559402453981183,False,0.0034559402453981183
2023-03-01,243,1003.6,1032.0,09:00:00,14:45:00,True,True,True,111,2023-02-28,1008.0,-0.004374634139046687,False,0.004374634139046687
2023-03-02,243,1031.2,1024.0,09:00:00,14:45:00,True,True,True,111,2023-03-01,1032.0,-0.0007754944165303904,False,0.0007754944165303904
2023-03-03,243,1028.0,1005.2,09:00:00,14:45:00,True,True,True,111,2023-03-02,1024.0,0.003898640415657323,False,0.003898640415657323
2023-03-06,243,1013.1,1010.0,09:00:00,14:45:00,True,True,True,111,2023-03-03,1005.2,0.007828410390194664,False,0.007828410390194664
2023-03-07,243,1020.0,1027.9,09:00:00,14:45:00,True,True,True,111,2023-03-06,1010.0,0.00985229644301164,False,0.00985229644301164
2023-03-08,243,1017.0,1038.0,09:00:00,14:45:00,True,True,True,111,2023-03-07,1027.9,-0.010660768970316451,False,0.010660768970316451
2023-03-09,243,1042.7,1050.7,09:00:00,14:45:00,True,True,True,111,2023-03-08,1038.0,0.004517718069713523,False,0.004517718069713523
2023-03-10,243,1042.0,1049.8,09:00:00,14:45:00,True,True,True,111,2023-03-09,1050.7,-0.008314665381417367,False,0.008314665381417367
2023-03-13,243,1043.8,1048.0,09:00:00,14:45:00,True,True,True,111,2023-03-10,1049.8,-0.005731769608886564,False,0.005731769608886564
2023-03-14,243,1043.8,1037.9,09:00:00,14:45:00,True,True,True,111,2023-03-13,1048.0,-0.004015685671674684,False,0.004015685671674684
2023-03-15,243,1051.4,1063.0,09:00:00,14:45:00,True,True,True,111,2023-03-14,1037.9,0.012923168414104354,False,0.012923168414104354
2023-03-16,243,1057.5,1043.0,09:00:00,14:45:00,True,True,True,111,2023-03-15,1063.0,-0.005187467421514876,False,0.005187467421514876
2023-03-17,243,1056.2,1045.1,09:00:00,14:45:00,True,True,True,111,2023-03-16,1043.0,0.012576385272060396,True,0.012576385272060396
2023-03-20,243,1040.0,1022.4,09:00:00,14:45:00,True,True,True,111,2023-03-17,1045.1,-0.0048918614650395415,False,0.0048918614650395415
2023-03-21,243,1027.9,1030.5,09:00:00,14:45:00,True,True,True,111,2023-03-20,1022.4,0.005365081395606114,False,0.005365081395606114
2023-03-22,243,1038.1,1034.5,09:00:00,14:45:00,True,True,True,111,2023-03-21,1030.5,0.0073479978686858596,False,0.0073479978686858596
2023-03-23,243,1027.3,1038.9,09:00:00,14:45:00,True,True,True,111,2023-03-22,1034.5,-0.006984216963379797,False,0.006984216963379797
2023-03-24,243,1041.9,1043.1,09:00:00,14:45:00,True,True,True,111,2023-03-23,1038.9,0.0028835083416520364,False,0.0028835083416520364
2023-03-27,243,1045.5,1047.3,09:00:00,14:45:00,True,True,True,111,2023-03-24,1043.1,0.0022981911867629313,False,0.0022981911867629313
2023-03-28,243,1052.6,1051.5,09:00:00,14:45:00,True,True,True,111,2023-03-27,1047.3,0.005047870140578433,False,0.005047870140578433
2023-03-29,243,1049.8,1056.0,09:00:00,14:45:00,True,True,True,111,2023-03-28,1051.5,-0.0016180463245550611,False,0.0016180463245550611
2023-03-30,243,1060.9,1064.5,09:00:00,14:45:00,True,True,True,111,2023-03-29,1056.0,0.004629419199019074,False,0.004629419199019074
2023-03-31,243,1064.6,1066.0,09:00:00,14:45:00,True,True,True,111,2023-03-30,1064.5,9.393640512283068e-05,False,9.393640512283068e-05
2023-04-03,243,1081.3,1083.0,09:00:00,14:45:00,True,True,True,111,2023-03-31,1066.0,0.014250695225701491,False,0.014250695225701491
2023-04-04,243,1085.0,1080.2,09:00:00,14:45:00,True,True,True,111,2023-04-03,1083.0,0.0018450189735692967,False,0.0018450189735692967
2023-04-05,243,1080.5,1084.1,09:00:00,14:45:00,True,True,True,111,2023-04-04,1080.2,0.00027768778814978506,False,0.00027768778814978506
2023-04-06,243,1083.8,1073.0,09:00:00,14:45:00,True,True,True,111,2023-04-05,1084.1,-0.0002767655352321381,False,0.0002767655352321381
2023-04-07,243,1076.0,1075.1,09:00:00,14:45:00,True,True,True,111,2023-04-06,1073.0,0.0027919980910313547,False,0.0027919980910313547
2023-04-10,243,1075.6,1072.8,09:00:00,14:45:00,True,True,True,111,2023-04-07,1075.1,0.00046496490352713267,False,0.00046496490352713267
2023-04-11,243,1069.5,1076.0,09:00:00,14:45:00,True,True,True,111,2023-04-10,1072.8,-0.0030808034450083843,False,0.0030808034450083843
2023-04-12,243,1077.9,1075.0,09:00:00,14:45:00,True,True,True,111,2023-04-11,1076.0,0.0017642420658530984,False,0.0017642420658530984
2023-04-13,243,1074.5,1070.0,09:00:00,14:45:00,True,True,True,111,2023-04-12,1075.0,-0.0004652244791980109,False,0.0004652244791980109
2023-04-14,243,1072.0,1063.1,09:00:00,14:45:00,True,True,True,111,2023-04-13,1070.0,0.0018674141747954624,False,0.0018674141747954624
2023-04-17,243,1063.5,1064.5,09:00:00,14:45:00,True,True,True,111,2023-04-14,1063.1,0.0003761873457325501,False,0.0003761873457325501
2023-04-18,243,1065.4,1063.0,09:00:00,14:45:00,True,True,True,111,2023-04-17,1064.5,0.0008451101493646218,False,0.0008451101493646218
2023-04-19,243,1062.8,1055.0,09:00:00,14:45:00,True,True,True,111,2023-04-18,1063.0,-0.0001881644562895468,False,0.0001881644562895468
2023-04-20,243,1055.0,1053.9,09:00:00,14:45:00,True,True,True,111,2023-04-19,1055.0,0.0,False,0.0
2023-04-21,243,1047.8,1040.0,09:00:00,14:45:00,True,True,True,111,2023-04-20,1053.9,-0.00580484096577182,True,0.00580484096577182
2023-04-24,243,1038.0,1040.9,09:00:00,14:45:00,True,True,True,111,2023-04-21,1040.0,-0.0019249284095843938,False,0.0019249284095843938
2023-04-25,243,1042.6,1030.7,09:00:00,14:45:00,True,True,True,111,2023-04-24,1040.9,0.0016318698125827645,False,0.0016318698125827645
2023-04-26,243,1028.9,1037.5,09:00:00,14:45:00,True,True,True,111,2023-04-25,1030.7,-0.0017479126609824332,False,0.0017479126609824332
2023-04-27,243,1036.4,1035.0,09:00:00,14:45:00,True,True,True,111,2023-04-26,1037.5,-0.0010608034168984094,False,0.0010608034168984094
2023-04-28,243,1038.9,1042.5,09:00:00,14:45:00,True,True,True,111,2023-04-27,1035.0,0.003761034377016617,False,0.003761034377016617
2023-05-04,242,1041.9,1035.0,09:00:00,14:45:00,True,False,True,101,2023-04-28,1042.5,-0.0005757052548183811,False,0.0005757052548183811
2023-05-05,242,1032.4,1033.5,09:00:00,14:45:00,True,False,True,101,2023-05-04,1035.0,-0.002515237855010601,False,0.002515237855010601
2023-05-08,243,1037.5,1041.8,09:00:00,14:45:00,True,True,True,111,2023-05-05,1033.5,0.003862872983030393,False,0.003862872983030393
2023-05-09,243,1041.9,1042.2,09:00:00,14:45:00,True,True,True,111,2023-05-08,1041.8,9.598310704708613e-05,False,9.598310704708613e-05
2023-05-10,242,1042.3,1050.6,09:01:00,14:45:00,True,True,True,111,2023-05-09,1042.2,9.594627016224802e-05,False,9.594627016224802e-05
2023-05-11,243,1051.6,1051.6,09:00:00,14:45:00,True,True,True,111,2023-05-10,1050.6,0.0009513843358648949,False,0.0009513843358648949
2023-05-12,243,1050.2,1064.9,09:00:00,14:45:00,True,True,True,111,2023-05-11,1051.6,-0.001332191651967106,False,0.001332191651967106
2023-05-15,243,1068.0,1066.5,09:00:00,14:45:00,True,True,True,111,2023-05-12,1064.9,0.002906842498801955,False,0.002906842498801955
2023-05-16,243,1065.5,1067.0,09:00:00,14:45:00,True,True,True,111,2023-05-15,1066.5,-0.0009380863727334674,False,0.0009380863727334674
2023-05-17,243,1065.8,1065.0,09:00:00,14:45:00,True,True,True,111,2023-05-16,1067.0,-0.0011252814390714887,False,0.0011252814390714887
2023-05-18,243,1066.8,1074.2,09:00:00,14:45:00,True,True,True,111,2023-05-17,1065.0,0.001688714164333759,False,0.001688714164333759
2023-05-19,243,1064.9,1062.5,09:00:00,14:45:00,True,True,True,111,2023-05-18,1074.2,-0.008695300450020873,True,0.008695300450020873
2023-05-22,243,1063.0,1065.3,09:00:00,14:45:00,True,True,True,111,2023-05-19,1062.5,0.00047047754337613864,False,0.00047047754337613864
2023-05-23,243,1067.2,1059.5,09:00:00,14:45:00,True,True,True,111,2023-05-22,1065.3,0.001781946544207423,False,0.001781946544207423
2023-05-24,243,1061.6,1056.1,09:00:00,14:45:00,True,True,True,111,2023-05-23,1059.5,0.001980105309643862,False,0.001980105309643862
2023-05-25,243,1054.0,1057.0,09:00:00,14:45:00,True,True,True,111,2023-05-24,1056.1,-0.0019904276511210884,False,0.0019904276511210884
2023-05-26,243,1057.5,1056.5,09:00:00,14:45:00,True,True,True,111,2023-05-25,1057.0,0.00047292505019538747,False,0.00047292505019538747
2023-05-29,243,1059.9,1068.0,09:00:00,14:45:00,True,True,True,111,2023-05-26,1056.5,0.003213005977097874,False,0.003213005977097874
2023-05-30,243,1069.6,1068.2,09:00:00,14:45:00,True,True,True,111,2023-05-29,1068.0,0.0014970062675931887,False,0.0014970062675931887
2023-05-31,243,1067.7,1062.6,09:00:00,14:45:00,True,True,True,111,2023-05-30,1068.2,-0.0004681867214132933,False,0.0004681867214132933
2023-06-01,243,1062.0,1065.0,09:00:00,14:45:00,True,True,True,111,2023-05-31,1062.6,-0.0005648122149585837,False,0.0005648122149585837
2023-06-02,243,1069.4,1078.8,09:00:00,14:45:00,True,True,True,111,2023-06-01,1065.0,0.0041229443711056826,False,0.0041229443711056826
2023-06-05,243,1082.5,1087.2,09:00:00,14:45:00,True,True,True,111,2023-06-02,1078.8,0.0034238686110701164,False,0.0034238686110701164
2023-06-06,243,1085.3,1096.1,09:00:00,14:45:00,True,True,True,111,2023-06-05,1087.2,-0.0017491373849648003,False,0.0017491373849648003
2023-06-07,243,1099.0,1098.0,09:00:00,14:45:00,True,True,True,111,2023-06-06,1096.1,0.002642250181943717,False,0.002642250181943717
2023-06-08,243,1098.9,1089.0,09:00:00,14:45:00,True,True,True,111,2023-06-07,1098.0,0.0008193363834024275,False,0.0008193363834024275
2023-06-09,242,1089.3,1095.3,09:01:00,14:45:00,True,True,True,111,2023-06-08,1089.0,0.00027544415543931324,False,0.00027544415543931324
2023-06-12,243,1098.1,1108.3,09:00:00,14:45:00,True,True,True,111,2023-06-09,1095.3,0.0025531152739666305,False,0.0025531152739666305
2023-06-13,243,1109.0,1115.5,09:00:00,14:45:00,True,True,True,111,2023-06-12,1108.3,0.000631398568759724,False,0.000631398568759724
2023-06-14,243,1115.7,1112.1,09:00:00,14:45:00,True,True,True,111,2023-06-13,1115.5,0.00017927572654697236,False,0.00017927572654697236
2023-06-15,243,1110.0,1109.3,09:00:00,14:45:00,True,True,True,111,2023-06-14,1112.1,-0.0018901045184164102,False,0.0018901045184164102
2023-06-16,243,1104.2,1102.6,09:00:00,14:45:00,True,True,True,111,2023-06-15,1109.3,-0.004608094894669582,True,0.004608094894669582
2023-06-19,243,1100.1,1096.5,09:00:00,14:45:00,True,True,True,111,2023-06-16,1102.6,-0.0022699424101932228,False,0.0022699424101932228
2023-06-20,243,1096.0,1100.0,09:00:00,14:45:00,True,True,True,111,2023-06-19,1096.5,-0.000456100349982056,False,0.000456100349982056
2023-06-21,242,1100.8,1115.5,09:01:00,14:45:00,True,True,True,111,2023-06-20,1100.0,0.000727008392617263,False,0.000727008392617263
2023-06-22,242,1115.5,1114.0,09:00:00,14:45:00,False,True,True,011,2023-06-21,1115.5,0.0,False,0.0
2023-06-23,242,1114.5,1119.1,09:00:00,14:45:00,True,True,True,111,2023-06-22,1114.0,0.00044873233869415614,False,0.00044873233869415614
2023-06-26,241,1118.1,1123.0,09:00:00,14:45:00,True,True,True,111,2023-06-23,1119.1,-0.0008939746706590806,False,0.0008939746706590806
2023-06-27,243,1125.5,1125.2,09:00:00,14:45:00,True,True,True,111,2023-06-26,1123.0,0.0022237056083438474,False,0.0022237056083438474
2023-06-28,241,1127.0,1132.4,09:02:00,14:45:00,True,True,True,111,2023-06-27,1125.2,0.0015984374240745418,False,0.0015984374240745418
2023-06-29,243,1132.1,1115.0,09:00:00,14:45:00,True,True,True,111,2023-06-28,1132.4,-0.00026495915368096004,False,0.00026495915368096004
2023-06-30,242,1116.1,1117.3,09:01:00,14:45:00,True,True,True,111,2023-06-29,1115.0,0.0009860607674500373,False,0.0009860607674500373
2023-07-03,243,1120.8,1117.5,09:00:00,14:45:00,True,True,True,111,2023-06-30,1117.3,0.0031276554695049766,False,0.0031276554695049766
2023-07-04,243,1115.9,1123.0,09:00:00,14:45:00,True,True,True,111,2023-07-03,1117.5,-0.0014327932960682336,False,0.0014327932960682336
2023-07-05,243,1123.0,1124.0,09:00:00,14:45:00,True,True,True,111,2023-07-04,1123.0,0.0,False,0.0
2023-07-06,243,1122.5,1116.0,09:00:00,14:45:00,True,True,True,111,2023-07-05,1124.0,-0.0013354108372270073,False,0.0013354108372270073
2023-07-07,243,1114.0,1125.0,09:00:00,14:45:00,True,True,True,111,2023-07-06,1116.0,-0.0017937224540268775,False,0.0017937224540268775
2023-07-10,243,1126.1,1136.5,09:00:00,14:45:00,True,True,True,111,2023-07-07,1125.0,0.0009773000644593373,False,0.0009773000644593373
2023-07-11,243,1139.2,1138.0,09:00:00,14:45:00,True,True,True,111,2023-07-10,1136.5,0.0023728973651134214,False,0.0023728973651134214
2023-07-12,243,1139.5,1141.8,09:00:00,14:45:00,True,True,True,111,2023-07-11,1138.0,0.0013172339994627915,False,0.0013172339994627915
2023-07-13,243,1145.6,1155.0,09:00:00,14:45:00,True,True,True,111,2023-07-12,1141.8,0.0033225526762223107,False,0.0033225526762223107
2023-07-14,243,1158.3,1162.1,09:00:00,14:45:00,True,True,True,111,2023-07-13,1155.0,0.0028530689824064807,False,0.0028530689824064807
2023-07-17,243,1161.0,1161.8,09:00:00,14:45:00,True,True,True,111,2023-07-14,1162.1,-0.0009470105309364586,False,0.0009470105309364586
2023-07-18,243,1162.0,1165.0,09:00:00,14:45:00,True,True,True,111,2023-07-17,1161.8,0.00017213185342438076,False,0.00017213185342438076
2023-07-19,243,1168.0,1164.1,09:00:00,14:45:00,True,True,True,111,2023-07-18,1165.0,0.00257179738837139,False,0.00257179738837139
2023-07-20,243,1163.5,1165.1,09:00:00,14:45:00,True,True,True,111,2023-07-19,1164.1,-0.0005155525118488204,False,0.0005155525118488204
2023-07-21,243,1164.9,1184.9,09:00:00,14:45:00,True,True,True,111,2023-07-20,1165.1,-0.00017167382016393872,True,0.00017167382016393872
2023-07-24,243,1185.0,1191.4,09:00:00,14:45:00,True,True,True,111,2023-07-21,1184.9,8.439174653721613e-05,False,8.439174653721613e-05
2023-07-25,243,1193.2,1194.0,09:00:00,14:45:00,True,True,True,111,2023-07-24,1191.4,0.0015096874460062487,False,0.0015096874460062487
2023-07-26,243,1194.0,1197.0,09:00:00,14:45:00,True,True,True,111,2023-07-25,1194.0,0.0,False,0.0
2023-07-27,243,1198.0,1193.8,09:00:00,14:45:00,True,True,True,111,2023-07-26,1197.0,0.0008350731174215657,False,0.0008350731174215657
2023-07-28,243,1191.6,1210.0,09:00:00,14:45:00,True,True,True,111,2023-07-27,1193.8,-0.0018445548954223606,False,0.0018445548954223606
2023-07-31,243,1213.8,1234.2,09:00:00,14:45:00,True,True,True,111,2023-07-28,1210.0,0.00313557481096796,False,0.00313557481096796
2023-08-01,243,1235.2,1220.0,09:00:00,14:45:00,True,True,True,111,2023-07-31,1234.2,0.0008099133835451887,False,0.0008099133835451887
2023-08-02,243,1221.0,1218.0,09:00:00,14:45:00,True,True,True,111,2023-08-01,1220.0,0.0008193363834024275,False,0.0008193363834024275
2023-08-03,243,1216.8,1208.4,09:00:00,14:45:00,True,True,True,111,2023-08-02,1218.0,-0.0009857073247592995,False,0.0009857073247592995
2023-08-04,243,1211.7,1234.6,09:00:00,14:45:00,True,True,True,111,2023-08-03,1208.4,0.002727161724959985,False,0.002727161724959985
2023-08-07,243,1237.9,1250.2,09:00:00,14:45:00,True,True,True,111,2023-08-04,1234.6,0.002669364577969292,False,0.002669364577969292
2023-08-08,243,1254.5,1248.0,09:00:00,14:45:00,True,True,True,111,2023-08-07,1250.2,0.0034335483087649674,False,0.0034335483087649674
2023-08-09,243,1248.0,1240.0,09:00:00,14:45:00,True,True,True,111,2023-08-08,1248.0,0.0,False,0.0
2023-08-10,243,1238.0,1226.0,09:00:00,14:45:00,True,True,True,111,2023-08-09,1240.0,-0.0016142053545411135,False,0.0016142053545411135
2023-08-11,243,1230.0,1239.5,09:00:00,14:45:00,True,True,True,111,2023-08-10,1226.0,0.003257331870306505,False,0.003257331870306505
2023-08-14,243,1242.4,1239.1,09:00:00,14:45:00,True,True,True,111,2023-08-11,1239.5,0.002336920359232254,False,0.002336920359232254
2023-08-15,243,1241.8,1241.0,09:00:00,14:45:00,True,True,True,111,2023-08-14,1239.1,0.0021766303083452423,False,0.0021766303083452423
2023-08-16,243,1245.3,1255.3,09:00:00,14:45:00,True,True,True,111,2023-08-15,1241.0,0.0034589585224955254,False,0.0034589585224955254
2023-08-17,243,1252.5,1253.5,09:00:00,14:45:00,True,True,True,111,2023-08-16,1255.3,-0.002233033865142825,False,0.002233033865142825
2023-08-18,243,1238.2,1188.0,09:00:00,14:45:00,True,True,True,111,2023-08-17,1253.5,-0.012280926513216312,True,0.012280926513216312
2023-08-21,243,1185.3,1190.9,09:00:00,14:45:00,True,True,True,111,2023-08-18,1188.0,-0.0022753138371355394,False,0.0022753138371355394
2023-08-22,243,1193.4,1196.0,09:00:00,14:45:00,True,True,True,111,2023-08-21,1190.9,0.0020970523140313225,False,0.0020970523140313225
2023-08-23,243,1202.0,1180.6,09:00:00,14:45:00,True,True,True,111,2023-08-22,1196.0,0.00500418058457595,False,0.00500418058457595
2023-08-24,243,1183.6,1198.0,09:00:00,14:45:00,True,True,True,111,2023-08-23,1180.6,0.002537857719465673,False,0.002537857719465673
2023-08-25,243,1195.1,1194.5,09:00:00,14:45:00,True,True,True,111,2023-08-24,1198.0,-0.0024236358025594815,False,0.0024236358025594815
2023-08-28,243,1201.6,1211.0,09:00:00,14:45:00,True,True,True,111,2023-08-25,1194.5,0.005926314244006053,False,0.005926314244006053
2023-08-29,243,1213.8,1211.8,09:00:00,14:45:00,True,True,True,111,2023-08-28,1211.0,0.0023094698486624183,False,0.0023094698486624183
2023-08-30,243,1214.0,1224.2,09:00:00,14:45:00,True,True,True,111,2023-08-29,1211.8,0.0018138351085549222,False,0.0018138351085549222
2023-08-31,243,1223.8,1233.0,09:00:00,14:45:00,True,True,True,111,2023-08-30,1224.2,-0.00032679738852937163,False,0.00032679738852937163
2023-09-05,243,1237.7,1242.5,09:00:00,14:45:00,True,True,True,111,2023-08-31,1233.0,0.0038045943816324185,False,0.0038045943816324185
2023-09-06,243,1240.8,1263.0,09:00:00,14:45:00,True,True,True,111,2023-09-05,1242.5,-0.0013691461084547963,False,0.0013691461084547963
2023-09-07,243,1262.1,1255.2,09:00:00,14:45:00,True,True,True,111,2023-09-06,1263.0,-0.0007128430859062641,False,0.0007128430859062641
2023-09-08,243,1255.1,1249.9,09:00:00,14:45:00,True,True,True,111,2023-09-07,1255.2,-7.967175242244755e-05,False,7.967175242244755e-05
2023-09-11,243,1259.1,1233.0,09:00:00,14:45:00,True,True,True,111,2023-09-08,1249.9,0.007333631911478528,False,0.007333631911478528
2023-09-12,243,1230.2,1257.0,09:00:00,14:45:00,True,True,True,111,2023-09-11,1233.0,-0.002273466390076369,False,0.002273466390076369
2023-09-13,243,1257.0,1245.0,09:00:00,14:45:00,True,True,True,111,2023-09-12,1257.0,0.0,False,0.0
2023-09-14,243,1246.3,1235.0,09:00:00,14:45:00,True,True,True,111,2023-09-13,1245.0,0.0010436319335230919,False,0.0010436319335230919
2023-09-15,243,1238.3,1240.5,09:00:00,14:45:00,True,True,True,111,2023-09-14,1235.0,0.002668501158975345,False,0.002668501158975345
2023-09-18,243,1236.0,1222.0,09:00:00,14:45:00,True,True,True,111,2023-09-15,1240.5,-0.0036341651142195734,False,0.0036341651142195734
2023-09-19,243,1225.3,1222.0,09:00:00,14:45:00,True,True,True,111,2023-09-18,1222.0,0.002696851223860101,False,0.002696851223860101
2023-09-20,243,1222.9,1231.6,09:00:00,14:45:00,True,True,True,111,2023-09-19,1222.0,0.0007362264637835226,False,0.0007362264637835226
2023-09-21,242,1230.1,1220.6,09:00:00,14:45:00,False,True,True,011,2023-09-20,1231.6,-0.0012186701756059502,False,0.0012186701756059502
2023-09-22,243,1200.7,1192.6,09:00:00,14:45:00,True,True,True,111,2023-09-21,1220.6,-0.01643782107372217,True,0.01643782107372217
2023-09-25,243,1186.1,1162.5,09:00:00,14:45:00,True,True,True,111,2023-09-22,1192.6,-0.005465183653775468,False,0.005465183653775468
2023-09-26,243,1162.3,1151.6,09:00:00,14:45:00,True,True,True,111,2023-09-25,1162.5,-0.00017205781184910268,False,0.00017205781184910268
2023-09-27,243,1153.5,1163.7,09:00:00,14:45:00,True,True,True,111,2023-09-26,1151.6,0.00164851887578765,False,0.00164851887578765
2023-09-28,243,1165.4,1162.5,09:00:00,14:45:00,True,True,True,111,2023-09-27,1163.7,0.0014597915949427045,False,0.0014597915949427045
2023-09-29,243,1165.7,1160.6,09:00:00,14:45:00,True,True,True,111,2023-09-28,1162.5,0.0027489064642752855,False,0.0027489064642752855
2023-10-02,243,1162.7,1166.8,09:00:00,14:45:00,True,True,True,111,2023-09-29,1160.6,0.0018077739180547843,False,0.0018077739180547843
2023-10-03,243,1158.6,1131.3,09:00:00,14:45:00,True,True,True,111,2023-10-02,1166.8,-0.007052579331042607,False,0.007052579331042607
2023-10-04,243,1121.8,1132.5,09:00:00,14:45:00,True,True,True,111,2023-10-03,1131.3,-0.008432875858184594,False,0.008432875858184594
2023-10-05,243,1133.4,1120.0,09:00:00,14:45:00,True,True,True,111,2023-10-04,1132.5,0.0007943863783299475,False,0.0007943863783299475
2023-10-06,242,1122.4,1138.4,09:01:00,14:45:00,True,True,True,111,2023-10-05,1120.0,0.002140564499111038,False,0.002140564499111038
2023-10-09,243,1136.2,1145.0,09:00:00,14:45:00,True,True,True,111,2023-10-06,1138.4,-0.0019344066526161172,False,0.0019344066526161172
2023-10-10,243,1155.5,1157.0,09:00:00,14:45:00,True,True,True,111,2023-10-09,1145.0,0.009128513726095449,False,0.009128513726095449
2023-10-11,243,1157.0,1166.0,09:00:00,14:45:00,True,True,True,111,2023-10-10,1157.0,0.0,False,0.0
2023-10-12,243,1168.6,1161.5,09:00:00,14:45:00,True,True,True,111,2023-10-11,1166.0,0.0022273632098987967,False,0.0022273632098987967
2023-10-13,243,1155.8,1161.1,09:00:00,14:45:00,True,True,True,111,2023-10-12,1161.5,-0.004919528326786314,False,0.004919528326786314
2023-10-16,243,1158.0,1146.5,09:00:00,14:45:00,True,True,True,111,2023-10-13,1161.1,-0.00267345250001984,False,0.00267345250001984
2023-10-17,243,1151.2,1134.9,09:00:00,14:45:00,True,True,True,111,2023-10-16,1146.5,0.004091053275198986,False,0.004091053275198986
2023-10-18,243,1138.6,1125.0,09:00:00,14:45:00,True,True,True,111,2023-10-17,1134.9,0.0032548962098880177,False,0.0032548962098880177
2023-10-19,242,1124.0,1112.0,09:01:00,14:45:00,True,True,True,111,2023-10-18,1125.0,-0.0008892841848841728,False,0.0008892841848841728
2023-10-20,243,1100.8,1117.0,09:00:00,14:45:00,True,True,True,111,2023-10-19,1112.0,-0.010123007631448565,True,0.010123007631448565
2023-10-23,243,1116.9,1104.9,09:00:00,14:45:00,True,True,True,111,2023-10-20,1117.0,-8.952952241968395e-05,False,8.952952241968395e-05
2023-10-24,243,1108.6,1112.0,09:00:00,14:45:00,True,True,True,111,2023-10-23,1104.9,0.003343124866574741,False,0.003343124866574741
2023-10-25,241,1116.3,1109.2,09:00:00,14:45:00,True,True,True,111,2023-10-24,1112.0,0.003859449210158696,False,0.003859449210158696
2023-10-26,243,1102.9,1060.0,09:00:00,14:45:00,True,True,True,111,2023-10-25,1109.2,-0.0056959604295216855,False,0.0056959604295216855
2023-10-27,242,1066.1,1068.5,09:01:00,14:45:00,True,True,True,111,2023-10-26,1060.0,0.005738221850316586,False,0.005738221850316586
2023-10-30,243,1059.8,1039.9,09:00:00,14:45:00,True,True,True,111,2023-10-27,1068.5,-0.00817558470054064,False,0.00817558470054064
2023-10-31,243,1043.4,1039.7,09:00:00,14:45:00,True,True,True,111,2023-10-30,1039.9,0.003360056922105329,False,0.003360056922105329
2023-11-01,243,1046.2,1047.5,09:00:00,14:45:00,True,True,True,111,2023-10-31,1039.7,0.006232341952586081,False,0.006232341952586081
2023-11-02,242,1057.5,1087.0,09:01:00,14:45:00,True,True,True,111,2023-11-01,1047.5,0.009501259124140215,False,0.009501259124140215
2023-11-03,243,1092.1,1087.0,09:00:00,14:45:00,True,True,True,111,2023-11-02,1087.0,0.004680840082473184,False,0.004680840082473184
2023-11-06,243,1095.9,1106.0,09:00:00,14:45:00,True,True,True,111,2023-11-03,1087.0,0.00815433534813705,False,0.00815433534813705
2023-11-07,243,1102.2,1095.4,09:00:00,14:45:00,True,True,True,111,2023-11-06,1106.0,-0.0034417206331450634,False,0.0034417206331450634
2023-11-08,243,1094.7,1134.0,09:00:00,14:45:00,True,True,True,111,2023-11-07,1095.4,-0.0006392402391092882,False,0.0006392402391092882
2023-11-09,243,1135.1,1125.0,09:00:00,14:45:00,True,True,True,111,2023-11-08,1134.0,0.0009695474735962716,False,0.0009695474735962716
2023-11-10,242,1115.1,1108.5,09:01:00,14:45:00,True,True,True,111,2023-11-09,1125.0,-0.008838948667204392,False,0.008838948667204392
2023-11-13,243,1109.7,1107.0,09:00:00,14:45:00,True,True,True,111,2023-11-10,1108.5,0.00108195845015178,False,0.00108195845015178
2023-11-14,243,1115.1,1120.0,09:00:00,14:45:00,True,True,True,111,2023-11-13,1107.0,0.007290433262679274,False,0.007290433262679274
2023-11-15,243,1141.6,1134.0,09:00:00,14:45:00,True,True,True,111,2023-11-14,1120.0,0.01910210187348628,False,0.01910210187348628
2023-11-16,242,1129.2,1125.1,09:01:00,14:45:00,True,True,True,111,2023-11-15,1134.0,-0.004241787908363029,False,0.004241787908363029
2023-11-17,243,1142.0,1105.0,09:00:00,14:45:00,True,True,True,111,2023-11-16,1125.1,0.014909190638929416,True,0.014909190638929416
2023-11-20,243,1082.0,1102.0,09:00:00,14:45:00,True,True,True,111,2023-11-17,1105.0,-0.021034154545426398,False,0.021034154545426398
2023-11-21,243,1108.0,1111.0,09:00:00,14:45:00,True,True,True,111,2023-11-20,1102.0,0.00542987759436924,False,0.00542987759436924
2023-11-22,243,1111.8,1112.0,09:00:00,14:45:00,True,True,True,111,2023-11-21,1111.0,0.0007198128797390829,False,0.0007198128797390829
2023-11-23,243,1118.3,1080.0,09:00:00,14:45:00,True,True,True,111,2023-11-22,1112.0,0.005649479223614826,False,0.005649479223614826
2023-11-24,242,1082.4,1084.9,09:01:00,14:45:00,True,True,True,111,2023-11-23,1080.0,0.0022197567383130316,False,0.0022197567383130316
2023-11-27,243,1084.1,1076.0,09:00:00,14:45:00,True,True,True,111,2023-11-24,1084.9,-0.0007376671611591223,False,0.0007376671611591223
2023-11-28,239,1077.4,1087.0,09:00:00,14:45:00,True,True,True,111,2023-11-27,1076.0,0.0013002695247037535,False,0.0013002695247037535
2023-11-29,243,1087.0,1092.1,09:00:00,14:45:00,True,True,True,111,2023-11-28,1087.0,0.0,False,0.0
2023-11-30,242,1090.1,1076.0,09:01:00,14:45:00,True,True,True,111,2023-11-29,1092.1,-0.001833013069369904,False,0.001833013069369904
2023-12-01,244,1080.9,1090.1,09:00:00,14:45:00,True,True,True,111,2023-11-30,1076.0,0.004543565700427526,False,0.004543565700427526
2023-12-04,243,1097.0,1107.0,09:00:00,14:45:00,True,True,True,111,2023-12-01,1090.1,0.006309746140917524,False,0.006309746140917524
2023-12-05,243,1105.6,1099.0,09:00:00,14:45:00,True,True,True,111,2023-12-04,1107.0,-0.0012654796952314867,False,0.0012654796952314867
2023-12-06,242,1103.2,1111.1,09:01:00,14:46:00,True,True,False,110,2023-12-05,1099.0,0.0038143720754706925,False,0.0038143720754706925
2023-12-07,243,1109.2,1112.0,09:00:00,14:45:00,True,True,True,111,2023-12-06,1111.1,-0.00171148084833987,False,0.00171148084833987
2023-12-08,243,1112.0,1112.0,09:00:00,14:45:00,True,True,True,111,2023-12-07,1112.0,0.0,False,0.0
2023-12-11,243,1115.6,1117.0,09:00:00,14:45:00,True,True,True,111,2023-12-08,1112.0,0.003232180942806094,False,0.003232180942806094
2023-12-12,243,1121.5,1118.8,09:00:00,14:45:00,True,True,True,111,2023-12-11,1117.0,0.004020554891062275,False,0.004020554891062275
2023-12-13,242,1123.2,1107.0,09:01:00,14:45:00,True,True,True,111,2023-12-12,1118.8,0.0039250719437420555,False,0.0039250719437420555
2023-12-14,243,1112.8,1103.9,09:00:00,14:45:00,True,True,True,111,2023-12-13,1107.0,0.005225707900596297,False,0.005225707900596297
2023-12-15,242,1105.4,1099.3,09:01:00,14:45:00,True,True,True,111,2023-12-14,1103.9,0.001357896374856535,False,0.001357896374856535
2023-12-18,243,1097.8,1082.0,09:00:00,14:45:00,True,True,True,111,2023-12-15,1099.3,-0.0013654364690292638,False,0.0013654364690292638
2023-12-19,243,1082.0,1091.3,09:00:00,14:45:00,True,True,True,111,2023-12-18,1082.0,0.0,False,0.0
2023-12-20,242,1092.2,1096.1,09:01:00,14:45:00,True,True,True,111,2023-12-19,1091.3,0.00082436459900928,False,0.00082436459900928
2023-12-21,243,1093.5,1094.7,09:00:00,14:45:00,True,True,True,111,2023-12-20,1096.1,-0.0023748641048550664,False,0.0023748641048550664
2023-12-22,243,1099.9,1097.7,09:00:00,14:45:00,True,True,True,111,2023-12-21,1094.7,0.004738913452559377,True,0.004738913452559377
2023-12-25,243,1096.3,1115.0,09:00:00,14:45:00,True,True,True,111,2023-12-22,1097.7,-0.0012762080127765518,False,0.0012762080127765518
2023-12-26,242,1115.4,1121.5,09:01:00,14:45:00,True,True,True,111,2023-12-25,1115.0,0.00035868006123428067,False,0.00035868006123428067
2023-12-27,243,1121.8,1116.9,09:00:00,14:45:00,True,True,True,111,2023-12-26,1121.5,0.0002674631139734354,False,0.0002674631139734354
2023-12-28,243,1118.3,1132.9,09:00:00,14:45:00,True,True,True,111,2023-12-27,1116.9,0.001252684487361718,False,0.001252684487361718
2023-12-29,242,1133.2,1134.6,09:01:00,14:45:00,True,True,True,111,2023-12-28,1132.9,0.00026477207691855164,False,0.00026477207691855164
2024-01-02,243,1138.5,1133.5,09:00:00,14:45:00,True,True,True,111,2023-12-29,1134.6,0.0034314406113274756,False,0.0034314406113274756
2024-01-03,243,1130.5,1148.3,09:00:00,14:45:00,True,True,True,111,2024-01-02,1133.5,-0.0026501782295591417,False,0.0026501782295591417
2024-01-04,243,1146.0,1156.5,09:00:00,14:45:00,True,True,True,111,2024-01-03,1148.3,-0.0020049695074586655,False,0.0020049695074586655
2024-01-05,243,1156.1,1166.0,09:00:00,14:45:00,True,True,True,111,2024-01-04,1156.5,-0.0003459309902179959,False,0.0003459309902179959
2024-01-08,243,1166.1,1162.0,09:00:00,14:45:00,True,True,True,111,2024-01-05,1166.0,8.575961584946751e-05,False,8.575961584946751e-05
2024-01-09,243,1166.0,1163.0,09:00:00,14:45:00,True,True,True,111,2024-01-08,1162.0,0.0034364294985810974,False,0.0034364294985810974
2024-01-10,243,1162.5,1163.1,09:00:00,14:45:00,True,True,True,111,2024-01-09,1163.0,-0.00043001505715304484,False,0.00043001505715304484
2024-01-11,243,1164.8,1168.1,09:00:00,14:45:00,True,True,True,111,2024-01-10,1163.1,0.0014605440974284824,False,0.0014605440974284824
2024-01-12,243,1165.9,1165.9,09:00:00,14:45:00,True,True,True,111,2024-01-11,1168.1,-0.001885176222404603,False,0.001885176222404603
2024-01-15,243,1168.9,1162.7,09:00:00,14:45:00,True,True,True,111,2024-01-12,1165.9,0.002569814674478813,False,0.002569814674478813
2024-01-16,242,1158.0,1172.0,09:01:00,14:45:00,True,True,True,111,2024-01-15,1162.7,-0.004050507541622009,False,0.004050507541622009
2024-01-17,243,1171.2,1166.0,09:00:00,14:45:00,True,True,True,111,2024-01-16,1172.0,-0.0006828269299107778,False,0.0006828269299107778
2024-01-18,242,1168.1,1172.8,09:01:00,14:45:00,True,True,True,111,2024-01-17,1166.0,0.00179940925121267,False,0.00179940925121267
2024-01-19,243,1181.0,1190.0,09:00:00,14:45:00,True,True,True,111,2024-01-18,1172.8,0.006967485064975308,True,0.006967485064975308
2024-01-22,242,1194.8,1194.0,09:00:00,14:45:00,False,True,True,011,2024-01-19,1190.0,0.004025500236379516,False,0.004025500236379516
2024-01-23,243,1193.0,1184.0,09:00:00,14:45:00,True,True,True,111,2024-01-22,1194.0,-0.0008378718546313053,False,0.0008378718546313053
2024-01-24,243,1183.4,1180.7,09:00:00,14:45:00,True,True,True,111,2024-01-23,1184.0,-0.0005068852013572484,False,0.0005068852013572484
2024-01-25,243,1181.4,1180.5,09:00:00,14:45:00,True,True,True,111,2024-01-24,1180.7,0.0005926929600708797,False,0.0005926929600708797
2024-01-26,243,1182.9,1187.0,09:00:00,14:45:00,True,True,True,111,2024-01-25,1180.5,0.0020309730261235492,False,0.0020309730261235492
2024-01-29,243,1188.6,1183.6,09:00:00,14:45:00,True,True,True,111,2024-01-26,1187.0,0.0013470283228922098,False,0.0013470283228922098
2024-01-30,243,1184.0,1186.0,09:00:00,14:45:00,True,True,True,111,2024-01-29,1183.6,0.00033789491789637717,False,0.00033789491789637717
2024-01-31,243,1186.2,1171.0,09:00:00,14:45:00,True,True,True,111,2024-01-30,1186.0,0.00016861984695548467,False,0.00016861984695548467
2024-02-01,243,1168.6,1177.2,09:00:00,14:45:00,True,True,True,111,2024-01-31,1171.0,-0.0020516334773807566,False,0.0020516334773807566
2024-02-02,243,1179.5,1181.1,09:00:00,14:45:00,True,True,True,111,2024-02-01,1177.2,0.0019518824884120012,False,0.0019518824884120012
2024-02-05,243,1182.6,1202.5,09:00:00,14:45:00,True,True,True,111,2024-02-02,1181.1,0.0012691967689278914,False,0.0012691967689278914
2024-02-06,242,1201.7,1203.9,09:01:00,14:45:00,True,True,True,111,2024-02-05,1202.5,-0.0006655020626621075,False,0.0006655020626621075
2024-02-07,243,1206.7,1219.0,09:00:00,14:45:00,True,True,True,111,2024-02-06,1203.9,0.002323074138574441,False,0.002323074138574441
2024-02-15,243,1224.7,1217.8,09:00:00,14:45:00,True,True,True,111,2024-02-07,1219.0,0.0046650655459702555,False,0.0046650655459702555
2024-02-16,243,1225.6,1232.0,09:00:00,14:45:00,True,True,True,111,2024-02-15,1217.8,0.006384567811853143,True,0.006384567811853143
2024-02-19,243,1231.5,1240.5,09:00:00,14:45:00,True,True,True,111,2024-02-16,1232.0,-0.0004059265328724313,False,0.0004059265328724313
2024-02-20,243,1241.3,1240.2,09:00:00,14:45:00,True,True,True,111,2024-02-19,1240.5,0.0006446933900465098,False,0.0006446933900465098
2024-02-21,243,1235.2,1240.0,09:00:00,14:45:00,True,True,True,111,2024-02-20,1240.2,-0.004039756645265882,False,0.004039756645265882
2024-02-22,243,1240.1,1238.0,09:00:00,14:45:00,True,True,True,111,2024-02-21,1240.0,8.064190964404798e-05,False,8.064190964404798e-05
2024-02-23,243,1240.5,1225.1,09:00:00,14:45:00,True,True,True,111,2024-02-22,1238.0,0.0020173498873142536,False,0.0020173498873142536
2024-02-26,243,1226.3,1230.3,09:00:00,14:45:00,True,True,True,111,2024-02-23,1225.1,0.0009790324678556005,False,0.0009790324678556005
2024-02-27,243,1231.0,1241.0,09:00:00,14:45:00,True,True,True,111,2024-02-26,1230.3,0.000568805118330246,False,0.000568805118330246
2024-02-28,243,1242.9,1266.2,09:00:00,14:45:00,True,True,True,111,2024-02-27,1241.0,0.0015298525468587026,False,0.0015298525468587026
2024-02-29,243,1266.2,1262.8,09:00:00,14:45:00,True,True,True,111,2024-02-28,1266.2,0.0,False,0.0
2024-03-01,243,1265.0,1266.8,09:00:00,14:45:00,True,True,True,111,2024-02-29,1262.8,0.0017406444777841182,False,0.0017406444777841182
2024-03-04,243,1270.2,1268.4,09:00:00,14:45:00,True,True,True,111,2024-03-01,1266.8,0.002680332704389921,False,0.002680332704389921
2024-03-05,242,1266.7,1278.5,09:01:00,14:45:00,True,True,True,111,2024-03-04,1268.4,-0.001341170174605442,False,0.001341170174605442
2024-03-06,242,1277.4,1266.8,09:01:00,14:45:00,True,True,True,111,2024-03-05,1278.5,-0.0008607536037524171,False,0.0008607536037524171
2024-03-07,243,1267.8,1273.4,09:00:00,14:45:00,True,True,True,111,2024-03-06,1266.8,0.0007890791855812467,False,0.0007890791855812467
2024-03-08,243,1274.5,1253.8,09:00:00,14:45:00,True,True,True,111,2024-03-07,1273.4,0.0008634562332451445,False,0.0008634562332451445
2024-03-11,243,1250.3,1231.0,09:00:00,14:45:00,True,True,True,111,2024-03-08,1253.8,-0.0027954173389141187,False,0.0027954173389141187
2024-03-12,243,1232.9,1239.8,09:00:00,14:45:00,True,True,True,111,2024-03-11,1231.0,0.0015422706900535693,False,0.0015422706900535693
2024-03-13,243,1241.0,1271.3,09:00:00,14:45:00,True,True,True,111,2024-03-12,1239.8,0.0009674299367882079,False,0.0009674299367882079
2024-03-14,243,1271.5,1260.8,09:00:00,14:45:00,True,True,True,111,2024-03-13,1271.3,0.00015730690609755732,False,0.00015730690609755732
2024-03-15,242,1257.1,1260.0,09:01:00,14:45:00,True,True,True,111,2024-03-14,1260.8,-0.002938959182829319,False,0.002938959182829319
2024-03-18,243,1257.5,1230.9,09:00:00,14:45:00,True,True,True,111,2024-03-15,1260.0,-0.001986097971629403,False,0.001986097971629403
2024-03-19,243,1232.8,1230.0,09:00:00,14:45:00,True,True,True,111,2024-03-18,1230.9,0.0015423958896558358,False,0.0015423958896558358
2024-03-20,243,1233.0,1255.5,09:00:00,14:45:00,True,True,True,111,2024-03-19,1230.0,0.002436054797881121,False,0.002436054797881121
2024-03-21,243,1260.2,1275.7,09:00:00,14:45:00,True,True,True,111,2024-03-20,1255.5,0.0037365389103155232,False,0.0037365389103155232
2024-03-22,242,1286.5,1284.5,09:01:00,14:45:00,True,True,True,111,2024-03-21,1275.7,0.008430305177554404,True,0.008430305177554404
2024-03-25,243,1281.0,1268.9,09:00:00,14:45:00,True,True,True,111,2024-03-22,1284.5,-0.0027285146532040625,False,0.0027285146532040625
2024-03-26,243,1268.0,1285.0,09:00:00,14:45:00,True,True,True,111,2024-03-25,1268.9,-0.0007095274056977548,False,0.0007095274056977548
2024-03-27,243,1286.0,1288.0,09:00:00,14:45:00,True,True,True,111,2024-03-26,1285.0,0.000777907468244521,False,0.000777907468244521
2024-03-28,242,1295.6,1306.9,09:01:00,14:45:00,True,True,True,111,2024-03-27,1288.0,0.005883280632875259,False,0.005883280632875259
2024-03-29,242,1306.2,1298.1,09:01:00,14:45:00,True,True,True,111,2024-03-28,1306.9,-0.0005357621344334912,False,0.0005357621344334912
2024-04-01,243,1293.0,1290.4,09:00:00,14:45:00,True,True,True,111,2024-03-29,1298.1,-0.003936557127091265,False,0.003936557127091265
2024-04-02,242,1284.7,1290.0,09:01:00,14:45:00,True,True,True,111,2024-04-01,1290.4,-0.004427019773435152,False,0.004427019773435152
2024-04-03,243,1284.8,1271.9,09:00:00,14:45:00,True,True,True,111,2024-04-02,1290.0,-0.004039154163220575,False,0.004039154163220575
2024-04-04,243,1275.9,1265.0,09:00:00,14:45:00,True,True,True,111,2024-04-03,1271.9,0.0031399664702587314,False,0.0031399664702587314
2024-04-05,242,1254.0,1252.1,09:01:00,14:45:00,True,True,True,111,2024-04-04,1265.0,-0.008733679968754553,False,0.008733679968754553
2024-04-08,243,1256.1,1254.2,09:00:00,14:45:00,True,True,True,111,2024-04-05,1252.1,0.003189541018305337,False,0.003189541018305337
2024-04-09,243,1257.5,1264.2,09:00:00,14:45:00,True,True,True,111,2024-04-08,1254.2,0.0026277038649738524,False,0.0026277038649738524
2024-04-10,243,1265.0,1260.1,09:00:00,14:45:00,True,True,True,111,2024-04-09,1264.2,0.0006326111234221152,False,0.0006326111234221152
2024-04-11,243,1251.0,1263.0,09:00:00,14:45:00,True,True,True,111,2024-04-10,1260.1,-0.007247851408736316,False,0.007247851408736316
2024-04-12,243,1265.7,1286.0,09:00:00,14:45:00,True,True,True,111,2024-04-11,1263.0,0.0021354854479115996,False,0.0021354854479115996
2024-04-15,243,1281.5,1236.3,09:00:00,14:46:00,True,True,False,110,2024-04-12,1286.0,-0.0035053589934388846,False,0.0035053589934388846
2024-04-16,243,1234.9,1230.0,09:00:00,14:45:00,True,True,True,111,2024-04-15,1236.3,-0.0011330528891045155,False,0.0011330528891045155
2024-04-17,243,1233.8,1214.6,09:00:00,14:45:00,True,True,True,111,2024-04-16,1230.0,0.003084668409074943,False,0.003084668409074943
2024-04-19,243,1201.4,1191.7,09:00:00,14:45:00,True,True,True,111,2024-04-17,1214.6,-0.010927261047413777,False,0.010927261047413777
2024-04-22,243,1200.0,1205.3,09:00:00,14:45:00,True,True,True,111,2024-04-19,1191.7,0.006940697679331195,False,0.006940697679331195
2024-04-23,243,1209.3,1200.6,09:00:00,14:45:00,True,True,True,111,2024-04-22,1205.3,0.003313181196931943,False,0.003313181196931943
2024-04-24,243,1207.9,1230.5,09:00:00,14:45:00,True,True,True,111,2024-04-23,1200.6,0.006061882793490093,False,0.006061882793490093
2024-04-25,243,1226.8,1227.0,09:00:00,14:45:00,True,True,True,111,2024-04-24,1230.5,-0.0030114375910141704,False,0.0030114375910141704
2024-04-26,243,1221.6,1232.4,09:00:00,14:45:00,True,True,True,111,2024-04-25,1227.0,-0.0044106908064888125,False,0.0044106908064888125
2024-05-02,243,1230.2,1242.4,09:00:00,14:45:00,True,True,True,111,2024-04-26,1232.4,-0.0017867299482450488,False,0.0017867299482450488
2024-05-03,243,1250.0,1249.6,09:00:00,14:45:00,True,True,True,111,2024-05-02,1242.4,0.006098558461869379,False,0.006098558461869379
2024-05-06,243,1256.2,1270.0,09:00:00,14:45:00,True,True,True,111,2024-05-03,1249.6,0.005267790934859026,False,0.005267790934859026
2024-05-07,243,1273.0,1276.0,09:00:00,14:45:00,True,True,True,111,2024-05-06,1270.0,0.002359419104769514,False,0.002359419104769514
2024-05-08,243,1273.0,1279.0,09:00:00,14:45:00,True,True,True,111,2024-05-07,1276.0,-0.0023538653473287106,False,0.0023538653473287106
2024-05-09,243,1277.0,1269.0,09:00:00,14:45:00,True,True,True,111,2024-05-08,1279.0,-0.0015649455463033672,False,0.0015649455463033672
2024-05-10,243,1274.2,1270.4,09:00:00,14:45:00,True,True,True,111,2024-05-09,1269.0,0.004089341968000161,False,0.004089341968000161
2024-05-13,243,1271.6,1266.0,09:00:00,14:45:00,True,True,True,111,2024-05-10,1270.4,0.0009441385437763095,False,0.0009441385437763095
2024-05-14,242,1269.2,1274.4,09:01:00,14:45:00,True,True,True,111,2024-05-13,1266.0,0.0025244570049189575,False,0.0025244570049189575
2024-05-15,242,1277.4,1286.1,09:01:00,14:45:00,True,True,True,111,2024-05-14,1274.4,0.0023512825316499876,False,0.0023512825316499876
2024-05-16,243,1295.1,1309.8,09:00:00,14:45:00,True,True,True,111,2024-05-15,1286.1,0.006973528957500447,False,0.006973528957500447
2024-05-17,242,1306.8,1307.9,09:01:00,14:45:00,True,True,True,111,2024-05-16,1309.8,-0.0022930530570381027,True,0.0022930530570381027
2024-05-20,243,1314.9,1310.1,09:00:00,14:45:00,True,True,True,111,2024-05-17,1307.9,0.005337819597766598,False,0.005337819597766598
2024-05-21,243,1307.7,1312.1,09:00:00,14:45:00,True,True,True,111,2024-05-20,1310.1,-0.0018336012471682071,False,0.0018336012471682071
2024-05-22,241,1310.3,1292.2,08:59:00,14:44:00,False,False,False,000,2024-05-21,1312.1,-0.001372788501130355,False,0.001372788501130355
2024-05-23,241,1289.0,1300.0,08:59:00,14:43:00,False,False,False,000,2024-05-22,1292.2,-0.0024794681848777167,False,0.0024794681848777167
2024-05-24,243,1293.4,1277.7,09:00:00,14:45:00,True,True,True,111,2024-05-23,1300.0,-0.005089854437135595,False,0.005089854437135595
2024-05-27,243,1279.5,1276.2,09:00:00,14:45:00,True,True,True,111,2024-05-24,1277.7,0.0014077900025660517,False,0.0014077900025660517
2024-05-28,243,1279.7,1292.5,09:00:00,14:45:00,True,True,True,111,2024-05-27,1276.2,0.0027387630093038476,False,0.0027387630093038476
2024-05-29,243,1292.0,1277.5,09:00:00,14:45:00,True,True,True,111,2024-05-28,1292.5,-0.00038692204003706784,False,0.00038692204003706784
2024-05-30,243,1269.9,1270.0,09:00:00,14:45:00,True,True,True,111,2024-05-29,1277.5,-0.005966885882871734,False,0.005966885882871734
2024-05-31,243,1270.5,1270.0,09:00:00,14:45:00,True,True,True,111,2024-05-30,1270.0,0.00039362330758177305,False,0.00039362330758177305
2024-06-03,243,1283.0,1291.5,09:00:00,14:45:00,True,True,True,111,2024-05-31,1270.0,0.01018418516299941,False,0.01018418516299941
2024-06-04,243,1292.6,1295.0,09:00:00,14:45:00,True,True,True,111,2024-06-03,1291.5,0.0008513602928999068,False,0.0008513602928999068
2024-06-05,243,1301.4,1295.0,09:00:00,14:45:00,True,True,True,111,2024-06-04,1295.0,0.004929912927245553,False,0.004929912927245553
2024-06-06,243,1295.5,1298.7,09:00:00,14:45:00,True,True,True,111,2024-06-05,1295.0,0.000386025868526471,False,0.000386025868526471
2024-06-07,243,1306.3,1308.0,09:00:00,14:45:00,True,True,True,111,2024-06-06,1298.7,0.005834949376472905,False,0.005834949376472905
2024-06-10,243,1313.0,1310.9,09:00:00,14:45:00,True,True,True,111,2024-06-07,1308.0,0.0038153422856522824,False,0.0038153422856522824
2024-06-11,243,1314.9,1305.0,09:00:00,14:45:00,True,True,True,111,2024-06-10,1310.9,0.0030466928891095457,False,0.0030466928891095457
2024-06-12,243,1302.2,1330.7,09:00:00,14:45:00,True,True,True,111,2024-06-11,1305.0,-0.002147898954032076,False,0.002147898954032076
2024-06-13,243,1331.0,1335.0,09:00:00,14:45:00,True,True,True,111,2024-06-12,1330.7,0.00022541984541474212,False,0.00022541984541474212
2024-06-14,243,1333.5,1317.0,09:00:00,14:45:00,True,True,True,111,2024-06-13,1335.0,-0.0011242272122809914,False,0.0011242272122809914
2024-06-17,243,1315.5,1308.0,09:00:00,14:45:00,True,True,True,111,2024-06-14,1317.0,-0.0011396012629336736,False,0.0011396012629336736
2024-06-18,243,1312.7,1308.5,09:00:00,14:45:00,True,True,True,111,2024-06-17,1308.0,0.003586831792217833,False,0.003586831792217833
2024-06-19,243,1309.8,1317.0,09:00:00,14:45:00,True,True,True,111,2024-06-18,1308.5,0.000993010813752675,False,0.000993010813752675
2024-06-20,243,1317.6,1323.7,09:00:00,14:45:00,True,True,True,111,2024-06-19,1317.0,0.00045547712014937,False,0.00045547712014937
2024-06-21,243,1322.6,1320.9,09:00:00,14:45:00,True,True,True,111,2024-06-20,1323.7,-0.0008313494791631719,True,0.0008313494791631719
2024-06-24,243,1314.0,1290.7,09:00:00,14:45:00,True,True,True,111,2024-06-21,1320.9,-0.005237402385262091,False,0.005237402385262091
2024-06-25,243,1293.9,1287.7,09:00:00,14:45:00,True,True,True,111,2024-06-24,1290.7,0.002476206480765078,False,0.002476206480765078
2024-06-26,243,1288.0,1290.0,09:00:00,14:45:00,True,True,True,111,2024-06-25,1287.7,0.00023294638456064092,False,0.00023294638456064092
2024-06-27,243,1285.0,1289.0,09:00:00,14:45:00,True,True,True,111,2024-06-26,1290.0,-0.003883500026397633,False,0.003883500026397633
2024-06-28,243,1291.2,1274.3,09:00:00,14:45:00,True,True,True,111,2024-06-27,1289.0,0.0017052945764970972,False,0.0017052945764970972
2024-07-01,243,1277.7,1285.0,09:00:00,14:45:00,True,True,True,111,2024-06-28,1274.3,0.0026645783790441675,False,0.0026645783790441675
2024-07-02,243,1284.7,1295.2,09:00:00,14:45:00,True,True,True,111,2024-07-01,1285.0,-0.00023349029175610204,False,0.00023349029175610204
2024-07-03,243,1297.1,1307.0,09:00:00,14:45:00,True,True,True,111,2024-07-02,1295.2,0.0014658799832019522,False,0.0014658799832019522
2024-07-04,243,1307.0,1308.6,09:00:00,14:45:00,True,True,True,111,2024-07-03,1307.0,0.0,False,0.0
2024-07-05,243,1308.5,1316.3,09:00:00,14:45:00,True,True,True,111,2024-07-04,1308.6,-7.642046543777455e-05,False,7.642046543777455e-05
2024-07-08,243,1317.1,1314.0,09:00:00,14:45:00,True,True,True,111,2024-07-05,1316.3,0.0006075795736388465,False,0.0006075795736388465
2024-07-09,243,1316.2,1320.5,09:00:00,14:45:00,True,True,True,111,2024-07-08,1314.0,0.0016728769774629884,False,0.0016728769774629884
2024-07-10,243,1318.9,1310.0,09:00:00,14:45:00,True,True,True,111,2024-07-09,1320.5,-0.00121239690534768,False,0.00121239690534768
2024-07-11,243,1316.0,1305.7,09:00:00,14:45:00,True,True,True,111,2024-07-10,1310.0,0.004569695690065268,False,0.004569695690065268
2024-07-12,243,1304.9,1300.0,09:00:00,14:45:00,True,True,True,111,2024-07-11,1305.7,-0.0006128859457917304,False,0.0006128859457917304
2024-07-15,243,1302.0,1299.0,09:00:00,14:45:00,True,True,True,111,2024-07-12,1300.0,0.0015372793188863979,False,0.0015372793188863979
2024-07-16,243,1301.5,1302.7,09:00:00,14:45:00,True,True,True,111,2024-07-15,1299.0,0.00192270776402063,False,0.00192270776402063
2024-07-17,243,1309.0,1303.2,09:00:00,14:45:00,True,True,True,111,2024-07-16,1302.7,0.00482445320638144,False,0.00482445320638144
2024-07-18,243,1303.1,1297.5,09:00:00,14:45:00,True,True,True,111,2024-07-17,1303.2,-7.673713697522945e-05,False,7.673713697522945e-05
2024-07-19,243,1304.6,1297.1,09:00:00,14:45:00,True,True,True,111,2024-07-18,1297.5,0.005457144321951897,True,0.005457144321951897
2024-07-22,243,1291.3,1300.0,09:00:00,14:45:00,True,True,True,111,2024-07-19,1297.1,-0.004481540494021488,False,0.004481540494021488
2024-07-23,243,1301.5,1284.2,09:00:00,14:45:00,True,True,True,111,2024-07-22,1300.0,0.001153180984991869,False,0.001153180984991869
2024-07-24,243,1283.3,1283.5,09:00:00,14:45:00,True,True,True,111,2024-07-23,1284.2,-0.0007010711095327647,False,0.0007010711095327647
2024-07-25,243,1276.9,1276.6,09:00:00,14:45:00,True,True,True,111,2024-07-24,1283.5,-0.00515545588055957,False,0.00515545588055957
2024-07-26,243,1278.7,1285.0,09:00:00,14:45:00,True,True,True,111,2024-07-25,1276.6,0.0016436429951656793,False,0.0016436429951656793
2024-07-29,243,1289.9,1287.8,09:00:00,14:45:00,True,True,True,111,2024-07-26,1285.0,0.0038059776417704153,False,0.0038059776417704153
2024-07-30,243,1286.1,1292.4,09:00:00,14:45:00,True,True,True,111,2024-07-29,1287.8,-0.0013209528320420668,False,0.0013209528320420668
2024-07-31,243,1292.0,1304.3,09:00:00,14:45:00,True,True,True,111,2024-07-30,1292.4,-0.00030954960779607627,False,0.00030954960779607627
2024-08-01,243,1305.5,1275.0,09:00:00,14:45:00,True,True,True,111,2024-07-31,1304.3,0.0009196107629461345,False,0.0009196107629461345
2024-08-02,243,1266.2,1275.9,09:00:00,14:45:00,True,True,True,111,2024-08-01,1275.0,-0.006925889482500353,False,0.006925889482500353
2024-08-05,243,1256.8,1233.0,09:00:00,14:45:00,True,True,True,111,2024-08-02,1275.9,-0.015083003986286243,False,0.015083003986286243
2024-08-06,243,1244.7,1249.6,09:00:00,14:45:00,True,True,True,111,2024-08-05,1233.0,0.00944431284258772,False,0.00944431284258772
2024-08-07,243,1252.3,1250.0,09:00:00,14:45:00,True,True,True,111,2024-08-06,1249.6,0.002158360484565317,False,0.002158360484565317
2024-08-08,243,1248.4,1240.1,09:00:00,14:45:00,True,True,True,111,2024-08-07,1250.0,-0.001280819899722391,False,0.001280819899722391
2024-08-09,243,1249.1,1264.9,09:00:00,14:45:00,True,True,True,111,2024-08-08,1240.1,0.007231270463136932,False,0.007231270463136932
2024-08-12,243,1262.5,1270.0,09:00:00,14:45:00,True,True,True,111,2024-08-09,1264.9,-0.0018991855039813378,False,0.0018991855039813378
2024-08-13,243,1269.0,1267.0,09:00:00,14:45:00,True,True,True,111,2024-08-12,1270.0,-0.0007877117382493169,False,0.0007877117382493169
2024-08-14,243,1270.9,1268.0,09:00:00,14:45:00,True,True,True,111,2024-08-13,1267.0,0.0030734095668857194,False,0.0030734095668857194
2024-08-15,243,1268.0,1267.7,09:00:00,14:45:00,True,True,True,111,2024-08-14,1268.0,0.0,False,0.0
2024-08-16,243,1271.5,1288.0,09:00:00,14:45:00,True,True,True,111,2024-08-15,1267.7,0.002993070917493281,True,0.002993070917493281
2024-08-19,243,1289.0,1298.0,09:00:00,14:45:00,True,True,True,111,2024-08-16,1288.0,0.0007760962748884511,False,0.0007760962748884511
2024-08-20,243,1301.6,1302.0,09:00:00,14:45:00,True,True,True,111,2024-08-19,1298.0,0.0027696586407927153,False,0.0027696586407927153
2024-08-21,243,1300.8,1312.4,09:00:00,14:45:00,True,True,True,111,2024-08-20,1302.0,-0.000922083974968425,False,0.000922083974968425
2024-08-22,243,1312.7,1314.2,09:00:00,14:45:00,True,True,True,111,2024-08-21,1312.4,0.00022856272241511216,False,0.00022856272241511216
2024-08-23,243,1311.6,1315.3,09:00:00,14:45:00,True,True,True,111,2024-08-22,1314.2,-0.00198034949327437,False,0.00198034949327437
2024-08-26,243,1320.8,1317.0,09:00:00,14:45:00,True,True,True,111,2024-08-23,1315.3,0.004172837131185333,False,0.004172837131185333
2024-08-27,243,1316.9,1321.8,09:00:00,14:45:00,True,True,True,111,2024-08-26,1317.0,-7.593302710654587e-05,False,7.593302710654587e-05
2024-08-28,243,1320.6,1322.1,09:00:00,14:45:00,True,True,True,111,2024-08-27,1321.8,-0.0009082652758814559,False,0.0009082652758814559
2024-08-29,243,1321.1,1326.8,09:00:00,14:45:00,True,True,True,111,2024-08-28,1322.1,-0.0007566586317426016,False,0.0007566586317426016
2024-08-30,243,1328.4,1332.7,09:00:00,14:45:00,True,True,True,111,2024-08-29,1326.8,0.001205182429694236,False,0.001205182429694236
2024-09-04,243,1320.8,1314.0,09:00:00,14:45:00,True,True,True,111,2024-08-30,1332.7,-0.008969345979763062,False,0.008969345979763062
2024-09-05,243,1316.1,1307.7,09:00:00,14:45:00,True,True,True,111,2024-09-04,1314.0,0.0015968977957219997,False,0.0015968977957219997
2024-09-06,243,1307.6,1309.0,09:00:00,14:45:00,True,True,True,111,2024-09-05,1307.7,-7.647306240115609e-05,False,7.647306240115609e-05
2024-09-09,243,1299.2,1307.7,09:00:00,14:45:00,True,True,True,111,2024-09-06,1309.0,-0.007514796502486387,False,0.007514796502486387
2024-09-10,243,1310.8,1294.1,09:00:00,14:45:00,True,True,True,111,2024-09-09,1307.7,0.0023677689122028533,False,0.0023677689122028533
2024-09-11,243,1294.5,1293.0,09:00:00,14:45:00,True,True,True,111,2024-09-10,1294.1,0.0003090473639680489,False,0.0003090473639680489
2024-09-12,243,1300.0,1297.5,09:00:00,14:45:00,True,True,True,111,2024-09-11,1293.0,0.0053991646777706015,False,0.0053991646777706015
2024-09-13,243,1299.8,1294.1,09:00:00,14:45:00,True,True,True,111,2024-09-12,1297.5,0.0017710704202047844,False,0.0017710704202047844
2024-09-16,243,1297.0,1282.0,09:00:00,14:45:00,True,True,True,111,2024-09-13,1294.1,0.0022384324888195914,False,0.0022384324888195914
2024-09-17,243,1283.0,1305.8,09:00:00,14:45:00,True,True,True,111,2024-09-16,1282.0,0.0007797271350210612,False,0.0007797271350210612
2024-09-18,243,1305.0,1311.9,09:00:00,14:45:00,True,True,True,111,2024-09-17,1305.8,-0.0006128389957393206,False,0.0006128389957393206
2024-09-19,243,1314.0,1316.9,09:00:00,14:45:00,True,True,True,111,2024-09-18,1311.9,0.001599451957571241,False,0.001599451957571241
2024-09-20,243,1329.7,1330.0,09:00:00,14:45:00,True,True,True,111,2024-09-19,1316.9,0.009672863146485812,True,0.009672863146485812
2024-09-23,243,1331.0,1325.5,09:00:00,14:45:00,True,True,True,111,2024-09-20,1330.0,0.000751597179312122,False,0.000751597179312122
2024-09-24,243,1326.0,1335.0,09:00:00,14:45:00,True,True,True,111,2024-09-23,1325.5,0.00037714501672756547,False,0.00037714501672756547
2024-09-25,243,1337.3,1344.0,09:00:00,14:45:00,True,True,True,111,2024-09-24,1335.0,0.0017213640444008272,False,0.0017213640444008272
2024-09-26,243,1345.9,1356.4,09:00:00,14:45:00,True,True,True,111,2024-09-25,1344.0,0.0014126921565751813,False,0.0014126921565751813
2024-09-27,243,1358.1,1355.5,09:00:00,14:45:00,True,True,True,111,2024-09-26,1356.4,0.0012525328585388286,False,0.0012525328585388286
2024-09-30,243,1352.6,1357.0,09:00:00,14:45:00,True,True,True,111,2024-09-27,1355.5,-0.002141723797880692,False,0.002141723797880692
2024-10-01,243,1361.5,1360.0,09:00:00,14:45:00,True,True,True,111,2024-09-30,1357.0,0.0033106522789451767,False,0.0033106522789451767
2024-10-02,243,1354.0,1357.1,09:00:00,14:45:00,True,True,True,111,2024-10-01,1360.0,-0.004421525257877374,False,0.004421525257877374
2024-10-03,243,1360.2,1349.0,09:00:00,14:45:00,True,True,True,111,2024-10-02,1357.1,0.002281677654213447,False,0.002281677654213447
2024-10-04,243,1351.7,1343.0,09:00:00,14:45:00,True,True,True,111,2024-10-03,1349.0,0.001999482282026319,False,0.001999482282026319
2024-10-07,243,1347.5,1340.0,09:00:00,14:45:00,True,True,True,111,2024-10-04,1343.0,0.0033451062599146107,False,0.0033451062599146107
2024-10-08,243,1340.0,1341.7,09:00:00,14:45:00,True,True,True,111,2024-10-07,1340.0,0.0,False,0.0
2024-10-09,243,1344.1,1358.3,09:00:00,14:45:00,True,True,True,111,2024-10-08,1341.7,0.0017871774806764867,False,0.0017871774806764867
2024-10-10,243,1363.2,1366.2,09:00:00,14:45:00,True,True,True,111,2024-10-09,1358.3,0.0036009592466063195,False,0.0036009592466063195
2024-10-11,243,1365.9,1366.6,09:00:00,14:45:00,True,True,True,111,2024-10-10,1366.2,-0.00021961128890285353,False,0.00021961128890285353
2024-10-14,243,1375.6,1359.0,09:00:00,14:45:00,True,True,True,111,2024-10-11,1366.6,0.006564096211433151,False,0.006564096211433151
2024-10-15,243,1360.1,1358.0,09:00:00,14:45:00,True,True,True,111,2024-10-14,1359.0,0.0008090912875638303,False,0.0008090912875638303
2024-10-16,243,1355.7,1354.6,09:00:00,14:45:00,True,True,True,111,2024-10-15,1358.0,-0.0016951030332977399,False,0.0016951030332977399
2024-10-17,243,1358.0,1358.3,09:00:00,14:45:00,True,True,True,111,2024-10-16,1354.6,0.0025068213378381414,False,0.0025068213378381414
2024-10-18,243,1374.6,1365.9,09:00:00,14:45:00,True,True,True,111,2024-10-17,1358.3,0.01192886185905976,True,0.01192886185905976
2024-10-21,243,1364.0,1363.9,09:00:00,14:45:00,True,True,True,111,2024-10-18,1365.9,-0.001391992605438748,False,0.001391992605438748
2024-10-22,243,1360.0,1352.2,09:00:00,14:45:00,True,True,True,111,2024-10-21,1363.9,-0.0028635432027317893,False,0.0028635432027317893
2024-10-23,243,1353.0,1354.0,09:00:00,14:45:00,True,True,True,111,2024-10-22,1352.2,0.0005914535142105754,False,0.0005914535142105754
2024-10-24,243,1352.5,1338.0,09:00:00,14:45:00,True,True,True,111,2024-10-23,1354.0,-0.0011084427515837378,False,0.0011084427515837378
2024-10-25,243,1338.5,1327.2,09:00:00,14:45:00,True,True,True,111,2024-10-24,1338.0,0.0003736222722334588,False,0.0003736222722334588
2024-10-28,243,1330.0,1332.0,09:00:00,14:45:00,True,True,True,111,2024-10-25,1327.2,0.0021074823395645778,False,0.0021074823395645778
2024-10-29,243,1334.0,1339.4,09:00:00,14:45:00,True,True,True,111,2024-10-28,1332.0,0.001500375375234492,False,0.001500375375234492
2024-10-30,243,1341.6,1342.0,09:00:00,14:45:00,True,True,True,111,2024-10-29,1339.4,0.0016411790330492055,False,0.0016411790330492055
2024-10-31,243,1339.0,1343.5,09:00:00,14:45:00,True,True,True,111,2024-10-30,1342.0,-0.002237971840454608,False,0.002237971840454608
2024-11-01,243,1340.4,1330.4,09:00:00,14:45:00,True,True,True,111,2024-10-31,1343.5,-0.0023100721923904935,False,0.0023100721923904935
2024-11-04,243,1332.8,1318.5,09:00:00,14:45:00,True,True,True,111,2024-11-01,1330.4,0.001802343533860248,False,0.001802343533860248
2024-11-05,243,1319.3,1319.0,09:00:00,14:45:00,True,True,True,111,2024-11-04,1318.5,0.0006065660963894337,False,0.0006065660963894337
2024-11-06,243,1325.0,1341.0,09:00:00,14:45:00,True,True,True,111,2024-11-05,1319.0,0.0045385857030080376,False,0.0045385857030080376
2024-11-07,243,1342.0,1334.7,09:00:00,14:45:00,True,True,True,111,2024-11-06,1341.0,0.0007454342499486637,False,0.0007454342499486637
2024-11-08,243,1337.5,1324.0,09:00:00,14:45:00,True,True,True,111,2024-11-07,1334.7,0.00209565229005583,False,0.00209565229005583
2024-11-11,243,1323.6,1320.1,09:00:00,14:45:00,True,True,True,111,2024-11-08,1324.0,-0.00030216044949645367,False,0.00030216044949645367
2024-11-12,243,1321.1,1310.0,09:00:00,14:45:00,True,True,True,111,2024-11-11,1320.1,0.0007572315975945599,False,0.0007572315975945599
2024-11-13,243,1305.7,1307.3,09:00:00,14:45:00,True,True,True,111,2024-11-12,1310.0,-0.003287841781204257,False,0.003287841781204257
2024-11-14,243,1306.0,1292.9,09:00:00,14:45:00,True,True,True,111,2024-11-13,1307.3,-0.00099491073143797,False,0.00099491073143797
2024-11-15,243,1292.7,1275.6,09:00:00,14:45:00,True,True,True,111,2024-11-14,1292.9,-0.00015470297060559573,False,0.00015470297060559573
2024-11-18,243,1271.5,1273.2,09:00:00,14:45:00,True,True,True,111,2024-11-15,1275.6,-0.0032193502737281905,False,0.0032193502737281905
2024-11-19,243,1272.4,1262.3,09:00:00,14:45:00,True,True,True,111,2024-11-18,1273.2,-0.0006285355329486328,False,0.0006285355329486328
2024-11-20,243,1260.8,1270.0,09:00:00,14:45:00,True,True,True,111,2024-11-19,1262.3,-0.0011890136552012477,False,0.0011890136552012477
2024-11-21,243,1267.8,1281.3,09:00:00,14:45:00,True,True,True,111,2024-11-20,1270.0,-0.001733785602571009,False,0.001733785602571009
2024-11-22,243,1294.7,1298.0,09:00:00,14:45:00,True,True,True,111,2024-11-21,1281.3,0.010403820549071238,True,0.010403820549071238
2024-11-25,243,1298.6,1298.4,09:00:00,14:45:00,True,True,True,111,2024-11-22,1298.0,0.0004621428103509957,False,0.0004621428103509957
2024-11-26,243,1296.1,1307.0,09:00:00,14:45:00,True,True,True,111,2024-11-25,1298.4,-0.0017729817710522178,False,0.0017729817710522178
2024-11-27,243,1307.6,1307.8,09:00:00,14:45:00,True,True,True,111,2024-11-26,1307.0,0.00045896122583350714,False,0.00045896122583350714
2024-11-28,243,1310.1,1305.5,09:00:00,14:45:00,True,True,True,111,2024-11-27,1307.8,0.0017571340324494063,False,0.0017571340324494063
2024-11-29,243,1305.0,1318.0,09:00:00,14:45:00,True,True,True,111,2024-11-28,1305.5,-0.0003830683823897844,False,0.0003830683823897844
2024-12-02,243,1322.6,1313.5,09:00:00,14:45:00,True,True,True,111,2024-11-29,1318.0,0.003484060178109311,False,0.003484060178109311
2024-12-03,243,1315.9,1314.0,09:00:00,14:45:00,True,True,True,111,2024-12-02,1313.5,0.0018255120305004998,False,0.0018255120305004998
2024-12-04,243,1312.4,1303.0,09:00:00,14:45:00,True,True,True,111,2024-12-03,1314.0,-0.0012183979576091877,False,0.0012183979576091877
2024-12-05,243,1303.8,1345.0,09:00:00,14:45:00,True,True,True,111,2024-12-04,1303.0,0.0006137793655939021,False,0.0006137793655939021
2024-12-06,243,1342.6,1342.0,09:00:00,14:45:00,True,True,True,111,2024-12-05,1345.0,-0.0017859805312884112,False,0.0017859805312884112
2024-12-09,243,1342.0,1339.9,09:00:00,14:45:00,True,True,True,111,2024-12-06,1342.0,0.0,False,0.0
2024-12-10,243,1339.9,1343.0,09:00:00,14:45:00,True,True,True,111,2024-12-09,1339.9,0.0,False,0.0
2024-12-11,243,1340.6,1338.6,09:00:00,14:45:00,True,True,True,111,2024-12-10,1343.0,-0.0017886425993803696,False,0.0017886425993803696
2024-12-12,243,1341.0,1339.5,09:00:00,14:45:00,True,True,True,111,2024-12-11,1338.6,0.0017913126151368323,False,0.0017913126151368323
2024-12-13,243,1336.0,1335.0,09:00:00,14:45:00,True,True,True,111,2024-12-12,1339.5,-0.002616334888072432,False,0.002616334888072432
2024-12-16,243,1333.0,1335.0,09:00:00,14:45:00,True,True,True,111,2024-12-13,1335.0,-0.0014992506556412608,False,0.0014992506556412608
2024-12-17,243,1336.6,1331.0,09:00:00,14:45:00,True,True,True,111,2024-12-16,1335.0,0.0011977842426197022,False,0.0011977842426197022
2024-12-18,243,1328.7,1331.0,09:00:00,14:45:00,True,True,True,111,2024-12-17,1331.0,-0.0017295187978494187,False,0.0017295187978494187
2024-12-19,243,1315.3,1312.3,09:00:00,14:45:00,True,True,True,111,2024-12-18,1331.0,-0.011865762920378683,False,0.011865762920378683
2024-12-20,243,1316.5,1321.2,09:00:00,14:45:00,True,True,True,111,2024-12-19,1312.3,0.003195377034123218,True,0.003195377034123218
2024-12-23,243,1325.8,1328.0,09:00:00,14:45:00,True,True,True,111,2024-12-20,1321.2,0.0034756362906564336,False,0.0034756362906564336
2024-12-24,243,1325.5,1328.0,09:00:00,14:45:00,True,True,True,111,2024-12-23,1328.0,-0.0018843043072988988,False,0.0018843043072988988
2024-12-25,243,1333.6,1350.1,09:00:00,14:45:00,True,True,True,111,2024-12-24,1328.0,0.004208001400205049,False,0.004208001400205049
2024-12-26,243,1350.9,1350.7,09:00:00,14:45:00,True,True,True,111,2024-12-25,1350.1,0.0005923732124353045,False,0.0005923732124353045
2024-12-27,243,1352.9,1348.5,09:00:00,14:45:00,True,True,True,111,2024-12-26,1350.7,0.001627460042596157,False,0.001627460042596157
2024-12-30,243,1346.8,1345.2,09:00:00,14:45:00,True,True,True,111,2024-12-27,1348.5,-0.0012614552928652827,False,0.0012614552928652827
2024-12-31,243,1344.9,1345.5,09:00:00,14:45:00,True,True,True,111,2024-12-30,1345.2,-0.00022304003661101598,False,0.00022304003661101598
2025-01-02,224,1347.5,1346.9,09:10:00,14:45:00,True,True,True,111,2024-12-31,1345.5,0.0014853326161917428,False,0.0014853326161917428
2025-01-03,243,1345.8,1324.0,09:00:00,14:45:00,True,True,True,111,2025-01-02,1346.9,-0.0008170238505516039,False,0.0008170238505516039
2025-01-06,243,1324.0,1318.9,09:00:00,14:45:00,True,True,True,111,2025-01-03,1324.0,0.0,False,0.0
2025-01-07,243,1319.0,1318.4,09:00:00,14:45:00,True,True,True,111,2025-01-06,1318.9,7.581788547549181e-05,False,7.581788547549181e-05
2025-01-08,243,1318.4,1322.5,09:00:00,14:45:00,True,True,True,111,2025-01-07,1318.4,0.0,False,0.0
2025-01-09,243,1323.0,1314.5,09:00:00,14:45:00,True,True,True,111,2025-01-08,1322.5,0.0003780003825011968,False,0.0003780003825011968
2025-01-10,243,1316.7,1295.6,09:00:00,14:45:00,True,True,True,111,2025-01-09,1314.5,0.0016722411923621328,False,0.0016722411923621328
2025-01-13,243,1287.6,1299.5,09:00:00,14:45:00,True,True,True,111,2025-01-10,1295.6,-0.006193887872521188,False,0.006193887872521188
2025-01-14,243,1301.5,1291.2,09:00:00,14:45:00,True,True,True,111,2025-01-13,1299.5,0.0015378703530750893,False,0.0015378703530750893
2025-01-15,243,1293.9,1296.6,09:00:00,14:45:00,True,True,True,111,2025-01-14,1291.2,0.0020888948062228463,False,0.0020888948062228463
2025-01-16,243,1304.5,1295.1,09:00:00,14:45:00,True,True,True,111,2025-01-15,1296.6,0.0060743718358877916,False,0.0060743718358877916
2025-01-17,243,1308.9,1320.8,09:00:00,14:45:00,True,True,True,111,2025-01-16,1295.1,0.010599177568132145,True,0.010599177568132145
2025-01-20,243,1319.9,1324.5,09:00:00,14:45:00,True,True,True,111,2025-01-17,1320.8,-0.0006816374710093099,False,0.0006816374710093099
2025-01-21,243,1324.7,1322.8,09:00:00,14:45:00,True,True,True,111,2025-01-20,1324.5,0.0001509889780914579,False,0.0001509889780914579
2025-01-22,243,1327.9,1320.5,09:00:00,14:45:00,True,True,True,111,2025-01-21,1322.8,0.0038480448886441237,False,0.0038480448886441237
2025-01-23,243,1321.3,1339.0,09:00:00,14:45:00,True,True,True,111,2025-01-22,1320.5,0.000605647682984278,False,0.000605647682984278
2025-01-24,243,1340.1,1343.9,09:00:00,14:45:00,True,True,True,111,2025-01-23,1339.0,0.0008211713350101287,False,0.0008211713350101287
2025-02-03,243,1331.0,1318.0,09:00:00,14:45:00,True,True,True,111,2025-01-24,1343.9,-0.009645295157906896,False,0.009645295157906896
2025-02-04,243,1325.5,1328.5,09:00:00,14:45:00,True,True,True,111,2025-02-03,1318.0,0.0056743106666277505,False,0.0056743106666277505
2025-02-05,243,1331.6,1333.5,09:00:00,14:45:00,True,True,True,111,2025-02-04,1328.5,0.0023307405010015523,False,0.0023307405010015523
2025-02-06,243,1335.6,1339.9,09:00:00,14:45:00,True,True,True,111,2025-02-05,1333.5,0.0015735644474305383,False,0.0015735644474305383
2025-02-07,243,1338.5,1343.3,09:00:00,14:45:00,True,True,True,111,2025-02-06,1339.9,-0.001045400334155175,False,0.001045400334155175
2025-02-10,243,1333.4,1330.5,09:00:00,14:45:00,True,True,True,111,2025-02-07,1343.3,-0.00739720188500782,False,0.00739720188500782
2025-02-11,243,1332.5,1334.1,09:00:00,14:45:00,True,True,True,111,2025-02-10,1330.5,0.0015020656222556356,False,0.0015020656222556356
2025-02-12,243,1337.4,1329.5,09:00:00,14:45:00,True,True,True,111,2025-02-11,1334.1,0.0024705234351179483,False,0.0024705234351179483
2025-02-13,243,1331.9,1337.5,09:00:00,14:45:00,True,True,True,111,2025-02-12,1329.5,0.0018035625239103872,False,0.0018035625239103872
2025-02-14,243,1345.2,1341.8,09:00:00,14:45:00,True,True,True,111,2025-02-13,1337.5,0.005740501095952904,False,0.005740501095952904
2025-02-17,243,1342.0,1335.3,09:00:00,14:45:00,True,True,True,111,2025-02-14,1341.8,0.0001490424028394792,False,0.0001490424028394792
2025-02-18,243,1335.3,1338.9,09:00:00,14:45:00,True,True,True,111,2025-02-17,1335.3,0.0,False,0.0
2025-02-19,243,1337.3,1344.5,09:00:00,14:45:00,True,True,True,111,2025-02-18,1338.9,-0.0011957254245831886,False,0.0011957254245831886
2025-02-20,243,1344.7,1350.0,09:00:00,14:45:00,True,True,True,111,2025-02-19,1344.5,0.00014874312090501222,False,0.00014874312090501222
2025-02-21,243,1345.0,1353.8,09:00:00,14:45:00,True,True,True,111,2025-02-20,1350.0,-0.0037105793965356015,True,0.0037105793965356015
2025-02-24,243,1350.1,1366.3,09:00:00,14:45:00,True,True,True,111,2025-02-21,1353.8,-0.0027367893113068842,False,0.0027367893113068842
2025-02-25,243,1367.0,1359.8,09:00:00,14:45:00,True,True,True,111,2025-02-24,1366.3,0.0005122013795073905,False,0.0005122013795073905
2025-02-26,243,1362.5,1361.9,09:00:00,14:45:00,True,True,True,111,2025-02-25,1359.8,0.0019836174450399285,False,0.0019836174450399285
2025-02-27,243,1363.5,1364.0,09:00:00,14:45:00,True,True,True,111,2025-02-26,1361.9,0.0011741397107313653,False,0.0011741397107313653
2025-02-28,243,1358.0,1357.0,09:00:00,14:45:00,True,True,True,111,2025-02-27,1364.0,-0.0044085302847659685,False,0.0044085302847659685
2025-03-03,243,1362.6,1361.0,09:00:00,14:45:00,True,True,True,111,2025-02-28,1357.0,0.004118258504698645,False,0.004118258504698645
2025-03-04,243,1355.7,1367.0,09:00:00,14:45:00,True,True,True,111,2025-03-03,1361.0,-0.0039017975661223693,False,0.0039017975661223693
2025-03-05,243,1365.0,1365.2,09:00:00,14:45:00,True,True,True,111,2025-03-04,1367.0,-0.0014641291048894242,False,0.0014641291048894242
2025-03-06,243,1367.0,1375.4,09:00:00,14:45:00,True,True,True,111,2025-03-05,1365.2,0.0013176196913975858,False,0.0013176196913975858
2025-03-07,243,1374.5,1385.2,09:00:00,14:45:00,True,True,True,111,2025-03-06,1375.4,-0.0006545692804353974,False,0.0006545692804353974
2025-03-10,243,1386.8,1389.4,09:00:00,14:45:00,True,True,True,111,2025-03-07,1385.2,0.0011544012826014624,False,0.0011544012826014624
2025-03-11,243,1379.0,1392.0,09:00:00,14:45:00,True,True,True,111,2025-03-10,1389.4,-0.007513400465478834,False,0.007513400465478834
2025-03-12,243,1394.4,1388.5,09:00:00,14:45:00,True,True,True,111,2025-03-11,1392.0,0.0017226533114463776,False,0.0017226533114463776
2025-03-13,243,1390.0,1385.5,09:00:00,14:45:00,True,True,True,111,2025-03-12,1388.5,0.001079719377883193,False,0.001079719377883193
2025-03-14,243,1383.5,1385.0,09:00:00,14:45:00,True,True,True,111,2025-03-13,1385.5,-0.0014445650760525524,False,0.0014445650760525524
2025-03-17,243,1387.1,1390.3,09:00:00,14:45:00,True,True,True,111,2025-03-14,1385.0,0.0015150971478054321,False,0.0015150971478054321
2025-03-18,243,1394.0,1387.5,09:00:00,14:45:00,True,True,True,111,2025-03-17,1390.3,0.0026577611449715897,False,0.0026577611449715897
2025-03-19,243,1385.9,1377.0,09:00:00,14:45:00,True,True,True,111,2025-03-18,1387.5,-0.0011538185458327304,False,0.0011538185458327304
2025-03-20,243,1378.5,1376.5,09:00:00,14:45:00,True,True,True,111,2025-03-19,1377.0,0.0010887317351966558,False,0.0010887317351966558
2025-03-21,243,1375.0,1373.9,09:00:00,14:45:00,True,True,True,111,2025-03-20,1376.5,-0.0010903144819903177,True,0.0010903144819903177
2025-03-24,243,1376.0,1390.0,09:00:00,14:45:00,True,True,True,111,2025-03-21,1373.9,0.001527328563386363,False,0.001527328563386363
2025-03-25,233,1391.2,1386.7,09:00:00,14:45:00,True,True,True,111,2025-03-24,1390.0,0.0008629369153359531,False,0.0008629369153359531
2025-03-26,243,1387.9,1376.9,09:00:00,14:45:00,True,True,True,111,2025-03-25,1386.7,0.0008649896019756835,False,0.0008649896019756835
2025-03-27,243,1375.0,1374.8,09:00:00,14:45:00,True,True,True,111,2025-03-26,1376.9,-0.001380864349655112,False,0.001380864349655112
2025-03-28,243,1374.4,1365.1,09:00:00,14:45:00,True,True,True,111,2025-03-27,1374.8,-0.00029099374568778726,False,0.00029099374568778726
2025-03-31,243,1357.0,1360.0,09:00:00,14:45:00,True,True,True,111,2025-03-28,1365.1,-0.00595130517406284,False,0.00595130517406284
2025-04-01,243,1362.2,1366.0,09:00:00,14:45:00,True,True,True,111,2025-03-31,1360.0,0.0016163400771203832,False,0.0016163400771203832
2025-04-02,243,1367.2,1371.6,09:00:00,14:45:00,True,True,True,111,2025-04-01,1366.0,0.0008780916706457113,False,0.0008780916706457113
2025-04-03,243,1347.0,1275.6,09:00:00,14:45:00,True,True,True,111,2025-04-02,1371.6,-0.018098044178401215,False,0.018098044178401215
2025-04-04,243,1252.5,1267.1,09:00:00,14:45:00,True,True,True,111,2025-04-03,1275.6,-0.01827510217688263,False,0.01827510217688263
2025-04-08,243,1244.0,1178.5,09:00:00,14:45:00,True,True,True,111,2025-04-04,1267.1,-0.01839883050573776,False,0.01839883050573776
2025-04-09,243,1115.5,1178.0,09:00:00,14:45:00,True,True,True,111,2025-04-08,1178.5,-0.05493970850359857,False,0.05493970850359857
2025-04-10,115,1260.4,1260.4,09:00:00,14:45:00,False,False,True,001,2025-04-09,1178.0,0.06761104567158756,False,0.06761104567158756
2025-04-11,243,1279.7,1307.0,09:00:00,14:45:00,True,True,True,111,2025-04-10,1260.4,0.015196544560430635,False,0.015196544560430635
2025-04-14,243,1313.8,1317.0,09:00:00,14:45:00,True,True,True,111,2025-04-11,1307.0,0.005189266834150488,False,0.005189266834150488
2025-04-15,243,1310.0,1307.7,09:00:00,14:45:00,True,True,True,111,2025-04-14,1317.0,-0.005329285548083845,False,0.005329285548083845
2025-04-16,243,1303.0,1290.0,09:00:00,14:45:00,True,True,True,111,2025-04-15,1307.7,-0.003600570787611536,False,0.003600570787611536
2025-04-17,243,1288.3,1296.0,09:00:00,14:45:00,True,True,True,111,2025-04-16,1290.0,-0.0013186985582387771,False,0.0013186985582387771
2025-04-18,243,1302.1,1290.0,09:00:00,14:45:00,True,True,True,111,2025-04-17,1296.0,0.004695747822462604,True,0.004695747822462604
2025-04-21,243,1294.8,1291.0,09:00:00,14:45:00,True,True,True,111,2025-04-18,1290.0,0.0037140246963713874,False,0.0037140246963713874
2025-04-22,243,1285.4,1292.0,09:00:00,14:45:00,True,True,True,111,2025-04-21,1291.0,-0.004347157909456613,False,0.004347157909456613
2025-04-23,243,1313.2,1301.0,09:00:00,14:45:00,True,True,True,111,2025-04-22,1292.0,0.016275501284890456,False,0.016275501284890456
2025-04-24,243,1304.0,1307.0,09:00:00,14:45:00,True,True,True,111,2025-04-23,1301.0,0.00230326397409309,False,0.00230326397409309
2025-04-25,243,1314.4,1311.9,09:00:00,14:45:00,True,True,True,111,2025-04-24,1307.0,0.005645853098836367,False,0.005645853098836367
2025-04-28,243,1315.3,1312.0,09:00:00,14:45:00,True,True,True,111,2025-04-25,1311.9,0.0025883083877481913,False,0.0025883083877481913
2025-04-29,243,1312.2,1306.2,09:00:00,14:45:00,True,True,True,111,2025-04-28,1312.0,0.000152427406742889,False,0.000152427406742889
2025-05-05,241,1313.2,1316.4,09:00:00,14:45:00,False,False,True,001,2025-04-29,1306.2,0.005344748158880943,False,0.005344748158880943
2025-05-06,241,1317.5,1317.5,09:00:00,14:45:00,False,False,True,001,2025-05-05,1316.4,0.0008352633463324352,False,0.0008352633463324352
2025-05-07,241,1319.0,1325.0,09:00:00,14:45:00,False,False,True,001,2025-05-06,1317.5,0.0011378723017972819,False,0.0011378723017972819
2025-05-08,241,1327.9,1355.0,09:00:00,14:45:00,False,False,True,001,2025-05-07,1325.0,0.0021862875759592116,False,0.0021862875759592116
2025-05-09,241,1354.2,1350.5,09:00:00,14:45:00,False,False,True,001,2025-05-08,1355.0,-0.0005905802622562346,False,0.0005905802622562346
2025-05-12,241,1356.0,1374.0,09:00:00,14:45:00,False,False,True,001,2025-05-09,1350.5,0.004064295267670637,False,0.004064295267670637
2025-05-13,241,1379.0,1380.0,09:00:00,14:45:00,False,False,True,001,2025-05-12,1374.0,0.0036324050110071527,False,0.0036324050110071527
2025-05-14,241,1378.6,1396.5,09:00:00,14:45:00,False,False,True,001,2025-05-13,1380.0,-0.001015007699699053,False,0.001015007699699053
2025-05-15,241,1396.5,1400.7,09:00:00,14:45:00,False,False,True,001,2025-05-14,1396.5,0.0,False,0.0
2025-05-16,241,1397.9,1384.2,09:00:00,14:45:00,False,False,True,001,2025-05-15,1400.7,-0.0020010011679181716,True,0.0020010011679181716
2025-05-19,241,1379.0,1380.1,09:00:00,14:45:00,False,False,True,001,2025-05-16,1384.2,-0.003763756614461206,False,0.003763756614461206
2025-05-20,241,1384.0,1408.0,09:00:00,14:45:00,False,False,True,001,2025-05-19,1380.1,0.002821896883620749,False,0.002821896883620749
2025-05-21,241,1407.2,1414.5,09:00:00,14:45:00,False,False,True,001,2025-05-20,1408.0,-0.0005683432946392234,False,0.0005683432946392234
2025-05-22,241,1408.0,1402.0,09:00:00,14:45:00,False,False,True,001,2025-05-21,1414.5,-0.004605854023634163,False,0.004605854023634163
2025-05-23,241,1404.0,1406.5,09:00:00,14:45:00,False,False,True,001,2025-05-22,1402.0,0.0014255169912209468,False,0.0014255169912209468
2025-05-26,241,1409.4,1416.5,09:00:00,14:45:00,False,False,True,001,2025-05-23,1406.5,0.0020597329630105622,False,0.0020597329630105622
2025-05-27,241,1417.4,1415.5,09:00:00,14:45:00,False,False,True,001,2025-05-26,1416.5,0.0006351671055844758,False,0.0006351671055844758
2025-05-28,241,1420.9,1421.2,09:00:00,14:45:00,False,False,True,001,2025-05-27,1415.5,0.003807648092075474,False,0.003807648092075474
2025-05-29,241,1427.9,1423.7,09:00:00,14:45:00,False,False,True,001,2025-05-28,1421.2,0.004703248289377636,False,0.004703248289377636
2025-05-30,241,1420.0,1419.5,09:00:00,14:45:00,False,False,True,001,2025-05-29,1423.7,-0.0026022450243937054,False,0.0026022450243937054
2025-06-02,241,1411.1,1415.1,09:00:00,14:45:00,False,False,True,001,2025-05-30,1419.5,-0.005935154849310915,False,0.005935154849310915
2025-06-03,241,1419.0,1434.9,09:00:00,14:45:00,False,False,True,001,2025-06-02,1415.1,0.002752198201717115,False,0.002752198201717115
2025-06-04,241,1437.0,1430.0,09:00:00,14:45:00,False,False,True,001,2025-06-03,1434.9,0.0014624467246639188,False,0.0014624467246639188
2025-06-05,241,1428.3,1427.0,09:00:00,14:45:00,False,False,True,001,2025-06-04,1430.0,-0.0011895183853702044,False,0.0011895183853702044
2025-06-06,241,1427.0,1413.6,09:00:00,14:45:00,False,False,True,001,2025-06-05,1427.0,0.0,False,0.0
2025-06-09,241,1415.9,1397.0,09:00:00,14:45:00,False,False,True,001,2025-06-06,1413.6,0.0016257292854386942,False,0.0016257292854386942
2025-06-10,241,1395.2,1396.9,09:00:00,14:45:00,False,False,True,001,2025-06-09,1397.0,-0.0012893061022465678,False,0.0012893061022465678
2025-06-11,241,1400.2,1401.8,09:00:00,14:45:00,False,False,True,001,2025-06-10,1396.9,0.0023595878095919094,False,0.0023595878095919094
2025-06-12,241,1400.0,1409.2,09:00:00,14:45:00,False,False,True,001,2025-06-11,1401.8,-0.0012848884628743284,False,0.0012848884628743284
2025-06-13,241,1399.0,1395.9,09:00:00,14:45:00,False,False,True,001,2025-06-12,1409.2,-0.007264471801601434,False,0.007264471801601434
2025-06-16,241,1398.6,1416.7,09:00:00,14:45:00,False,False,True,001,2025-06-13,1395.9,0.0019323677510538603,False,0.0019323677510538603
2025-06-17,241,1418.5,1421.0,09:00:00,14:45:00,False,False,True,001,2025-06-16,1416.7,0.0012697518636008375,False,0.0012697518636008375
2025-06-18,241,1424.0,1427.4,09:00:00,14:45:00,False,False,True,001,2025-06-17,1421.0,0.002108963874820357,False,0.002108963874820357
2025-06-19,241,1428.9,1440.8,09:00:00,14:45:00,False,False,True,001,2025-06-18,1427.4,0.0010503099379573979,False,0.0010503099379573979
2025-06-20,241,1426.8,1424.2,09:00:00,14:45:00,False,False,True,001,2025-06-19,1440.8,-0.009764340377009857,True,0.009764340377009857
2025-06-23,241,1418.0,1433.6,09:00:00,14:45:00,False,False,True,001,2025-06-20,1424.2,-0.004362824455951642,False,0.004362824455951642
2025-06-24,241,1444.0,1449.0,09:00:00,14:45:00,False,False,True,001,2025-06-23,1433.6,0.00722827723210564,False,0.00722827723210564
2025-06-25,241,1451.9,1450.2,09:00:00,14:45:00,False,False,True,001,2025-06-24,1449.0,0.001999380168959653,False,0.001999380168959653
2025-06-26,241,1449.7,1448.8,09:00:00,14:45:00,False,False,True,001,2025-06-25,1450.2,-0.00034483948064056776,False,0.00034483948064056776
2025-06-27,241,1453.2,1460.0,09:00:00,14:45:00,False,False,True,001,2025-06-26,1448.8,0.0030323937778433544,False,0.0030323937778433544
2025-06-30,241,1467.9,1462.6,09:00:00,14:45:00,False,False,True,001,2025-06-27,1460.0,0.005396372260805444,False,0.005396372260805444
2025-07-01,241,1463.6,1459.2,09:00:00,14:45:00,False,False,True,001,2025-06-30,1462.6,0.0006834803082010086,False,0.0006834803082010086
2025-07-02,241,1461.4,1469.7,09:00:00,14:45:00,False,False,True,001,2025-07-01,1459.2,0.0015065400370505434,False,0.0015065400370505434
2025-07-03,241,1459.9,1471.0,09:00:00,14:45:00,False,False,True,001,2025-07-02,1469.7,-0.006690358106704529,False,0.006690358106704529
2025-07-04,241,1472.0,1472.2,09:00:00,14:45:00,False,False,True,001,2025-07-03,1471.0,0.0006795786873841222,False,0.0006795786873841222
2025-07-07,241,1475.6,1492.9,09:00:00,14:45:00,False,False,True,001,2025-07-04,1472.2,0.0023068060979148704,False,0.0023068060979148704
2025-07-08,241,1494.0,1512.0,09:00:00,14:45:00,False,False,True,001,2025-07-07,1492.9,0.0007365496332181053,False,0.0007365496332181053
2025-07-09,241,1513.0,1533.0,09:00:00,14:45:00,False,False,True,001,2025-07-08,1512.0,0.0006611570488775347,False,0.0006611570488775347
2025-07-10,239,1537.5,1567.9,09:00:00,14:45:00,False,False,True,001,2025-07-09,1533.0,0.0029311208088587263,False,0.0029311208088587263
2025-07-11,241,1571.7,1595.9,09:00:00,14:45:00,False,False,True,001,2025-07-10,1567.9,0.0024206917158790223,False,0.0024206917158790223
2025-07-14,241,1600.5,1601.2,09:00:00,14:45:00,False,False,True,001,2025-07-11,1595.9,0.002878240004776898,False,0.002878240004776898
2025-07-15,241,1606.0,1594.0,09:00:00,14:45:00,False,False,True,001,2025-07-14,1601.2,0.002993267388288502,False,0.002993267388288502
2025-07-16,241,1592.3,1618.0,09:00:00,14:45:00,False,False,True,001,2025-07-15,1594.0,-0.0010670684877799998,False,0.0010670684877799998
2025-07-17,241,1621.5,1638.0,09:00:00,14:45:00,False,False,True,001,2025-07-16,1618.0,0.0021608281289356894,False,0.0021608281289356894
2025-07-18,241,1632.0,1638.0,09:00:00,14:45:00,False,False,True,001,2025-07-17,1638.0,-0.0036697288889624017,True,0.0036697288889624017
2025-07-21,241,1637.0,1624.5,09:00:00,14:45:00,False,False,True,001,2025-07-18,1638.0,-0.0006106870418798279,False,0.0006106870418798279
2025-07-22,241,1620.6,1655.0,09:00:00,14:45:00,False,False,True,001,2025-07-21,1624.5,-0.0024036250825301693,False,0.0024036250825301693
2025-07-23,241,1661.0,1653.0,09:00:00,14:45:00,False,False,True,001,2025-07-22,1655.0,0.003618821802131523,False,0.003618821802131523
2025-07-24,241,1656.0,1655.5,09:00:00,14:45:00,False,False,True,001,2025-07-23,1653.0,0.0018132371241807218,False,0.0018132371241807218
2025-07-25,241,1656.2,1673.0,09:00:00,14:45:00,False,False,True,001,2025-07-24,1655.5,0.00042274361229879365,False,0.00042274361229879365
2025-07-28,241,1675.8,1693.0,09:00:00,14:45:00,False,False,True,001,2025-07-25,1673.0,0.0016722411923621328,False,0.0016722411923621328
2025-07-29,241,1692.8,1621.0,09:00:00,14:45:00,False,False,True,001,2025-07-28,1693.0,-0.00011814046915507939,False,0.00011814046915507939
2025-07-30,241,1625.0,1623.3,09:00:00,14:45:00,False,False,True,001,2025-07-29,1621.0,0.002464573028161772,False,0.002464573028161772
2025-07-31,241,1626.8,1607.3,09:00:00,14:45:00,False,False,True,001,2025-07-30,1623.3,0.002153780716270149,False,0.002153780716270149
2025-08-01,241,1601.2,1615.0,09:00:00,14:45:00,False,False,True,001,2025-07-31,1607.3,-0.0038024044566767356,False,0.0038024044566767356
2025-08-04,241,1605.0,1653.5,09:00:00,14:45:00,False,False,True,001,2025-08-01,1615.0,-0.006211200092640636,False,0.006211200092640636
2025-08-05,241,1661.5,1689.6,09:00:00,14:45:00,False,False,True,001,2025-08-04,1653.5,0.004826555372801581,False,0.004826555372801581
2025-08-06,241,1688.2,1719.5,09:00:00,14:45:00,False,False,True,001,2025-08-05,1689.6,-0.0008289419623226608,False,0.0008289419623226608
2025-08-07,241,1722.0,1724.8,09:00:00,14:45:00,False,False,True,001,2025-08-06,1719.5,0.0014528551153551912,False,0.0014528551153551912
2025-08-08,241,1727.7,1723.2,09:00:00,14:45:00,False,False,True,001,2025-08-07,1724.8,0.0016799424660584661,False,0.0016799424660584661
2025-08-11,241,1729.0,1737.5,09:00:00,14:45:00,False,False,True,001,2025-08-08,1723.2,0.0033601792811663693,False,0.0033601792811663693
2025-08-12,241,1736.0,1749.4,09:00:00,14:45:00,False,False,True,001,2025-08-11,1737.5,-0.0008636822186517257,False,0.0008636822186517257
2025-08-13,241,1757.6,1746.0,09:00:00,14:45:00,False,False,True,001,2025-08-12,1749.4,0.004676370084645727,False,0.004676370084645727
2025-08-14,241,1749.0,1793.0,09:00:00,14:45:00,False,False,True,001,2025-08-13,1746.0,0.0017167386190545491,False,0.0017167386190545491
2025-08-15,241,1799.5,1781.0,09:00:00,14:45:00,False,False,True,001,2025-08-14,1793.0,0.003618653913952491,False,0.003618653913952491
2025-08-18,241,1786.3,1780.5,09:00:00,14:45:00,False,False,True,001,2025-08-15,1781.0,0.0029714371651771315,False,0.0029714371651771315
2025-08-19,241,1782.6,1815.9,09:00:00,14:45:00,False,False,True,001,2025-08-18,1780.5,0.001178748978784429,False,0.001178748978784429
2025-08-20,241,1814.0,1831.1,09:00:00,14:45:00,False,False,True,001,2025-08-19,1815.9,-0.0010468608906693273,False,0.0010468608906693273
2025-08-21,241,1834.4,1876.9,09:00:00,14:45:00,False,False,True,001,2025-08-20,1831.1,0.001800573396026595,False,0.001800573396026595
2025-08-22,241,1859.0,1805.0,09:00:00,14:45:00,False,False,True,001,2025-08-21,1876.9,-0.009582770940760125,True,0.009582770940760125
2025-08-25,241,1820.1,1783.0,09:00:00,14:45:00,False,False,True,001,2025-08-22,1805.0,0.008330852849380593,False,0.008330852849380593
2025-08-26,241,1776.0,1852.0,09:00:00,14:45:00,False,False,True,001,2025-08-25,1783.0,-0.003933694311025083,False,0.003933694311025083
2025-08-27,241,1858.8,1846.4,09:00:00,14:45:00,False,False,True,001,2025-08-26,1852.0,0.0036649820046986414,False,0.0036649820046986414
2025-08-28,241,1848.5,1862.9,09:00:00,14:45:00,False,False,True,001,2025-08-27,1846.4,0.0011367020629061563,False,0.0011367020629061563
2025-08-29,241,1867.9,1861.0,09:00:00,14:45:00,False,False,True,001,2025-08-28,1862.9,0.0026803918695945056,False,0.0026803918695945056
2025-09-03,241,1856.2,1855.0,09:00:00,14:45:00,False,False,True,001,2025-08-29,1861.0,-0.0025825904809583383,False,0.0025825904809583383
2025-09-04,241,1858.2,1883.1,09:00:00,14:45:00,False,False,True,001,2025-09-03,1855.0,0.0017235811656766092,False,0.0017235811656766092
2025-09-05,241,1889.0,1845.1,09:00:00,14:45:00,False,False,True,001,2025-09-04,1883.1,0.0031282335099137803,False,0.0031282335099137803
2025-09-08,241,1844.5,1800.0,09:00:00,14:45:00,False,False,True,001,2025-09-05,1845.1,-0.0003252385111063477,False,0.0003252385111063477
2025-09-09,241,1802.0,1825.0,09:00:00,14:45:00,False,False,True,001,2025-09-08,1800.0,0.0011104942840271153,False,0.0011104942840271153
2025-09-10,241,1825.2,1824.8,09:00:00,14:45:00,False,False,True,001,2025-09-09,1825.0,0.00010958303665552688,False,0.00010958303665552688
2025-09-11,241,1826.9,1853.5,09:00:00,14:45:00,False,False,True,001,2025-09-10,1824.8,0.0011501493723457912,False,0.0011501493723457912
2025-09-12,241,1857.0,1859.0,09:00:00,14:45:00,False,False,True,001,2025-09-11,1853.5,0.0018865387619187888,False,0.0018865387619187888
2025-09-15,241,1859.1,1876.0,09:00:00,14:45:00,False,False,True,001,2025-09-12,1859.0,5.37909147275337e-05,False,5.37909147275337e-05
2025-09-16,241,1888.8,1876.0,09:00:00,14:45:00,False,False,True,001,2025-09-15,1876.0,0.006799856205133218,False,0.006799856205133218
2025-09-17,241,1874.0,1873.7,09:00:00,14:45:00,False,False,True,001,2025-09-16,1876.0,-0.0010666667678024576,False,0.0010666667678024576
2025-09-18,241,1877.0,1856.6,09:00:00,14:45:00,False,False,True,001,2025-09-17,1873.7,0.0017596719820418974,False,0.0017596719820418974
2025-09-19,241,1854.7,1848.2,09:00:00,14:45:00,False,False,True,001,2025-09-18,1856.6,-0.0010239000705909319,True,0.0010239000705909319
2025-09-22,241,1848.2,1815.1,09:00:00,14:45:00,False,False,True,001,2025-09-19,1848.2,0.0,False,0.0
2025-09-23,241,1813.9,1812.1,09:00:00,14:45:00,False,False,True,001,2025-09-22,1815.1,-0.0006613392360081544,False,0.0006613392360081544
2025-09-24,241,1812.0,1849.0,09:00:00,14:45:00,False,False,True,001,2025-09-23,1812.1,-5.518611518743126e-05,False,5.518611518743126e-05
2025-09-25,241,1849.0,1849.4,09:00:00,14:45:00,False,False,True,001,2025-09-24,1849.0,0.0,False,0.0
2025-09-26,241,1845.1,1840.0,09:00:00,14:45:00,False,False,True,001,2025-09-25,1849.4,-0.0023277855957016228,False,0.0023277855957016228
2025-09-29,241,1840.0,1855.2,09:00:00,14:45:00,False,False,True,001,2025-09-26,1840.0,0.0,False,0.0
2025-09-30,241,1855.0,1854.4,09:00:00,14:45:00,False,False,True,001,2025-09-29,1855.2,-0.00010781089978645886,False,0.00010781089978645886
2025-10-01,241,1858.0,1864.0,09:00:00,14:45:00,False,False,True,001,2025-09-30,1854.4,0.0019394467882965286,False,0.0019394467882965286
2025-10-02,241,1867.5,1852.8,09:00:00,14:45:00,False,False,True,001,2025-10-01,1864.0,0.0018759217614358465,False,0.0018759217614358465
2025-10-03,241,1854.0,1856.9,09:00:00,14:45:00,False,False,True,001,2025-10-02,1852.8,0.000647458747124359,False,0.000647458747124359
2025-10-06,241,1864.5,1918.6,09:00:00,14:45:00,False,False,True,001,2025-10-03,1856.9,0.004084490012325575,False,0.004084490012325575
2025-10-07,241,1922.7,1911.3,09:00:00,14:45:00,False,False,True,001,2025-10-06,1918.6,0.0021346947944436423,False,0.0021346947944436423
2025-10-08,241,1930.0,1919.0,09:00:00,14:45:00,False,False,True,001,2025-10-07,1911.3,0.00973636410837912,False,0.00973636410837912
2025-10-09,241,1921.6,1936.6,09:00:00,14:45:00,False,False,True,001,2025-10-08,1919.0,0.0013539553180191616,False,0.0013539553180191616
2025-10-10,241,1940.0,1975.9,09:00:00,14:45:00,False,False,True,001,2025-10-09,1936.6,0.001754114879943078,False,0.001754114879943078
2025-10-13,241,1965.6,2013.6,09:00:00,14:45:00,False,False,True,001,2025-10-10,1975.9,-0.005226448532802534,False,0.005226448532802534
2025-10-14,241,2013.0,2014.2,09:00:00,14:45:00,False,False,True,001,2025-10-13,2013.6,-0.00029801818131454513,False,0.00029801818131454513
2025-10-15,241,2018.7,2022.0,09:00:00,14:45:00,False,False,True,001,2025-10-14,2014.2,0.002231645648337814,False,0.002231645648337814
2025-10-16,241,2021.5,2012.7,09:00:00,14:45:00,False,False,True,001,2025-10-15,2022.0,-0.0002473104995912193,False,0.0002473104995912193
2025-10-17,241,2015.9,1968.0,09:00:00,14:45:00,False,False,True,001,2025-10-16,2012.7,0.001588641549425891,True,0.001588641549425891
2025-10-20,241,1969.1,1861.0,09:00:00,14:45:00,False,False,True,001,2025-10-17,1968.0,0.0005587869389256732,False,0.0005587869389256732
2025-10-21,241,1873.7,1900.2,09:00:00,14:45:00,False,False,True,001,2025-10-20,1861.0,0.00680110796221615,False,0.00680110796221615
2025-10-22,241,1908.0,1926.0,09:00:00,14:45:00,False,False,True,001,2025-10-21,1900.2,0.004096429235582788,False,0.004096429235582788
2025-10-23,241,1924.0,1943.5,09:00:00,14:45:00,False,False,True,001,2025-10-22,1926.0,-0.0010389611324190292,False,0.0010389611324190292
2025-10-24,241,1945.5,1937.4,09:00:00,14:45:00,False,False,True,001,2025-10-23,1943.5,0.0010285421323305121,False,0.0010285421323305121
2025-10-27,241,1952.0,1891.5,09:00:00,14:45:00,False,False,True,001,2025-10-24,1937.4,0.007507619980753264,False,0.007507619980753264
2025-10-28,241,1885.0,1940.9,09:00:00,14:45:00,False,False,True,001,2025-10-27,1891.5,-0.00344234419097279,False,0.00344234419097279
2025-10-29,241,1943.8,1947.0,09:00:00,14:45:00,False,False,True,001,2025-10-28,1940.9,0.0014930370626887034,False,0.0014930370626887034
2025-10-30,241,1947.0,1927.0,09:00:00,14:45:00,False,False,True,001,2025-10-29,1947.0,0.0,False,0.0
2025-10-31,241,1928.0,1892.0,09:00:00,14:45:00,False,False,True,001,2025-10-30,1927.0,0.000518806756124439,False,0.000518806756124439
2025-11-03,241,1893.1,1860.0,09:00:00,14:45:00,False,False,True,001,2025-10-31,1892.0,0.0005812264040406488,False,0.0005812264040406488
2025-11-04,241,1855.0,1898.0,09:00:00,14:45:00,False,False,True,001,2025-11-03,1860.0,-0.0026917916657114146,False,0.0026917916657114146
2025-11-05,241,1893.0,1886.0,09:00:00,14:45:00,False,False,True,001,2025-11-04,1898.0,-0.0026378279605502935,False,0.0026378279605502935
2025-11-06,241,1889.6,1866.5,09:00:00,14:45:00,False,False,True,001,2025-11-05,1886.0,0.0019069822496950274,False,0.0019069822496950274
2025-11-07,241,1862.0,1827.8,09:00:00,14:45:00,False,False,True,001,2025-11-06,1866.5,-0.0024138405176262053,False,0.0024138405176262053
2025-11-10,241,1825.0,1801.3,09:00:00,14:45:00,False,False,True,001,2025-11-07,1827.8,-0.001533070821509411,False,0.001533070821509411
2025-11-11,241,1807.9,1815.0,09:00:00,14:45:00,False,False,True,001,2025-11-10,1801.3,0.003657324258456196,False,0.003657324258456196
2025-11-12,241,1821.0,1870.6,09:00:00,14:45:00,False,False,True,001,2025-11-11,1815.0,0.0033003330286566998,False,0.0033003330286566998
2025-11-13,241,1870.6,1863.0,09:00:00,14:45:00,False,False,True,001,2025-11-12,1870.6,0.0,False,0.0
2025-11-14,241,1854.0,1869.7,09:00:00,14:45:00,False,False,True,001,2025-11-13,1863.0,-0.004842624475788015,False,0.004842624475788015
2025-11-17,241,1873.7,1895.2,09:00:00,14:45:00,False,False,True,001,2025-11-14,1869.7,0.002137095433238272,False,0.002137095433238272
2025-11-18,241,1896.0,1898.0,09:00:00,14:45:00,False,False,True,001,2025-11-17,1895.2,0.00042202997039142713,False,0.00042202997039142713
2025-11-19,241,1893.0,1885.8,09:00:00,14:45:00,False,False,True,001,2025-11-18,1898.0,-0.0026378279605502935,False,0.0026378279605502935
2025-11-20,241,1889.8,1898.1,09:00:00,14:45:00,False,False,True,001,2025-11-19,1885.8,0.0021188693169487253,False,0.0021188693169487253
2025-11-21,241,1876.0,1892.4,09:00:00,14:45:00,False,False,True,001,2025-11-20,1898.1,-0.0117115352547783,True,0.0117115352547783
2025-11-24,241,1896.0,1911.0,09:00:00,14:45:00,False,False,True,001,2025-11-21,1892.4,0.0019005390579741393,False,0.0019005390579741393
2025-11-25,241,1912.0,1908.1,09:00:00,14:45:00,False,False,True,001,2025-11-24,1911.0,0.000523149371073524,False,0.000523149371073524
2025-11-26,241,1912.5,1924.9,09:00:00,14:45:00,False,False,True,001,2025-11-25,1908.1,0.0023033041643950054,False,0.0023033041643950054
2025-11-27,241,1929.2,1921.0,09:00:00,14:45:00,False,False,True,001,2025-11-26,1924.9,0.0022313908742269697,False,0.0022313908742269697
2025-11-28,241,1923.0,1923.0,09:00:00,14:45:00,False,False,True,001,2025-11-27,1921.0,0.00104058282022311,False,0.00104058282022311
2025-12-01,241,1923.9,1933.2,09:00:00,14:45:00,False,False,True,001,2025-11-28,1923.0,0.00046790923414723244,False,0.00046790923414723244
2025-12-02,241,1928.3,1947.0,09:00:00,14:45:00,False,False,True,001,2025-12-01,1933.2,-0.0025378752453696484,False,0.0025378752453696484
2025-12-03,241,1948.3,1972.0,09:00:00,14:45:00,False,False,True,001,2025-12-02,1947.0,0.0006674710796417425,False,0.0006674710796417425
2025-12-04,241,1974.9,1977.0,09:00:00,14:45:00,False,False,True,001,2025-12-03,1972.0,0.001469507979359978,False,0.001469507979359978
2025-12-05,241,1983.0,1976.5,09:00:00,14:45:00,False,False,True,001,2025-12-04,1977.0,0.0030303053491790633,False,0.0030303053491790633
2025-12-08,241,1976.5,1984.0,09:00:00,14:45:00,False,False,True,001,2025-12-05,1976.5,0.0,False,0.0
2025-12-09,241,1985.9,1970.0,09:00:00,14:45:00,False,False,True,001,2025-12-08,1984.0,0.0009572030253008842,False,0.0009572030253008842
2025-12-10,241,1965.1,1935.0,09:00:00,14:45:00,False,False,True,001,2025-12-09,1970.0,-0.0024904081383128455,False,0.0024904081383128455
2025-12-11,241,1944.4,1919.1,09:00:00,14:45:00,False,False,True,001,2025-12-10,1935.0,0.004846119707418189,False,0.004846119707418189
2025-12-12,241,1925.0,1871.0,09:00:00,14:45:00,False,False,True,001,2025-12-11,1919.1,0.0030696415976831054,False,0.0030696415976831054
2025-12-15,241,1868.4,1868.5,09:00:00,14:45:00,False,False,True,001,2025-12-12,1871.0,-0.0013905976461365762,False,0.0013905976461365762
2025-12-16,241,1870.5,1912.6,09:00:00,14:45:00,False,False,True,001,2025-12-15,1868.5,0.0010698048626621459,False,0.0010698048626621459
2025-12-17,241,1914.0,1898.1,09:00:00,14:45:00,False,False,True,001,2025-12-16,1912.6,0.0007317200974572154,False,0.0007317200974572154
2025-12-18,241,1896.5,1899.1,09:00:00,14:45:00,False,False,True,001,2025-12-17,1898.1,-0.0008433036919946127,False,0.0008433036919946127
2025-12-19,241,1911.0,1936.9,09:00:00,14:45:00,False,False,True,001,2025-12-18,1899.1,0.006246575520073728,True,0.006246575520073728
2025-12-22,241,1944.8,1997.0,09:00:00,14:45:00,False,False,True,001,2025-12-19,1936.9,0.004070387153720072,False,0.004070387153720072
2025-12-23,241,2002.0,2015.0,09:00:00,14:45:00,False,False,True,001,2025-12-22,1997.0,0.0025006264593506813,False,0.0025006264593506813
2025-12-24,241,2019.4,2022.0,09:00:00,14:45:00,False,False,True,001,2025-12-23,2015.0,0.002181242189437339,False,0.002181242189437339
2025-12-25,241,2023.0,1950.0,09:00:00,14:45:00,False,False,True,001,2025-12-24,2022.0,0.0004944375873288499,False,0.0004944375873288499
2025-12-26,241,1944.0,1969.0,09:00:00,14:45:00,False,False,True,001,2025-12-25,1950.0,-0.003081666537408112,False,0.003081666537408112
2025-12-29,241,1969.0,1990.2,09:00:00,14:45:00,False,False,True,001,2025-12-26,1969.0,0.0,False,0.0
2025-12-30,241,1993.5,2014.1,09:00:00,14:45:00,False,False,True,001,2025-12-29,1990.2,0.0016567516403480382,False,0.0016567516403480382
2025-12-31,241,2021.0,2029.0,09:00:00,14:45:00,False,False,True,001,2025-12-30,2014.1,0.003419992924785478,False,0.003419992924785478
2026-01-05,241,2034.0,2024.1,09:00:00,14:45:00,False,False,True,001,2025-12-31,2029.0,0.002461236782690441,False,0.002461236782690441
2026-01-06,241,2029.9,2062.0,09:00:00,14:45:00,False,False,True,001,2026-01-05,2024.1,0.002861373437232807,False,0.002861373437232807
2026-01-07,241,2068.9,2088.2,09:00:00,14:45:00,False,False,True,001,2026-01-06,2062.0,0.0033406794727923704,False,0.0033406794727923704
2026-01-08,241,2088.9,2074.0,09:00:00,14:45:00,False,False,True,001,2026-01-07,2088.2,0.00033516076060083924,False,0.00033516076060083924
2026-01-09,241,2077.0,2061.6,09:00:00,14:45:00,False,False,True,001,2026-01-08,2074.0,0.0014454350866397274,False,0.0014454350866397274
2026-01-12,241,2061.0,2079.7,09:00:00,14:45:00,False,False,True,001,2026-01-09,2061.6,-0.00029107844769622114,False,0.00029107844769622114
2026-01-13,241,2085.9,2084.6,09:00:00,14:45:00,False,False,True,001,2026-01-12,2079.7,0.0029767642492066573,False,0.0029767642492066573
2026-01-14,241,2083.9,2066.6,09:00:00,14:45:00,False,False,True,001,2026-01-13,2084.6,-0.0003358522281778028,False,0.0003358522281778028
2026-01-15,241,2063.3,2039.8,09:00:00,14:45:00,False,False,True,001,2026-01-14,2066.6,-0.0015981019890701663,False,0.0015981019890701663
2026-01-16,241,2040.4,2081.2,09:00:00,14:45:00,False,False,True,001,2026-01-15,2039.8,0.00029410323235374083,True,0.00029410323235374083
2026-01-19,241,2071.2,2088.9,09:00:00,14:45:00,False,False,True,001,2026-01-16,2081.2,-0.004816500978820539,False,0.004816500978820539
2026-01-20,241,2100.0,2077.5,09:00:00,14:45:00,False,False,True,001,2026-01-19,2088.9,0.005299733094903483,False,0.005299733094903483
2026-01-21,241,2073.0,2078.0,09:00:00,14:45:00,False,False,True,001,2026-01-20,2077.5,-0.0021684142938236993,False,0.0021684142938236993
2026-01-22,241,2089.4,2087.0,09:00:00,14:45:00,False,False,True,001,2026-01-21,2078.0,0.005471050744234907,False,0.005471050744234907
2026-01-23,241,2093.5,2076.0,09:00:00,14:45:00,False,False,True,001,2026-01-22,2087.0,0.0031096783819972267,False,0.0031096783819972267
2026-01-26,241,2072.0,2036.0,09:00:00,14:45:00,False,False,True,001,2026-01-23,2076.0,-0.001928640906405597,False,0.001928640906405597
2026-01-27,241,2034.0,2022.0,09:00:00,14:45:00,False,False,True,001,2026-01-26,2036.0,-0.0009828010619080888,False,0.0009828010619080888
2026-01-28,241,2023.6,2003.8,09:00:00,14:45:00,False,False,True,001,2026-01-27,2022.0,0.0007909828373642121,False,0.0007909828373642121
2026-01-29,241,2007.0,2025.1,09:00:00,14:45:00,False,False,True,001,2026-01-28,2003.8,0.001595691971175647,False,0.001595691971175647
2026-01-30,241,2026.6,2035.0,09:00:00,14:45:00,False,False,True,001,2026-01-29,2025.1,0.0007404299768144621,False,0.0007404299768144621
2026-02-02,241,2030.0,2004.9,09:00:00,14:45:00,False,False,True,001,2026-01-30,2035.0,-0.0024600258408623114,False,0.0024600258408623114
2026-02-03,241,2019.9,2000.0,09:00:00,14:45:00,False,False,True,001,2026-02-02,2004.9,0.007453821034210793,False,0.007453821034210793
2026-02-04,241,1999.8,2010.0,09:00:00,14:45:00,False,False,True,001,2026-02-03,2000.0,-0.00010000500033334732,False,0.00010000500033334732
2026-02-05,241,2005.6,1972.2,09:00:00,14:45:00,False,False,True,001,2026-02-04,2010.0,-0.002191454209037852,False,0.002191454209037852
2026-02-06,241,1961.0,1951.3,09:00:00,14:45:00,False,False,True,001,2026-02-05,1972.2,-0.005695123701882438,False,0.005695123701882438
2026-02-09,241,1964.3,1955.7,09:00:00,14:45:00,False,False,True,001,2026-02-06,1951.3,0.006640130639277557,False,0.006640130639277557
2026-02-10,241,1960.8,1966.1,09:00:00,14:45:00,False,False,True,001,2026-02-09,1955.7,0.00260436761529939,False,0.00260436761529939
2026-02-11,241,1967.7,2018.0,09:00:00,14:45:00,False,False,True,001,2026-02-10,1966.1,0.0008134628543544922,False,0.0008134628543544922
2026-02-12,241,2024.3,2021.0,09:00:00,14:45:00,False,False,True,001,2026-02-11,2018.0,0.0031170398539772733,False,0.0031170398539772733
2026-02-13,241,2020.8,2010.5,09:00:00,14:45:00,False,False,True,001,2026-02-12,2021.0,-9.896580739434264e-05,False,9.896580739434264e-05
2026-02-23,241,2033.0,2044.0,09:00:00,14:45:00,False,False,True,001,2026-02-13,2010.5,0.011129087291017864,False,0.011129087291017864
2026-02-24,241,2041.1,2046.5,09:00:00,14:45:00,False,False,True,001,2026-02-23,2044.0,-0.0014197941235981342,False,0.0014197941235981342
2026-02-25,241,2055.0,2046.5,09:00:00,14:45:00,False,False,True,001,2026-02-24,2046.5,0.004144830997877204,False,0.004144830997877204
2026-02-26,241,2043.7,2067.1,09:00:00,14:45:00,False,False,True,001,2026-02-25,2046.5,-0.0013691264179672698,False,0.0013691264179672698
2026-02-27,241,2067.0,2053.6,09:00:00,14:45:00,False,False,True,001,2026-02-26,2067.1,-4.837812342200655e-05,False,4.837812342200655e-05
2026-03-02,241,2034.1,2015.0,09:00:00,14:45:00,False,False,True,001,2026-02-27,2053.6,-0.009540889948489232,False,0.009540889948489232
2026-03-03,241,2017.0,1952.0,09:00:00,14:45:00,False,False,True,001,2026-03-02,2015.0,0.0009920635734284695,False,0.0009920635734284695
2026-03-04,241,1942.0,1956.0,09:00:00,14:45:00,False,False,True,001,2026-03-03,1952.0,-0.005136118121767622,False,0.005136118121767622
2026-03-05,241,1973.7,1924.4,09:00:00,14:45:00,False,False,True,001,2026-03-04,1956.0,0.009008382165299252,False,0.009008382165299252
2026-03-06,241,1916.7,1898.9,09:00:00,14:45:00,False,False,True,001,2026-03-05,1924.4,-0.004009273548891403,False,0.004009273548891403
2026-03-09,241,1820.0,1766.0,09:00:00,14:45:00,False,False,True,001,2026-03-06,1898.9,-0.042438270060530095,False,0.042438270060530095
2026-03-10,241,1818.2,1833.0,09:00:00,14:45:00,False,False,True,001,2026-03-09,1766.0,0.029129898523852477,False,0.029129898523852477
2026-03-11,241,1840.1,1883.0,09:00:00,14:45:00,False,False,True,001,2026-03-10,1833.0,0.0038659491126236617,False,0.0038659491126236617
2026-03-12,241,1866.6,1853.0,09:00:00,14:45:00,False,False,True,001,2026-03-11,1883.0,-0.008747655525506173,False,0.008747655525506173
2026-03-13,241,1836.0,1840.0,09:00:00,14:45:00,False,False,True,001,2026-03-12,1853.0,-0.009216655104923952,False,0.009216655104923952
2026-03-16,241,1847.0,1851.3,09:00:00,14:45:00,False,False,True,001,2026-03-13,1840.0,0.0037971295962086643,False,0.0037971295962086643
2026-03-17,241,1868.0,1877.0,09:00:00,14:45:00,False,False,True,001,2026-03-16,1851.3,0.008980244793657048,False,0.008980244793657048
2026-03-18,241,1896.9,1881.9,09:00:00,14:45:00,False,False,True,001,2026-03-17,1877.0,0.010546217146168341,False,0.010546217146168341
2026-03-19,241,1844.9,1858.2,09:00:00,14:45:00,False,False,True,001,2026-03-18,1881.9,-0.019856829307087605,False,0.019856829307087605
2026-03-20,241,1841.0,1802.0,09:00:00,14:45:00,False,False,True,001,2026-03-19,1858.2,-0.009299374974134304,True,0.009299374974134304
2026-03-23,241,1775.1,1740.0,09:00:00,14:45:00,False,False,True,001,2026-03-20,1802.0,-0.015040399817525186,False,0.015040399817525186
2026-03-24,241,1766.0,1773.9,09:00:00,14:45:00,False,False,True,001,2026-03-23,1740.0,0.014831988955330604,False,0.014831988955330604
2026-03-25,241,1809.9,1814.0,09:00:00,14:45:00,False,False,True,001,2026-03-24,1773.9,0.02009108261993184,False,0.02009108261993184
2026-03-26,241,1808.0,1793.0,09:00:00,14:45:00,False,False,True,001,2026-03-25,1814.0,-0.0033130897229601266,False,0.0033130897229601266
2026-03-27,241,1784.0,1821.1,09:00:00,14:45:00,False,False,True,001,2026-03-26,1793.0,-0.005032160465178162,False,0.005032160465178162
2026-03-30,241,1779.0,1808.4,09:00:00,14:45:00,False,False,True,001,2026-03-27,1821.1,-0.023389305435938822,False,0.023389305435938822
2026-03-31,241,1820.7,1823.9,09:00:00,14:45:00,False,False,True,001,2026-03-30,1808.4,0.006778566089468978,False,0.006778566089468978
2026-04-01,241,1865.0,1875.8,09:00:00,14:45:00,False,False,True,001,2026-03-31,1823.9,0.022283987507963912,False,0.022283987507963912
2026-04-02,241,1856.6,1853.2,09:00:00,14:45:00,False,False,True,001,2026-04-01,1875.8,-0.010288377109005905,False,0.010288377109005905
2026-04-03,241,1868.0,1835.4,09:00:00,14:45:00,False,False,True,001,2026-04-02,1853.2,0.007954465246294673,False,0.007954465246294673
2026-04-06,241,1830.0,1845.3,09:00:00,14:45:00,False,False,True,001,2026-04-03,1835.4,-0.0029464745494462187,False,0.0029464745494462187
2026-04-07,241,1840.5,1848.2,09:00:00,14:45:00,False,False,True,001,2026-04-06,1845.3,-0.0026045920633564054,False,0.0026045920633564054
2026-04-08,241,1920.0,1942.0,09:00:00,14:45:00,False,False,True,001,2026-04-07,1848.2,0.038112993567887145,False,0.038112993567887145
2026-04-09,241,1935.0,1921.7,09:00:00,14:45:00,False,False,True,001,2026-04-08,1942.0,-0.0036110433873880036,False,0.0036110433873880036
2026-04-10,241,1936.1,1931.0,09:00:00,14:45:00,False,False,True,001,2026-04-09,1921.7,0.007465429456738112,False,0.007465429456738112
2026-04-13,241,1914.1,1932.2,09:00:00,14:45:00,False,False,True,001,2026-04-10,1931.0,-0.008790465176450478,False,0.008790465176450478
2026-04-14,241,1955.0,1946.3,09:00:00,14:45:00,False,False,True,001,2026-04-13,1932.2,0.011730943336056985,False,0.011730943336056985
2026-04-15,241,1959.0,1961.0,09:00:00,14:45:00,False,False,True,001,2026-04-14,1946.3,0.006504004696011351,False,0.006504004696011351
2026-04-16,241,1968.0,1980.5,09:00:00,14:45:00,False,False,True,001,2026-04-15,1961.0,0.0035632514158525433,False,0.0035632514158525433
2026-04-17,241,1967.0,1987.9,09:00:00,14:45:00,False,False,True,001,2026-04-16,1980.5,-0.006839798672912313,True,0.006839798672912313
2026-04-20,241,1994.9,1997.9,09:00:00,14:45:00,False,False,True,001,2026-04-17,1987.9,0.0035151186138894686,False,0.0035151186138894686
2026-04-21,241,2006.2,1998.0,09:00:00,14:45:00,False,False,True,001,2026-04-20,1997.9,0.004145756543481628,False,0.004145756543481628
2026-04-22,241,1994.6,2040.6,09:00:00,14:45:00,False,False,True,001,2026-04-21,1998.0,-0.001703151240731249,False,0.001703151240731249
2026-04-23,241,2045.0,2019.2,09:00:00,14:45:00,False,False,True,001,2026-04-22,2040.6,0.002153907235697421,False,0.002153907235697421
2026-04-24,241,2011.2,2015.0,09:00:00,14:45:00,False,False,True,001,2026-04-23,2019.2,-0.003969834510911043,False,0.003969834510911043
2026-04-28,241,2022.8,2028.0,09:00:00,14:45:00,False,False,True,001,2026-04-24,2015.0,0.0038634948250446392,False,0.0038634948250446392
2026-04-29,241,2031.7,2028.0,09:00:00,14:45:00,False,False,True,001,2026-04-28,2028.0,0.0018227952924909985,False,0.0018227952924909985
2026-05-04,241,2040.0,2017.9,09:00:00,14:45:00,False,False,True,001,2026-04-29,2028.0,0.005899722127188322,False,0.005899722127188322
2026-05-05,241,2004.0,2038.8,09:00:00,14:45:00,False,False,True,001,2026-05-04,2017.9,-0.006912183467083025,False,0.006912183467083025
2026-05-06,241,2053.4,2060.0,09:00:00,14:45:00,False,False,True,001,2026-05-05,2038.8,0.007135556398977819,False,0.007135556398977819
2026-05-07,241,2070.0,2080.0,09:00:00,14:45:00,False,False,True,001,2026-05-06,2060.0,0.004842624475787991,False,0.004842624475787991
2026-05-08,241,2073.0,2073.4,09:00:00,14:45:00,False,False,True,001,2026-05-07,2080.0,-0.0033710602595840578,False,0.0033710602595840578
2026-05-11,241,2070.5,2039.0,09:00:00,14:45:00,False,False,True,001,2026-05-08,2073.4,-0.0013996479033898165,False,0.0013996479033898165
2026-05-12,241,2038.8,2049.0,09:00:00,14:45:00,False,False,True,001,2026-05-11,2039.0,-9.809210856858176e-05,False,9.809210856858176e-05
2026-05-13,241,2052.0,2039.9,09:00:00,14:45:00,False,False,True,001,2026-05-12,2049.0,0.0014630580517603152,False,0.0014630580517603152
2026-05-14,241,2042.0,2065.1,09:00:00,14:45:00,False,False,True,001,2026-05-13,2039.9,0.0010289326956920556,False,0.0010289326956920556
2026-05-15,241,2061.0,2053.9,09:00:00,14:45:00,False,False,True,001,2026-05-14,2065.1,-0.0019873494822869953,False,0.0019873494822869953
2026-05-18,241,2039.0,2047.5,09:00:00,14:45:00,False,False,True,001,2026-05-15,2053.9,-0.007280933237147911,False,0.007280933237147911
2026-05-19,241,2050.0,2030.1,09:00:00,14:45:00,False,False,True,001,2026-05-18,2047.5,0.001220256405229369,False,0.001220256405229369
2026-05-20,241,2024.5,2040.0,09:00:00,14:45:00,False,False,True,001,2026-05-19,2030.1,-0.0027622964340736737,False,0.0027622964340736737
2026-05-21,241,2050.9,2031.5,09:00:00,14:45:00,False,False,True,001,2026-05-20,2040.0,0.005328913341425024,False,0.005328913341425024
2026-05-22,241,2016.0,2010.0,09:00:00,14:45:00,False,False,True,001,2026-05-21,2031.5,-0.0076590862365222,True,0.0076590862365222
2026-05-25,241,2022.0,2022.4,09:00:00,14:45:00,False,False,True,001,2026-05-22,2010.0,0.005952398527295352,False,0.005952398527295352
2026-05-26,241,2018.6,2033.0,09:00:00,14:45:00,False,False,True,001,2026-05-25,2022.4,-0.001880723147779296,False,0.001880723147779296
2026-05-27,241,2032.9,2024.8,09:00:00,14:45:00,False,False,True,001,2026-05-26,2033.0,-4.918960132815933e-05,False,4.918960132815933e-05
2026-05-28,241,2020.0,1990.1,09:00:00,14:45:00,False,False,True,001,2026-05-27,2024.8,-0.002373418835663794,False,0.002373418835663794
2026-05-29,241,1998.0,2005.0,09:00:00,14:45:00,False,False,True,001,2026-05-28,1990.1,0.003961791496231532,False,0.003961791496231532
2026-06-01,241,2007.5,1991.0,09:00:00,14:45:00,False,False,True,001,2026-05-29,2005.0,0.0012461060802471558,False,0.0012461060802471558
2026-06-02,241,1985.3,1972.1,09:00:00,14:45:00,False,False,True,001,2026-06-01,1991.0,-0.002866988861163102,False,0.002866988861163102
2026-06-03,241,1977.0,1972.4,09:00:00,14:45:00,False,False,True,001,2026-06-02,1972.1,0.0024815793545935605,False,0.0024815793545935605
2026-06-04,241,1969.4,1982.4,09:00:00,14:45:00,False,False,True,001,2026-06-03,1972.4,-0.0015221475362693394,False,0.0015221475362693394
2026-06-05,241,1981.7,1982.0,09:00:00,14:45:00,False,False,True,001,2026-06-04,1982.4,-0.00035316970171079626,False,0.00035316970171079626
2026-06-08,241,1967.5,1937.0,09:00:00,14:45:00,False,False,True,001,2026-06-05,1982.0,-0.007342734598375008,False,0.007342734598375008
2026-06-09,241,1941.0,1950.5,09:00:00,14:45:00,False,False,True,001,2026-06-08,1937.0,0.002062919762014342,False,0.002062919762014342
2026-06-10,241,1944.4,1961.5,09:00:00,14:45:00,False,False,True,001,2026-06-09,1950.5,-0.0031323037754107173,False,0.0031323037754107173
2026-06-11,241,1954.9,1952.8,09:00:00,14:45:00,False,False,True,001,2026-06-10,1961.5,-0.003370445433533356,False,0.003370445433533356
2026-06-12,241,1968.0,1939.0,09:00:00,14:45:00,False,False,True,001,2026-06-11,1952.8,0.007753558533448374,False,0.007753558533448374
2026-06-15,241,1959.0,1965.2,09:00:00,14:45:00,False,False,True,001,2026-06-12,1939.0,0.010261762701888841,False,0.010261762701888841
2026-06-16,241,1968.0,1964.0,09:00:00,14:45:00,False,False,True,001,2026-06-15,1965.2,0.001423777317705514,False,0.001423777317705514
2026-06-17,241,1960.0,1959.9,09:00:00,14:45:00,False,False,True,001,2026-06-16,1964.0,-0.002038736689848317,False,0.002038736689848317
2026-06-18,241,1966.8,1971.4,09:00:00,14:45:00,False,False,True,001,2026-06-17,1959.9,0.003514405022969896,False,0.003514405022969896
2026-06-19,241,1975.8,1964.0,09:00:00,14:45:00,False,False,True,001,2026-06-18,1971.4,0.0022294293790348497,True,0.0022294293790348497
2026-06-22,241,1966.9,1984.8,09:00:00,14:45:00,False,False,True,001,2026-06-19,1964.0,0.001475489341435727,False,0.001475489341435727
2026-06-23,241,1984.7,1991.4,09:00:00,14:45:00,False,False,True,001,2026-06-22,1984.8,-5.038417937827954e-05,False,5.038417937827954e-05
2026-06-24,241,1995.1,2009.0,09:00:00,14:45:00,False,False,True,001,2026-06-23,1991.4,0.001856265427031403,False,0.001856265427031403
2026-06-25,241,2008.8,2006.4,09:00:00,14:45:00,False,False,True,001,2026-06-24,2009.0,-9.955697155920827e-05,False,9.955697155920827e-05
2026-06-26,241,2003.8,2012.0,09:00:00,14:45:00,False,False,True,001,2026-06-25,2006.4,-0.0012966936134389813,False,0.0012966936134389813
2026-06-29,241,2016.0,2010.0,09:00:00,14:45:00,False,False,True,001,2026-06-26,2012.0,0.0019860979716293243,False,0.0019860979716293243
2026-06-30,241,2009.8,1997.6,09:00:00,14:45:00,False,False,True,001,2026-06-29,2010.0,-9.950743826310934e-05,False,9.950743826310934e-05
2026-07-01,241,1997.9,2014.0,09:00:00,14:45:00,False,False,True,001,2026-06-30,1997.6,0.00015016894033982025,False,0.00015016894033982025
2026-07-02,241,2016.3,2009.8,09:00:00,14:45:00,False,False,True,001,2026-07-01,2014.0,0.0011413543655221508,False,0.0011413543655221508
2026-07-03,241,2013.6,2009.0,09:00:00,14:45:00,False,False,True,001,2026-07-02,2009.8,0.001888950206247849,False,0.001888950206247849
2026-07-06,241,2012.7,1995.0,09:00:00,14:45:00,False,False,True,001,2026-07-03,2009.0,0.0018400184220175677,False,0.0018400184220175677
2026-07-07,241,1994.8,1999.0,09:00:00,14:45:00,False,False,True,001,2026-07-06,1995.0,-0.00010025565199642394,False,0.00010025565199642394
2026-07-08,241,1995.5,1999.5,09:00:00,14:45:00,False,False,True,001,2026-07-07,1999.0,-0.0017524100116115258,False,0.0017524100116115258
2026-07-09,241,1996.0,1994.3,09:00:00,14:45:00,False,False,True,001,2026-07-08,1999.5,-0.0017519714154637166,False,0.0017519714154637166
2026-07-10,241,1995.6,1976.5,09:00:00,14:45:00,False,False,True,001,2026-07-09,1994.3,0.0006516454277064437,False,0.0006516454277064437
2026-07-13,241,1967.0,1941.5,09:00:00,14:45:00,False,False,True,001,2026-07-10,1976.5,-0.004818064347681171,False,0.004818064347681171
2026-07-14,241,1938.9,1943.5,09:00:00,14:45:00,False,False,True,001,2026-07-13,1941.5,-0.0013400682347624573,False,0.0013400682347624573
2026-07-15,241,1943.5,1919.1,09:00:00,14:45:00,False,False,True,001,2026-07-14,1943.5,0.0,False,0.0
2026-07-16,241,1915.0,1936.3,09:00:00,14:45:00,False,False,True,001,2026-07-15,1919.1,-0.002138703509455261,False,0.002138703509455261
2026-07-17,241,1926.8,1930.0,09:00:00,14:45:00,False,False,True,001,2026-07-16,1936.3,-0.004918339753286786,True,0.004918339753286786
