date,gap_type,log_return
2017-11-06,lunch,0.0003561464986892974
2017-11-06,closing_auction,0.00011835019837477053
2017-11-07,overnight_open,0.001773574216016102
2017-11-07,lunch,0.00011773709320725016
2017-11-07,closing_auction,-0.0004721435404044697
2017-11-08,overnight_open,-0.0003542540038227641
2017-11-08,lunch,0.00011762630137668603
2017-11-08,closing_auction,0.0005836008336052947
2017-11-09,overnight_open,-0.000700361882252066
2017-11-09,lunch,0.0003486547771968187
2017-11-09,closing_auction,-0.0004664723116656244
2017-11-10,overnight_open,-0.00046669000963714093
2017-11-10,lunch,0.0
2017-11-10,closing_auction,-0.0008161838032521033
2017-11-13,overnight_open,0.0008161838032520973
2017-11-13,closing_auction,-0.00034736293986737705
2017-11-14,overnight_open,0.0025445306349947947
2017-11-14,closing_auction,0.0016110475291200958
2017-11-15,overnight_open,0.002067540364355961
2017-11-15,lunch,0.0005715918989575678
2017-11-15,closing_auction,-0.0036421620048080303
2017-11-16,overnight_open,0.0011396012629335743
2017-11-16,lunch,0.0004526423071511002
2017-11-16,closing_auction,0.0033837162896271362
2017-11-17,overnight_open,0.010528771097975415
2017-11-17,lunch,-0.00011110493872883352
2017-11-17,closing_auction,0.0033277900926747457
2017-11-20,overnight_open,0.0016597514183644708
2017-11-20,lunch,-0.0004396570745693957
2017-11-20,closing_auction,0.00485045413374948
2017-11-21,overnight_open,0.004291852081541084
2017-11-21,lunch,-0.001783560248286291
2017-11-21,closing_auction,0.006282743179495209
2017-11-22,overnight_open,0.004166672694845912
2017-11-22,lunch,0.0006206682727438068
2017-11-22,closing_auction,0.0
2017-11-23,overnight_open,0.008680166831266597
2017-11-23,lunch,0.0006089516071665358
2017-11-23,closing_auction,-0.011616477234652126
2017-11-24,overnight_open,0.0
2017-11-24,closing_auction,-0.0021299262578248533
2017-11-27,overnight_open,0.002129926257824849
2017-11-27,lunch,0.0
2017-11-27,closing_auction,0.003176286418420737
2017-11-28,overnight_open,-0.00021143884210289636
2017-11-28,lunch,0.0009534404027530154
2017-11-28,closing_auction,0.004871858820606055
2017-11-29,overnight_open,0.0026378279605503985
2017-11-29,closing_auction,0.005117237421190059
2017-11-30,overnight_open,0.004261739208452886
2017-11-30,closing_auction,-0.012448293526567917
2017-12-01,overnight_open,0.0
2017-12-01,lunch,0.00020798668960171862
2017-12-01,closing_auction,0.0027018617704239038
2017-12-04,overnight_open,0.003522224712577893
2017-12-04,lunch,0.0005145356429443458
2017-12-04,closing_auction,0.004056800695614469
2017-12-05,overnight_open,0.003536250211982817
2017-12-05,lunch,0.0
2017-12-05,closing_auction,0.0
2017-12-06,overnight_open,-0.002096436826528182
2017-12-06,lunch,-0.0005306447458027798
2017-12-07,overnight_open,-0.0030605268995292506
2017-12-07,lunch,-0.00106723596042267
2017-12-08,overnight_open,-0.00714022322733065
2017-12-08,lunch,0.0012767317406153459
2017-12-08,closing_auction,-0.0032000027306709027
2017-12-11,overnight_open,-0.008583743691391442
2017-12-11,lunch,-0.0002164736451791564
2017-12-11,closing_auction,-0.01543580812983925
2017-12-12,overnight_open,0.009620243376990602
2017-12-12,lunch,-0.0033632318697664363
2017-12-13,overnight_open,0.011997282197396864
2017-12-13,lunch,-0.0033351893061383505
2017-12-13,closing_auction,0.0033021493957590318
2017-12-14,overnight_open,-0.005067764509037537
2017-12-14,lunch,0.002294957567012882
2017-12-14,closing_auction,0.0021574981400210927
2017-12-15,overnight_open,0.0053734680611431445
2017-12-15,lunch,0.0010712373814988586
2017-12-15,closing_auction,-0.0026702285558789208
2017-12-18,overnight_open,0.003736326737876437
2017-12-18,lunch,0.0014786652461828839
2017-12-18,closing_auction,0.0031364374901303115
2017-12-19,overnight_open,-0.00020879006235155365
2017-12-19,lunch,-0.0004187604751312546
2017-12-19,closing_auction,-0.00476317386391244
2017-12-20,overnight_open,0.0026490081715768625
2017-12-20,lunch,0.0007357191986702221
2017-12-20,closing_auction,-0.0008426375050936026
2017-12-21,overnight_open,-0.00031617221109667056
2017-12-21,closing_auction,-0.007648220838256845
2017-12-22,overnight_open,0.013556657524423213
2017-12-22,closing_auction,0.004192878260035958
2017-12-25,overnight_open,0.0031331618320369014
2017-12-25,lunch,0.0
2017-12-25,closing_auction,0.0008325528631590289
2017-12-26,overnight_open,0.00010402038808980477
2017-12-26,lunch,0.0
2017-12-26,closing_auction,0.00030742429918800005
2017-12-27,overnight_open,0.00020489703995473735
2017-12-27,lunch,0.00030688967557126876
2017-12-27,closing_auction,-0.003100777678248271
2017-12-28,overnight_open,0.0026878957566107056
2017-12-28,lunch,0.001649314877537037
2017-12-28,closing_auction,0.0009207632754466005
2017-12-29,overnight_open,0.0028591870800451606
2017-12-29,lunch,0.0006111224472128971
2017-12-29,closing_auction,-0.003768400854094757
2018-01-02,overnight_open,0.003056548482548874
2018-01-02,lunch,0.00020281918739032607
2018-01-02,closing_auction,0.0024052928012494017
2018-01-03,overnight_open,0.003996009313381923
2018-01-03,lunch,0.002074382133684617
2018-01-03,closing_auction,0.003759031036302841
2018-01-04,overnight_open,0.001184132761216772
2018-01-04,lunch,0.000294507438441432
2018-01-04,closing_auction,0.0047971113580463
2018-01-05,overnight_open,0.00039058686171780383
2018-01-05,lunch,-0.0006890781391921498
2018-01-05,closing_auction,0.003960401216096914
2018-01-08,overnight_open,-0.0026715496025970786
2018-01-08,lunch,0.0009828010619080778
2018-01-08,closing_auction,0.0
2018-01-09,overnight_open,0.004359415961916242
2018-01-09,lunch,0.00048391000218447774
2018-01-09,closing_auction,-9.596468506951692e-05
2018-01-10,overnight_open,0.0009592326874601342
2018-01-10,closing_auction,-0.0019212301778939326
2018-01-11,overnight_open,-0.0019249284095843938
2018-01-11,lunch,-0.00048181162098053334
2018-01-11,closing_auction,0.00171118969410156
2018-01-12,overnight_open,0.0006646726731909598
2018-01-12,lunch,-0.001807888593659479
2018-01-12,closing_auction,0.00047562426580340155
2018-01-15,overnight_open,-0.001427551991185446
2018-01-15,lunch,0.0010445848725347975
2018-01-15,closing_auction,0.002268860871191004
2018-01-16,overnight_open,0.0
2018-01-16,closing_auction,0.0014187753621332205
2018-01-17,overnight_open,0.0013223766921816927
2018-01-17,lunch,0.0
2018-01-17,closing_auction,-0.01367559259974654
2018-01-18,overnight_open,-0.0019550348358033506
2018-01-18,lunch,9.85173144976302e-05
2018-01-18,closing_auction,0.009428586299905128
2018-01-19,overnight_open,0.012087902384734851
2018-01-19,lunch,-0.0007562151792457683
2018-01-19,closing_auction,-0.00879729459303461
2018-01-22,overnight_open,0.004455617173597649
2018-01-22,lunch,-0.0004682744173605029
2018-01-23,overnight_open,0.0011043623430532275
2018-01-23,closing_auction,-0.0022701485345391855
2018-01-24,overnight_open,0.0
2018-01-24,closing_auction,0.0009977777597710276
2018-01-25,overnight_open,0.0028969783070751623
2018-01-25,lunch,0.0012497769882402064
2018-01-25,closing_auction,0.00035752592443777555
2018-01-26,overnight_open,0.0016072867108720599
2018-01-26,lunch,0.0
2018-01-29,overnight_open,0.0017087103397494213
2018-01-29,lunch,-0.0009066183757900878
2018-01-30,overnight_open,-0.005504601055329085
2018-01-30,lunch,0.0004614035979057337
2018-01-30,closing_auction,0.011834457647002798
2018-01-31,overnight_open,-0.001811594698350714
2018-01-31,lunch,0.0015358904406071803
2018-02-01,overnight_open,9.216165160200848e-05
2018-02-01,lunch,-0.0016603638165493448
2018-02-01,closing_auction,0.0055710450494554295
2018-02-02,overnight_open,0.0018501392881613734
2018-02-02,lunch,-0.0009272137891922502
2018-02-02,closing_auction,0.0009203866273287486
2018-02-05,overnight_open,-0.006275398962418696
2018-02-05,lunch,0.00046893318561547833
2018-02-05,closing_auction,-0.0038314223115559487
2018-02-06,overnight_open,-0.029213372465901395
2018-02-06,lunch,0.0010131713126068026
2018-02-07,overnight_open,-0.019086952550343855
2018-02-07,lunch,-0.0003894081046093244
2018-02-07,closing_auction,-0.00927062018952735
2018-02-08,overnight_open,-0.000980873055591948
2018-02-08,lunch,0.0004929751147409076
2018-02-08,closing_auction,-0.0064500347654822925
2018-02-09,overnight_open,-0.04323073358928263
2018-02-09,lunch,0.0011289578866254123
2018-02-12,overnight_open,0.011940440371917849
2018-02-12,lunch,-0.00029692680972348497
2018-02-12,closing_auction,0.008408690148205177
2018-02-13,overnight_open,0.007479179556763394
2018-02-21,overnight_open,0.034991749622502316
2018-02-21,lunch,9.223815899182313e-05
2018-02-21,closing_auction,-0.0010161194352645863
2018-02-22,overnight_open,-0.00928511777567954
2018-02-22,lunch,-0.0013976242666379726
2018-02-23,overnight_open,0.007483664487173048
2018-02-23,lunch,0.0011148273172463632
2018-02-26,overnight_open,0.013560443077267741
2018-02-26,lunch,0.000356887940975755
2018-02-27,overnight_open,0.015065009105423166
2018-02-28,overnight_open,-0.004522848053726601
2018-02-28,lunch,-0.0004515692106537963
2018-03-01,overnight_open,-0.010524502878598319
2018-03-01,lunch,0.0008090979000294046
2018-03-02,overnight_open,-0.01006856888994059
2018-03-02,lunch,0.00036337209702159366
2018-03-05,overnight_open,0.005395696543852055
2018-03-05,lunch,-0.001974157137925647
2018-03-06,overnight_open,0.011555478708103245
2018-03-06,lunch,0.0004596644530487201
2018-03-07,overnight_open,0.000901388198763622
2018-03-07,lunch,-0.0004544421800544344
2018-03-08,overnight_open,0.008245580386751307
2018-03-08,lunch,-0.0004565167849200391
2018-03-09,overnight_open,0.02408659957621277
2018-03-09,lunch,0.001074594891623026
2018-03-12,overnight_open,0.010523099309285843
2018-03-12,lunch,0.00017919541307693447
2018-03-12,closing_auction,0.004326669810732198
2018-03-13,overnight_open,-0.002521615169002032
2018-03-13,lunch,0.0008148852820888633
2018-03-14,overnight_open,0.0030534374868904698
2018-03-14,lunch,-0.0002690944986413437
2018-03-15,overnight_open,-0.0018005046275682082
2018-03-15,lunch,0.0004507956619639815
2018-03-16,overnight_open,0.00948722769757121
2018-03-16,lunch,0.0
2018-03-16,closing_auction,0.0015990054042131624
2018-03-19,overnight_open,0.00124190559739068
2018-03-19,lunch,0.002386530500281789
2018-03-19,closing_auction,-0.0034420403781677323
2018-03-20,overnight_open,-0.003276513889860537
2018-03-20,lunch,0.0007936858302795322
2018-03-21,overnight_open,0.0011465362635347943
2018-03-21,lunch,0.0
2018-03-21,closing_auction,0.0007898547955508199
2018-03-22,overnight_open,0.0047260721609374695
2018-03-22,lunch,0.0
2018-03-22,closing_auction,-0.00525395254115785
2018-03-23,overnight_open,-0.013256932993545701
2018-03-23,lunch,-0.0008911862277732975
2018-03-23,closing_auction,0.0010662876432352517
2018-03-26,overnight_open,0.0
2018-03-26,lunch,0.0010621349909833693
2018-03-27,overnight_open,0.011772536225267194
2018-03-27,lunch,-0.0002610625259572157
2018-03-28,overnight_open,-0.002882979326153223
2018-03-28,lunch,0.0003500481351925631
2018-03-28,closing_auction,8.722578399703197e-05
2018-03-29,overnight_open,0.0021781755507966176
2018-03-29,lunch,0.0002613126620854333
2018-03-29,closing_auction,0.0
2018-03-30,overnight_open,0.0010495015831252018
2018-03-30,lunch,0.0004379242461053669
2018-03-30,closing_auction,-0.00026192866959020856
2018-04-02,overnight_open,0.0015705439054105733
2018-04-02,lunch,0.00017296549381540482
2018-04-02,closing_auction,0.00017213185342438076
2018-04-03,overnight_open,-0.0017226533114461818
2018-04-03,lunch,-0.00025827558147959226
2018-04-03,closing_auction,0.001549453697272067
2018-04-04,overnight_open,0.0045483880172697486
2018-04-04,lunch,-0.0005136106943928518
2018-04-04,closing_auction,-0.002578428587944365
2018-04-05,overnight_open,0.00420800140020527
2018-04-05,lunch,0.0008574859040246615
2018-04-05,closing_auction,0.0012828738128891231
2018-04-06,overnight_open,-0.0008550663197333875
2018-04-06,lunch,-0.00017054660227242441
2018-04-06,closing_auction,-0.0011958658638801883
2018-04-09,overnight_open,0.0005126890653186344
2018-04-09,closing_auction,0.0023791327391707215
2018-04-10,overnight_open,-0.0005942527446833179
2018-04-10,lunch,-0.0001701837989131624
2018-04-10,closing_auction,-0.000851426190217624
2018-04-11,overnight_open,0.0006811989364231627
2018-04-11,lunch,0.0006874624314746542
2018-04-12,overnight_open,-0.00175592670226492
2018-04-12,lunch,0.0009657171199587913
2018-04-12,closing_auction,-0.0008760403538799321
2018-04-13,overnight_open,0.0034995661262643323
2018-04-13,lunch,-0.0007915219620844364
2018-04-16,overnight_open,-0.0008892841848841728
2018-04-16,lunch,-0.00026639435401511213
2018-04-16,closing_auction,0.0
2018-04-17,overnight_open,0.003106281619069831
2018-04-17,lunch,-0.0012485509514575624
2018-04-18,overnight_open,0.0029950691874773114
2018-04-18,lunch,-0.0003545470698370822
2018-04-18,closing_auction,-8.990784451996391e-05
2018-04-19,overnight_open,0.0013477696455909897
2018-04-19,lunch,9.150386610240344e-05
2018-04-20,overnight_open,-0.034950039684653655
2018-04-20,lunch,0.00037061058517423747
2018-04-23,overnight_open,0.0012755103770115917
2018-04-24,overnight_open,0.0029906924997301575
2018-04-26,overnight_open,0.011623011593946778
2018-04-26,lunch,-0.0029168712951232454
2018-04-26,closing_auction,0.0029615026580692276
2018-04-27,overnight_open,-0.000492975114740923
2018-04-27,lunch,0.0011621151801775185
2018-04-27,closing_auction,9.699791462070333e-05
2018-05-02,overnight_open,0.0011632416976669485
2018-05-02,lunch,-0.000983767910132727
2018-05-02,closing_auction,0.004075349808221274
2018-05-03,overnight_open,-0.00327885434596164
2018-05-03,lunch,0.001192250513806406
2018-05-03,closing_auction,0.00098183611225686
2018-05-04,overnight_open,0.001078907465748428
2018-05-04,lunch,-0.00029491275711405844
2018-05-04,closing_auction,-0.0009866799024450975
2018-05-07,overnight_open,0.003940891799876627
2018-05-07,lunch,0.0017550706533159856
2018-05-07,closing_auction,0.0006630985891623242
2018-05-08,overnight_open,-0.0014214643473775366
2018-05-08,lunch,0.0003785369591902321
2018-05-08,closing_auction,-0.004750602758597865
2018-05-09,overnight_open,-0.0019065782705815315
2018-05-09,closing_auction,-0.0007674597460344376
2018-05-10,overnight_open,0.0023006145116615732
2018-05-10,lunch,0.00038343558752008527
2018-05-10,closing_auction,0.0034576473074527077
2018-05-11,overnight_open,-0.002962965130657072
2018-05-11,lunch,0.0004968944201617485
2018-05-11,closing_auction,0.0009675859487358161
2018-05-14,overnight_open,0.0028971531611527873
2018-05-14,lunch,0.0012531933967674807
2018-05-14,closing_auction,0.002842795432930196
2018-05-15,overnight_open,-0.0016099250600691186
2018-05-15,lunch,0.0005640158073938673
2018-05-15,closing_auction,-0.0033373094145182107
2018-05-16,overnight_open,0.0005729017630198422
2018-05-16,lunch,-0.0018287699403531901
2018-05-16,closing_auction,0.0029112102074585343
2018-05-17,overnight_open,-0.0007754944165303904
2018-05-17,lunch,0.0014552512876251247
2018-05-17,closing_auction,-0.008610930625352686
2018-05-18,overnight_open,0.0069341535889987874
2018-05-18,lunch,0.0001998401285626845
2018-05-18,closing_auction,-0.0017513139327349518
2018-05-21,overnight_open,0.00116788334442341
2018-05-21,lunch,0.0018420675139451
2018-05-21,closing_auction,-0.00652776608720806
2018-05-22,overnight_open,-0.002320069634022802
2018-05-22,lunch,0.0002068466239663473
2018-05-22,closing_auction,0.005408792050316452
2018-05-23,overnight_open,-0.002076843944839117
2018-05-23,lunch,-0.000316405634659921
2018-05-23,closing_auction,-0.007580450149171432
2018-05-24,overnight_open,-0.0008229606472080296
2018-05-24,lunch,-0.0002092269073435308
2018-05-24,closing_auction,-0.0010443865179062734
2018-05-25,overnight_open,-0.0010454784015529453
2018-05-25,lunch,0.0003128421736763404
2018-05-25,closing_auction,-0.006324047015909127
2018-05-28,overnight_open,-0.004958509674402458
2018-05-28,lunch,0.0005486968587594479
2018-05-28,closing_auction,-0.0005657708778923452
2018-05-29,overnight_open,-0.0028336658235716063
2018-05-29,lunch,0.0031636965241208176
2018-05-29,closing_auction,0.003252035386377316
2018-05-30,overnight_open,-0.001191185370153118
2018-05-30,lunch,0.0
2018-05-30,closing_auction,-0.004395611473038109
2018-05-31,overnight_open,0.003956918770235996
2018-05-31,lunch,0.003547055903628409
2018-05-31,closing_auction,-0.003714517404415573
2018-06-01,overnight_open,-0.0037283665026628843
2018-06-01,lunch,0.0
2018-06-01,closing_auction,-0.000626435602026649
2018-06-04,overnight_open,-0.0036620496065144803
2018-06-04,lunch,0.0005126890653186344
2018-06-04,closing_auction,-0.00010198358073193654
2018-06-05,overnight_open,0.0035632514158525433
2018-06-05,lunch,0.0014145703076194457
2018-06-05,closing_auction,0.003034903695154111
2018-06-06,overnight_open,0.00302572091653689
2018-06-06,lunch,-0.0010066439344114438
2018-06-06,closing_auction,0.001964637174164816
2018-06-07,overnight_open,0.0012749474585346174
2018-06-07,lunch,-0.0004924895445516657
2018-06-07,closing_auction,0.0009847366625395598
2018-06-08,overnight_open,0.0
2018-06-08,lunch,-0.0002957559049507231
2018-06-08,closing_auction,0.0028530689824064807
2018-06-11,overnight_open,-0.002656044058116185
2018-06-11,lunch,-0.00019495077554681874
2018-06-11,closing_auction,-0.003827098533114961
2018-06-12,overnight_open,-0.004039215382867177
2018-06-12,lunch,-0.0010015023370895213
2018-06-12,closing_auction,0.0014924633385710636
2018-06-13,overnight_open,0.0009937395232964203
2018-06-13,lunch,-0.0015931497943013349
2018-06-13,closing_auction,0.003836510534270921
2018-06-14,overnight_open,-0.000392811553710461
2018-06-14,lunch,-0.0005910747881672184
2018-06-14,closing_auction,-0.004977611073752132
2018-06-15,overnight_open,-0.0009985023295895493
2018-06-15,lunch,-0.00040096231491477984
2018-06-15,closing_auction,0.004972660669378459
2018-06-18,overnight_open,-0.001687931692026384
2018-06-18,lunch,-0.00010009509041945894
2018-06-18,closing_auction,-0.004115232145106544
2018-06-19,overnight_open,-0.007242659699302924
2018-06-19,lunch,-0.0015929488846022659
2018-06-19,closing_auction,0.013849596002467561
2018-06-20,overnight_open,0.005528988034946366
2018-06-20,lunch,0.0038900327664493704
2018-06-20,closing_auction,-0.0015596571916467754
2018-06-21,overnight_open,0.0002080948920214312
2018-06-21,lunch,0.0011653160914028662
2018-06-21,closing_auction,-0.002094241603114737
2018-06-22,overnight_open,-0.01393309430392405
2018-06-22,lunch,0.001460615804795598
2018-06-22,closing_auction,-0.0016528929382995142
2018-06-25,overnight_open,0.005464776192018478
2018-06-25,lunch,-0.001123538241881799
2018-06-25,closing_auction,-0.01001950923779899
2018-06-26,overnight_open,-0.004324999018601346
2018-06-26,lunch,0.0018793072977338883
2018-06-26,closing_auction,0.0
2018-06-27,overnight_open,0.0066924316710383945
2018-06-27,lunch,0.0005130046795932012
2018-06-27,closing_auction,-0.008429976160459375
2018-06-28,overnight_open,-0.0009528347552718544
2018-06-28,lunch,0.0007399968623532001
2018-06-28,closing_auction,0.011543522795382863
2018-06-29,overnight_open,0.0013805556273308924
2018-06-29,lunch,0.001900940481609646
2018-06-29,closing_auction,-0.004020743962917007
2018-07-02,overnight_open,-0.003292096638656026
2018-07-02,lunch,-0.004239367184058178
2018-07-02,closing_auction,-0.000976721549241753
2018-07-03,overnight_open,0.0027107633839878083
2018-07-03,lunch,0.0013268467227469031
2018-07-03,closing_auction,-0.006606597010044649
2018-07-04,overnight_open,-0.003263379928728551
2018-07-04,lunch,0.0014592807214410645
2018-07-04,closing_auction,-0.004246290881451097
2018-07-05,overnight_open,0.0011191942970150324
2018-07-05,lunch,-0.0020503481382720106
2018-07-05,closing_auction,-0.004723239009543601
2018-07-06,overnight_open,0.0035732848809793384
2018-07-06,lunch,0.004514680354526613
2018-07-06,closing_auction,-0.002232143783940783
2018-07-09,overnight_open,0.013428979346043141
2018-07-09,lunch,0.0014205323920747142
2018-07-09,closing_auction,-0.006764400088542037
2018-07-10,overnight_open,0.006764400088542063
2018-07-10,lunch,0.00043989883036446
2018-07-10,closing_auction,-0.002247191956904721
2018-07-11,overnight_open,-0.01587334915629012
2018-07-11,lunch,-0.0018475755833001475
2018-07-11,closing_auction,0.010386706188809623
2018-07-12,overnight_open,0.00011480397234345135
2018-07-12,lunch,0.0016925250866913135
2018-07-12,closing_auction,0.0018281540740626235
2018-07-13,overnight_open,0.007959109667568643
2018-07-13,lunch,-0.0006679283338600194
2018-07-13,closing_auction,0.00890874488910943
2018-07-16,overnight_open,0.008390422373702733
2018-07-16,lunch,0.0005535566152978599
2018-07-16,closing_auction,0.005521825184307947
2018-07-17,overnight_open,-0.0065189999387002305
2018-07-17,lunch,-0.0007710525248449989
2018-07-17,closing_auction,0.0032733253449691085
2018-07-18,overnight_open,0.0038053864893874217
2018-07-18,lunch,0.0011887395358884665
2018-07-18,closing_auction,0.0006425358970257805
2018-07-19,overnight_open,0.001604535831220994
2018-07-19,lunch,-0.0005323396452571098
2018-07-19,closing_auction,0.0005314908442945724
2018-07-20,overnight_open,-0.008752323989151769
2018-07-20,lunch,0.002365846893385308
2018-07-20,closing_auction,0.0009528347552718458
2018-07-23,overnight_open,-0.007754859068163232
2018-07-23,lunch,0.0005284015974993237
2018-07-23,closing_auction,-0.00517577174405907
2018-07-24,overnight_open,0.005390848634876373
2018-07-24,lunch,-0.00021812629598977297
2018-07-24,closing_auction,0.005317141277620339
2018-07-25,overnight_open,0.0038885337396923746
2018-07-25,lunch,0.00021595940047226033
2018-07-25,closing_auction,-0.003287674194191638
2018-07-26,overnight_open,0.0016451881966881474
2018-07-26,lunch,0.0011019284861567347
2018-07-26,closing_auction,0.005669443881868623
2018-07-27,overnight_open,-0.0016321204863469572
2018-07-27,lunch,0.0006487889500934471
2018-07-27,closing_auction,0.0016229378731305688
2018-07-30,overnight_open,0.001944055045795883
2018-07-30,lunch,0.00032070126951879823
2018-07-30,closing_auction,-0.0027694947399393784
2018-07-31,overnight_open,0.00010666097818232129
2018-07-31,lunch,0.000637416360687383
2018-07-31,closing_auction,-0.004783426606894028
2018-08-01,overnight_open,0.0008520609739060925
2018-08-01,lunch,-0.0007444037138562747
2018-08-01,closing_auction,0.00021415569200593842
2018-08-02,overnight_open,-0.00257290021865671
2018-08-02,lunch,-0.0015123693063055345
2018-08-02,closing_auction,0.004165560095447827
2018-08-03,overnight_open,0.0008523333139052919
2018-08-03,lunch,-0.0006360649000625473
2018-08-03,closing_auction,-0.004162447975814736
2018-08-06,overnight_open,0.002136752949735242
2018-08-06,lunch,0.0
2018-08-06,closing_auction,0.0038593529892587603
2018-08-07,overnight_open,0.0009625154478184819
2018-08-07,lunch,0.0
2018-08-07,closing_auction,-0.0003209757690853007
2018-08-08,overnight_open,0.0009626183961681927
2018-08-08,lunch,0.00021285653549938242
2018-08-08,closing_auction,0.0011665519112826373
2018-08-09,overnight_open,0.0029632787055820183
2018-08-09,lunch,0.0
2018-08-09,closing_auction,-0.0020188074645918525
2018-08-10,overnight_open,-0.0015966792470839505
2018-08-10,lunch,-0.0008543358059155315
2018-08-10,closing_auction,0.0002113271351906483
2018-08-13,overnight_open,-0.0038107381777460034
2018-08-13,lunch,0.00031663940314171767
2018-08-14,overnight_open,0.0010474495563311166
2018-08-14,lunch,-0.00010479434120133718
2018-08-14,closing_auction,-0.0010418838200252148
2018-08-15,overnight_open,-0.0011473273748799986
2018-08-15,lunch,-0.0009398987689997588
2018-08-15,closing_auction,-0.005163069264056543
2018-08-16,overnight_open,-0.0050836796626935
2018-08-16,lunch,0.0009589260763575255
2018-08-16,closing_auction,0.0028551809170546845
2018-08-17,overnight_open,0.005791013814777717
2018-08-17,lunch,-0.0003144159749215958
2018-08-17,closing_auction,0.0
2018-08-20,overnight_open,-0.0012679629763028824
2018-08-20,lunch,0.0003155403654894681
2018-08-20,closing_auction,-0.00021161781901004318
2018-08-21,overnight_open,-0.0005292405521784722
2018-08-21,lunch,0.000633111765370336
2018-08-21,closing_auction,0.0038676680210242473
2018-08-22,overnight_open,0.0010427529620555044
2018-08-22,lunch,-0.0002090519501706758
2018-08-22,closing_auction,0.0019873444122623313
2018-08-23,overnight_open,-0.0004180602067577332
2018-08-23,lunch,0.00010424811059740514
2018-08-23,closing_auction,-0.00031225605249815395
2018-08-24,overnight_open,-0.0011457737829694463
2018-08-24,lunch,0.0004170576642662762
2018-08-24,closing_auction,-0.0008342893382027046
2018-08-27,overnight_open,0.002396708280074604
2018-08-27,lunch,0.00010367528908785608
2018-08-27,closing_auction,0.00031151030831838187
2018-08-28,overnight_open,0.00290275965796141
2018-08-28,lunch,0.0
2018-08-28,closing_auction,-0.000517678740142205
2018-08-29,overnight_open,0.0004141644291963026
2018-08-29,lunch,-0.00020723241189079365
2018-08-29,closing_auction,-0.0018693535405258537
2018-08-30,overnight_open,-0.0008319468033926425
2018-08-30,lunch,0.00031131635181123066
2018-08-30,closing_auction,0.0029926238731928087
2018-08-31,overnight_open,-0.00010304497922454727
2018-08-31,lunch,-0.00030856261494495435
2018-08-31,closing_auction,0.002073184115630524
2018-09-04,overnight_open,-0.0012433946270884956
2018-09-04,lunch,0.000623376643563429
2018-09-04,closing_auction,-0.0010454784015529453
2018-09-05,overnight_open,-0.00314300939719914
2018-09-05,lunch,0.00031573962268309583
2018-09-05,closing_auction,0.0012719950835246494
2018-09-06,overnight_open,0.0011645758555097875
2018-09-06,lunch,-0.00031777978128770014
2018-09-06,closing_auction,-0.0012830109746730348
2018-09-07,overnight_open,0.0004278532528633482
2018-09-07,lunch,0.0009656135077845885
2018-09-07,closing_auction,-0.0015885626851378416
2018-09-10,overnight_open,0.000635727929866013
2018-09-10,lunch,0.00021199915279733624
2018-09-10,closing_auction,-0.002027424265935086
2018-09-11,overnight_open,0.0005339313491146681
2018-09-11,lunch,0.0005294086629023802
2018-09-11,closing_auction,0.000734715330872481
2018-09-12,overnight_open,0.0018867930125766356
2018-09-12,lunch,0.0002093364043651881
2018-09-12,closing_auction,-0.0018929440924234907
2018-09-13,overnight_open,0.002943033446503786
2018-09-13,lunch,0.0008377841101603193
2018-09-13,closing_auction,0.0036793734018615194
2018-09-14,overnight_open,0.0031430093971992214
2018-09-14,lunch,0.0005217845148386374
2018-09-14,closing_auction,0.0016706697004821298
2018-09-17,overnight_open,-0.002925506213565142
2018-09-17,lunch,0.0001047065599617123
2018-09-17,closing_auction,0.0
2018-09-18,overnight_open,-0.002317254038802138
2018-09-18,lunch,0.0008429038535093172
2018-09-18,closing_auction,0.002081166203824671
2018-09-19,overnight_open,0.0021805730046281927
2018-09-19,lunch,0.0005176787401420561
2018-09-19,closing_auction,0.0
2018-09-20,overnight_open,0.0010380982973155263
2018-09-20,lunch,0.0005186453101064246
2018-09-20,closing_auction,0.0006181106614845745
2018-09-21,overnight_open,0.004726198050440266
2018-09-21,lunch,-0.0020565559947596105
2018-09-21,closing_auction,0.0014295928095943715
2018-09-24,overnight_open,-0.0013274112328437418
2018-09-24,lunch,0.0
2018-09-24,closing_auction,-0.0025438833357376888
2018-09-25,overnight_open,0.00040745645872867516
2018-09-25,lunch,0.00010174492555968794
2018-09-25,closing_auction,0.0007141035753602447
2018-09-26,overnight_open,0.00030588835313694545
2018-09-26,lunch,0.0005079494191602752
2018-09-26,closing_auction,-0.0015278841780531757
2018-09-27,overnight_open,0.002036660581803555
2018-09-27,lunch,-0.0005088281797056135
2018-09-27,closing_auction,0.0025392324851667533
2018-09-28,overnight_open,0.0014191588798460992
2018-09-28,lunch,0.0
2018-09-28,closing_auction,-0.00010127095051441269
2018-10-01,overnight_open,0.001619105797949694
2018-10-01,lunch,0.0
2018-10-01,closing_auction,-0.002535112649105856
2018-10-02,overnight_open,-0.0008125952707167636
2018-10-02,lunch,0.0002025931935616482
2018-10-02,closing_auction,0.0018309434471091147
2018-10-03,overnight_open,0.0009142161234033101
2018-10-03,lunch,-0.0001015279964322555
2018-10-03,closing_auction,0.0009127326834146999
2018-10-04,overnight_open,0.0005067139708114992
2018-10-04,lunch,-0.0003035361990218945
2018-10-04,closing_auction,0.0034333064120137423
2018-10-05,overnight_open,-0.0018161643575500188
2018-10-05,lunch,-0.00040485830512528443
2018-10-05,closing_auction,-0.00040700041261861736
2018-10-08,overnight_open,-0.0036704772040375465
2018-10-08,lunch,0.000306482098736445
2018-10-08,closing_auction,-0.000719018057785921
2018-10-09,overnight_open,0.0012322860462648801
2018-10-09,lunch,-0.0002054864899862595
2018-10-09,closing_auction,-0.0005134788302807728
2018-10-10,overnight_open,-0.0005137426262492894
2018-10-10,lunch,0.00020559210598727974
2018-10-10,closing_auction,0.00010292831052257551
2018-10-11,overnight_open,-0.02037916233665214
2018-10-11,lunch,-0.0006462035766061567
2018-10-11,closing_auction,-0.002062639823727362
2018-10-12,overnight_open,-0.009828625588395794
2018-10-12,lunch,0.0027087074365475376
2018-10-12,closing_auction,0.00042381861198062754
2018-10-15,overnight_open,-0.004884792552605985
2018-10-15,lunch,-0.0026946930884240612
2018-10-15,closing_auction,-0.003909648768033144
2018-10-16,overnight_open,0.006507615156738215
2018-10-16,lunch,0.0010748066382926826
2018-10-16,closing_auction,-0.0025632824031647954
2018-10-17,overnight_open,0.018961428212801085
2018-10-17,lunch,-0.00031673969541055094
2018-10-17,closing_auction,-0.0005286809533660422
2018-10-18,overnight_open,-0.004770748513132581
2018-10-18,lunch,-0.00042630289465816606
2018-10-18,closing_auction,-0.0006397270716094581
2018-10-19,overnight_open,-0.01656129905014297
2018-10-19,lunch,0.006480204121944108
2018-10-19,closing_auction,0.00032187114703083363
2018-10-22,overnight_open,0.0037475283432267096
2018-10-22,lunch,0.001068376169998953
2018-10-22,closing_auction,0.0007599197022051715
2018-10-23,overnight_open,-0.009814691653231416
2018-10-23,lunch,-0.005530987551533757
2018-10-23,closing_auction,0.004449395549541867
2018-10-24,overnight_open,0.007739120992955468
2018-10-24,lunch,-0.006234711801472762
2018-10-24,closing_auction,-0.007878487572079828
2018-10-25,overnight_open,-0.027028672387919374
2018-10-25,lunch,-0.005720839401213543
2018-10-25,closing_auction,-0.0006765900122786199
2018-10-26,overnight_open,0.007305455362236403
2018-10-26,lunch,0.0019454145862070123
2018-10-26,closing_auction,-0.006187713108165534
2018-10-29,overnight_open,0.005844953893156112
2018-10-29,lunch,-0.005141399500418652
2018-10-29,closing_auction,0.004680641001618185
2018-10-30,overnight_open,-0.0030799088967243455
2018-10-30,lunch,0.003297143570229733
2018-10-30,closing_auction,0.0005709392104849367
2018-10-31,overnight_open,0.008751547587567287
2018-10-31,lunch,0.0028113597375463875
2018-10-31,closing_auction,0.006436599738538744
2018-11-01,overnight_open,0.0006634966515662124
2018-11-01,lunch,-0.0023546571399582373
2018-11-01,closing_auction,0.0057859370670439265
2018-11-02,overnight_open,0.009569451016150672
2018-11-02,lunch,0.015126525769136322
2018-11-02,closing_auction,-0.0031940111960044445
2018-11-05,overnight_open,-0.010646657070948393
2018-11-05,lunch,-0.0016839745770095334
2018-11-05,closing_auction,-0.00344234419097279
2018-11-06,overnight_open,0.0068728792877620504
2018-11-06,lunch,0.001326700028759918
2018-11-06,closing_auction,-0.001341381824201336
2018-11-07,overnight_open,0.003350086885282027
2018-11-07,lunch,-0.004126476607639187
2018-11-07,closing_auction,0.004255802145165236
2018-11-08,overnight_open,0.012439076427004824
2018-11-08,lunch,-0.001106439590636642
2018-11-08,closing_auction,-0.002123973745775461
2018-11-09,overnight_open,-0.0006716668784919759
2018-11-09,lunch,0.0010140274656288575
2018-11-09,closing_auction,-0.0021567634218828927
2018-11-12,overnight_open,-0.0017059998451002785
2018-11-12,lunch,-0.0012497871308076868
2018-11-12,closing_auction,-0.0024827910282278257
2018-11-13,overnight_open,-0.019972133186915243
2018-11-13,lunch,0.0027437995949319235
2018-11-13,closing_auction,-0.0013739411366744598
2018-11-14,overnight_open,-0.0026386753106173054
2018-11-14,lunch,-0.002297531165737854
2018-11-14,closing_auction,0.0036807034882524532
2018-11-15,overnight_open,-0.0011487652038733708
2018-11-15,lunch,0.0025238054006638607
2018-11-15,closing_auction,0.001273369391253993
2018-11-16,overnight_open,0.004847095467990746
2018-11-16,lunch,0.0006877579363257419
2018-11-16,closing_auction,-0.0017226533114461818
2018-11-19,overnight_open,0.0034423441909726986
2018-11-19,lunch,-0.00011434452016351116
2018-11-19,closing_auction,0.0
2018-11-20,overnight_open,-0.0031832678085623374
2018-11-20,lunch,0.0
2018-11-20,closing_auction,-0.0013606987018370512
2018-11-21,overnight_open,-0.006031999169223275
2018-11-21,lunch,0.0006804264267962763
2018-11-21,closing_auction,0.009204240532698924
2018-11-22,overnight_open,-0.0023491257516847007
2018-11-22,lunch,0.00011217679073957755
2018-11-22,closing_auction,-0.0016802020194733218
2018-11-23,overnight_open,0.00011210133972838745
2018-11-23,lunch,-0.0016818975764953561
2018-11-23,closing_auction,0.0003383522278937695
2018-11-26,overnight_open,0.0007890436074144026
2018-11-26,lunch,-0.0005655788850498313
2018-11-26,closing_auction,-0.00011230276838126181
2018-11-27,overnight_open,0.00044913542187743666
2018-11-27,lunch,-0.0005606952768143081
2018-11-27,closing_auction,-0.0029355333262882817
2018-11-28,overnight_open,0.0019203620699655673
2018-11-28,lunch,0.00011300073462510875
2018-11-28,closing_auction,-0.0007859428911838426
2018-11-29,overnight_open,0.008388841768206305
2018-11-29,lunch,-0.0017861134464837885
2018-11-29,closing_auction,-0.001467517337367952
2018-11-30,overnight_open,0.0010162028763620742
2018-11-30,lunch,0.00045060268871023596
2018-11-30,closing_auction,0.0021431399551438105
2018-12-03,overnight_open,0.010981732954441163
2018-12-03,lunch,0.00033191348426627533
2018-12-03,closing_auction,0.00010929559003187102
2018-12-04,overnight_open,-0.002955181924092691
2018-12-04,lunch,-0.0037461480566250544
2018-12-04,closing_auction,-0.001423176111907286
2018-12-05,overnight_open,-0.006705163895855377
2018-12-05,lunch,-0.000658616928308183
2018-12-05,closing_auction,0.0019680741099905676
2018-12-06,overnight_open,-0.0035014807631368393
2018-12-06,lunch,-0.0011007155761855161
2018-12-06,closing_auction,0.001100715576185493
2018-12-07,overnight_open,0.004171704370387004
2018-12-07,lunch,0.000435967309357611
2018-12-07,closing_auction,-0.0020763900143572125
2018-12-10,overnight_open,-0.003287313939960232
2018-12-10,lunch,0.0
2018-12-10,closing_auction,0.0008757526558614868
2018-12-11,overnight_open,0.002404372743007066
2018-12-11,lunch,0.00021920210521785634
2018-12-11,closing_auction,0.0014231761119072785
2018-12-12,overnight_open,0.0033855763239764593
2018-12-12,lunch,0.0007615732294325531
2018-12-12,closing_auction,-0.0020612971768373513
2018-12-13,overnight_open,0.0019529137160473583
2018-12-13,lunch,-0.00032437692883220594
2018-12-13,closing_auction,0.0007579449228642518
2018-12-14,overnight_open,-0.0030352326825094653
2018-12-14,lunch,-0.0008691873645868512
2018-12-14,closing_auction,-0.002843396491392036
2018-12-17,overnight_open,-0.0010957704361817299
2018-12-17,lunch,0.0001101382235817419
2018-12-17,closing_auction,-0.00433840159859813
2018-12-18,overnight_open,-0.005477628139058274
2018-12-18,lunch,-0.0018015994063371836
2018-12-18,closing_auction,0.0031347988053714785
2018-12-19,overnight_open,0.0014521086047849295
2018-12-19,lunch,0.0
2018-12-19,closing_auction,-0.00045213067346456186
2018-12-20,overnight_open,-0.006578971098042399
2018-12-20,lunch,-0.0009112655830507528
2018-12-20,closing_auction,-0.0038627632669832003
2018-12-21,overnight_open,-0.001708915254968872
2018-12-21,lunch,0.0005713959357794868
2018-12-21,closing_auction,0.0011376565504610723
2018-12-24,overnight_open,-0.00022742779265647354
2018-12-24,lunch,-0.00011353959705627984
2018-12-24,closing_auction,0.00011403158687314088
2018-12-25,overnight_open,-0.01794801975217282
2018-12-25,lunch,0.001166180890182394
2018-12-25,closing_auction,-0.000576070066049193
2018-12-26,overnight_open,0.0020723009948935963
2018-12-26,lunch,0.0008101383464908963
2018-12-26,closing_auction,-0.0005792065033053263
2018-12-27,overnight_open,0.01780121654372404
2018-12-27,lunch,-0.0014819039474542313
2018-12-27,closing_auction,-0.003796817539378055
2018-12-28,overnight_open,0.002072778264004428
2018-12-28,lunch,0.0
2018-12-28,closing_auction,-0.012321439155456875
2019-01-02,overnight_open,0.0012857228116798663
2019-01-02,lunch,-0.0011742603509949713
2019-01-02,closing_auction,0.0021382759394553705
2019-01-03,overnight_open,0.0027256045788661243
2019-01-03,lunch,-0.00206273203030068
2019-01-03,closing_auction,-0.0007278903633279284
2019-01-04,overnight_open,-0.002551796755017431
2019-01-04,lunch,0.0
2019-01-04,closing_auction,0.003362962573729164
2019-01-07,overnight_open,0.008358257614201245
2019-01-07,lunch,0.00023840743944128677
2019-01-07,closing_auction,0.004642589137466226
2019-01-08,overnight_open,-0.0016640916713103683
2019-01-08,lunch,-0.0014321520528774623
2019-01-08,closing_auction,-0.001069836654789116
2019-01-09,overnight_open,0.005574348775893651
2019-01-09,lunch,0.0005882007110356982
2019-01-09,closing_auction,-0.0011792454196756375
2019-01-10,overnight_open,-0.0028358757041687405
2019-01-10,lunch,-0.00047231078927364436
2019-01-10,closing_auction,-0.0029700051531852045
2019-01-11,overnight_open,0.005339674508503607
2019-01-11,lunch,0.0010641443510851193
2019-01-11,closing_auction,0.0022494533844467307
2019-01-14,overnight_open,-0.0010648998225768742
2019-01-14,lunch,-0.0009480920359390099
2019-01-14,closing_auction,-0.0010626366192688526
2019-01-15,overnight_open,0.004126147911172208
2019-01-15,lunch,0.0009353443918210975
2019-01-15,closing_auction,0.0013963232429274324
2019-01-16,overnight_open,0.0015104865475744763
2019-01-16,lunch,0.0010457213524836032
2019-01-16,closing_auction,-0.0015092590082642183
2019-01-17,overnight_open,-0.0006973500979949451
2019-01-17,lunch,-0.0008144744181702595
2019-01-17,closing_auction,-0.010881754834815108
2019-01-18,overnight_open,-0.005899722127188271
2019-01-18,lunch,0.00023713540542709568
2019-01-18,closing_auction,-0.0017820022535687523
2019-01-21,overnight_open,0.003916221702506099
2019-01-21,lunch,0.0005860634288357202
2019-01-21,closing_auction,0.0010446289615734681
2019-01-22,overnight_open,0.00023199164934125296
2019-01-22,lunch,-0.0009322923411543854
2019-01-22,closing_auction,0.0005856515540746671
2019-01-23,overnight_open,-0.0008200082460308181
2019-01-23,lunch,-0.00046701693785198607
2019-01-23,closing_auction,-0.00023231502021087358
2019-01-24,overnight_open,-0.00046479201394497235
2019-01-24,lunch,0.0005804841400592075
2019-01-24,closing_auction,0.00034820962571093146
2019-01-25,overnight_open,0.003822324686158164
2019-01-25,lunch,0.0004607764164004102
2019-01-25,closing_auction,0.0023070721964436147
2019-01-28,overnight_open,0.002416710998430331
2019-01-28,lunch,-0.0011508805505548907
2019-01-28,closing_auction,-0.001155401630555874
2019-01-29,overnight_open,-0.002894358026364526
2019-01-29,lunch,0.0012717499835330328
2019-01-29,closing_auction,0.0017256259674698574
2019-01-30,overnight_open,0.001722653311446156
2019-01-30,lunch,-0.0013767785561632998
2019-01-30,closing_auction,0.0
2019-01-31,overnight_open,0.006658272790042245
2019-01-31,lunch,-0.0011470522019317172
2019-01-31,closing_auction,0.00011536021239064697
2019-02-01,overnight_open,-0.00034612056878558395
2019-02-01,lunch,0.0003472423207530035
2019-02-01,closing_auction,-0.00011513441956189013
2019-02-11,overnight_open,0.0
2019-02-11,lunch,0.0003438198417916375
2019-02-11,closing_auction,0.0012536328498067822
2019-02-12,overnight_open,0.00022776449250044427
2019-02-12,lunch,-0.0008995840030925404
2019-02-12,closing_auction,-0.001016432410057146
2019-02-13,overnight_open,0.003046203066344204
2019-02-13,lunch,0.0020261150560234326
2019-02-13,closing_auction,0.0006709908549670487
2019-02-14,overnight_open,-0.000894754561427521
2019-02-14,lunch,0.0
2019-02-14,closing_auction,-0.002463055432397637
2019-02-15,overnight_open,-0.0019074339584027168
2019-02-15,lunch,-0.0010106115059235032
2019-02-15,closing_auction,0.0018001805041478473
2019-02-18,overnight_open,0.008841196866115885
2019-02-18,lunch,0.000780944983071351
2019-02-18,closing_auction,0.0003335742511611058
2019-02-19,overnight_open,0.0008889877238433248
2019-02-19,lunch,-0.0011075424767093317
2019-02-19,closing_auction,-0.0009993893452983165
2019-02-20,overnight_open,0.0012213402950499066
2019-02-20,lunch,0.0011038747119383216
2019-02-20,closing_auction,0.0008805724289420196
2019-02-21,overnight_open,-0.0008805724289420328
2019-02-21,closing_auction,0.010323373397859855
2019-02-22,overnight_open,-0.013276938964559332
2019-02-22,lunch,0.0009766155624038883
2019-02-22,closing_auction,-0.0013043480110135064
2019-02-25,overnight_open,0.008016509186093406
2019-02-25,lunch,0.00010699192221186734
2019-02-25,closing_auction,0.0034209997015856603
2019-02-26,overnight_open,-0.0021367529497352197
2019-02-26,lunch,0.0
2019-02-26,closing_auction,0.0004335103568487611
2019-02-27,overnight_open,0.0051875183876948375
2019-02-27,lunch,0.00010769479306091253
2019-02-27,closing_auction,-0.0023806958544320615
2019-02-28,overnight_open,0.0003249742757299423
2019-02-28,lunch,-0.0023988671409914024
2019-02-28,closing_auction,-0.006644542718668613
2019-03-01,overnight_open,0.006754911903704179
2019-03-01,lunch,0.0008814456278056417
2019-03-01,closing_auction,-0.0027434859457508326
2019-03-04,overnight_open,0.006134988567515929
2019-03-04,lunch,-0.00021623959431221222
2019-03-04,closing_auction,0.004216450378934825
2019-03-05,overnight_open,-0.004866715926937755
2019-03-05,lunch,-0.00021519259820508915
2019-03-05,closing_auction,-0.001633542426961675
2019-03-06,overnight_open,-0.0027285146532040625
2019-03-06,lunch,0.0012095223861710923
2019-03-06,closing_auction,0.002181025946360146
2019-03-07,overnight_open,0.0017414022685360868
2019-03-07,lunch,-0.0022805026987252177
2019-03-07,closing_auction,-0.010190193914316551
2019-03-08,overnight_open,-0.004968268569010121
2019-03-08,lunch,-0.0025585419152079317
2019-03-08,closing_auction,0.002115695906382463
2019-03-11,overnight_open,0.004660978363832126
2019-03-11,lunch,-0.0008843688394212497
2019-03-11,closing_auction,-0.00010966716027877515
2019-03-12,overnight_open,0.009387690381869825
2019-03-12,lunch,-0.0017415918193304791
2019-03-12,closing_auction,0.004094392100649988
2019-03-13,overnight_open,-0.0018296297414147516
2019-03-13,lunch,0.0020415845483735956
2019-03-13,closing_auction,-0.0017245100199662486
2019-03-14,overnight_open,0.0029083878959572235
2019-03-14,lunch,-0.0002153316115124099
2019-03-14,closing_auction,-0.0016185598354108047
2019-03-15,overnight_open,0.001295057379362688
2019-03-15,lunch,-0.0010810811863727076
2019-03-15,closing_auction,0.0043243310630030245
2019-03-18,overnight_open,0.004842624475787991
2019-03-18,lunch,0.00042904645085924847
2019-03-18,closing_auction,-0.0007483029907147886
2019-03-19,overnight_open,-0.0007488633674385272
2019-03-19,lunch,-0.00032125073896241706
2019-03-19,closing_auction,0.0006480881626710281
2019-03-20,overnight_open,-0.004436996619629529
2019-03-20,lunch,0.000981514883311872
2019-03-20,closing_auction,0.0015143323607792838
2019-03-21,overnight_open,0.00032420165626807887
2019-03-21,lunch,-0.00021659086071248778
2019-03-21,closing_auction,-0.005053289892008854
2019-03-22,overnight_open,-0.01274608555610574
2019-03-22,lunch,0.0011148273172463632
2019-03-22,closing_auction,-0.001781340929737292
2019-03-25,overnight_open,-0.016742904734431102
2019-03-25,lunch,-0.00011339797029791158
2019-03-25,closing_auction,0.0064761914696219725
2019-03-26,overnight_open,0.004519781705619557
2019-03-26,lunch,-0.0010180420538778109
2019-03-26,closing_auction,-0.004761373919890736
2019-03-27,overnight_open,0.004761373919890774
2019-03-27,lunch,0.00022603978396420967
2019-03-27,closing_auction,-0.0022598879674374786
2019-03-28,overnight_open,-0.002832060799718507
2019-03-28,lunch,-0.00045310376851314234
2019-03-28,closing_auction,-0.00045279602313125683
2019-03-29,overnight_open,0.004969515535607929
2019-03-29,lunch,0.0008992806361440172
2019-03-29,closing_auction,-0.007775125088954657
2019-04-01,overnight_open,0.007662872745569097
2019-04-01,lunch,-0.0003375527458211257
2019-04-01,closing_auction,0.0008992806361440172
2019-04-02,overnight_open,0.005825694271530022
2019-04-02,lunch,-0.0005598163948476054
2019-04-02,closing_auction,-0.002257082551709959
2019-04-03,overnight_open,0.0016932893361218844
2019-04-03,lunch,0.00045228404208361264
2019-04-03,closing_auction,0.002254792387089083
2019-04-04,overnight_open,-0.0012395066097634618
2019-04-04,lunch,-0.00011288592888887976
2019-04-04,closing_auction,-0.0011254925217344803
2019-04-05,overnight_open,0.0009004953332501659
2019-04-05,lunch,0.00011261895388892512
2019-04-05,closing_auction,0.00033789491789637717
2019-04-08,overnight_open,0.0005629046025359818
2019-04-08,lunch,-0.0004496402953452615
2019-04-08,closing_auction,0.0008944544424604588
2019-04-09,overnight_open,0.0011169441572251113
2019-04-09,lunch,0.0
2019-04-09,closing_auction,-0.0003381615317125763
2019-04-10,overnight_open,-0.004972885474132624
2019-04-10,lunch,0.0005662193685050944
2019-04-10,closing_auction,0.001356545539251153
2019-04-11,overnight_open,-0.00022596316896508886
2019-04-11,lunch,0.00045305244856935393
2019-04-11,closing_auction,-0.0009054895921457338
2019-04-12,overnight_open,0.0004528472849945513
2019-04-12,lunch,-0.00022644927632991854
2019-04-12,closing_auction,0.0
2019-04-16,overnight_open,-0.003962643170004573
2019-04-16,lunch,0.0003405414642139483
2019-04-16,closing_auction,0.002261421135614499
2019-04-17,overnight_open,-0.00045187529011116075
2019-04-17,lunch,0.000564812214958742
2019-04-17,closing_auction,0.0004531037685131667
2019-04-18,overnight_open,-0.0006797326646673553
2019-04-18,closing_auction,-0.002277905312993954
2019-04-19,overnight_open,-0.010545719007932787
2019-04-19,lunch,0.00011537352190467736
2019-04-19,closing_auction,-0.0010384816025884548
2019-04-22,overnight_open,-0.0010395611678332953
2019-04-22,lunch,0.0
2019-04-22,closing_auction,0.000928612951233993
2019-04-23,overnight_open,-0.0005802820333433183
2019-04-23,lunch,0.0013904984859196875
2019-04-23,closing_auction,-0.0009238942798305666
2019-04-24,overnight_open,0.0036904666496108854
2019-04-24,lunch,0.0027570379325118455
2019-04-24,closing_auction,-0.0003436622979009359
2019-04-25,overnight_open,-0.0006876791101949147
2019-04-25,lunch,-0.00011479079390442167
2019-04-25,closing_auction,0.001036687301277425
2019-04-26,overnight_open,-0.00034544303412207134
2019-04-26,lunch,0.000686734604075
2019-04-26,closing_auction,0.0013692380048851804
2019-05-02,overnight_open,0.002505410717228512
2019-05-02,lunch,0.00011407060983113605
2019-05-02,closing_auction,-0.0011388225806586783
2019-05-03,overnight_open,-0.0027384772933036873
2019-05-03,lunch,0.0
2019-05-03,closing_auction,0.00238921554008917
2019-05-06,overnight_open,-0.011198837185672397
2019-05-06,lunch,-0.00011517420110614344
2019-05-06,closing_auction,0.0006926007433739223
2019-05-07,overnight_open,0.004719976528760908
2019-05-07,lunch,-0.0006909258681125244
2019-05-07,closing_auction,-0.0003433083514864475
2019-05-08,overnight_open,-0.007352129613638966
2019-05-08,lunch,-0.0008018787301779189
2019-05-08,closing_auction,0.00034358358008502646
2019-05-09,overnight_open,0.0
2019-05-09,lunch,0.0
2019-05-09,closing_auction,-0.0027516641989577214
2019-05-10,overnight_open,0.006294727508786437
2019-05-10,lunch,0.0042351119216142655
2019-05-10,closing_auction,-0.00011405759921105471
2019-05-13,overnight_open,-0.0004563605327349924
2019-05-13,lunch,-0.000341666195454128
2019-05-13,closing_auction,0.0
2019-05-14,overnight_open,-0.0018254426061592949
2019-05-14,lunch,-0.00022799817700213686
2019-05-14,closing_auction,0.002381088488209995
2019-05-15,overnight_open,0.0006792709420020405
2019-05-15,lunch,0.0010154003241695999
2019-05-15,closing_auction,-0.0007843577073085895
2019-05-16,overnight_open,0.0016800138352531285
2019-05-16,lunch,0.0012311826503434314
2019-05-16,closing_auction,-0.005043440222588348
2019-05-17,overnight_open,0.004708001073694865
2019-05-17,lunch,-0.0004480788693766088
2019-05-17,closing_auction,0.0007845335230079013
2019-05-20,overnight_open,0.0013434843041815678
2019-05-20,lunch,-0.0003316932973083604
2019-05-20,closing_auction,0.00187214415123705
2019-05-21,overnight_open,0.003075911466132478
2019-05-21,lunch,0.0
2019-05-21,closing_auction,0.0005492393173716478
2019-05-22,overnight_open,0.0008781559291003403
2019-05-22,lunch,-0.0009887394378692595
2019-05-22,closing_auction,0.001322168548714202
2019-05-23,overnight_open,-0.002646087541737364
2019-05-23,lunch,-0.0005520287195112043
2019-05-23,closing_auction,-0.0007707129475914402
2019-05-24,overnight_open,0.0001101382235817419
2019-05-24,lunch,-0.00010988407241432011
2019-05-24,closing_auction,0.000999389345298412
2019-05-27,overnight_open,-0.0032238369314338583
2019-05-27,lunch,0.0013299348075723899
2019-05-27,closing_auction,0.0003325020812013956
2019-05-28,overnight_open,0.0003323915603147742
2019-05-28,lunch,0.0
2019-05-28,closing_auction,-0.002875154031933088
2019-05-29,overnight_open,-0.0018843878546213855
2019-05-29,lunch,0.0009995003330834232
2019-05-29,closing_auction,-0.0024468925566327347
2019-05-30,overnight_open,-0.0006683747603166871
2019-05-30,lunch,0.00011119141613719175
2019-05-30,closing_auction,0.0008903729024495186
2019-05-31,overnight_open,-0.001335856816710737
2019-05-31,lunch,-0.0007825163889322387
2019-05-31,closing_auction,-0.0017069705424961501
2019-06-03,overnight_open,-0.003422707277502283
2019-06-03,lunch,0.0005734273911358191
2019-06-03,closing_auction,0.003498545842513367
2019-06-04,overnight_open,0.003022203857923359
2019-06-04,lunch,0.00011552012951105506
2019-06-04,closing_auction,0.0019672516904023977
2019-06-05,overnight_open,0.00760109613858554
2019-06-05,lunch,-0.0008051067201235326
2019-06-05,closing_auction,0.0015015885004521826
2019-06-06,overnight_open,0.0
2019-06-06,lunch,-0.0020966810243571794
2019-06-06,closing_auction,0.005090835939781368
2019-06-07,overnight_open,0.001729605504689352
2019-06-07,lunch,0.00011508142023171827
2019-06-07,closing_auction,0.0003429943439559538
2019-06-10,overnight_open,0.0038790693250043214
2019-06-10,lunch,0.0
2019-06-10,closing_auction,0.0005693139920351942
2019-06-11,overnight_open,-0.0012529188950383607
2019-06-11,lunch,0.0005687311761101585
2019-06-11,closing_auction,-0.0006839165888375225
2019-06-12,overnight_open,-0.002626021946373779
2019-06-12,lunch,-0.0005727049008262214
2019-06-12,closing_auction,-0.003332761804589955
2019-06-13,overnight_open,-0.0036904666496109656
2019-06-13,lunch,0.000580618956101193
2019-06-13,closing_auction,0.007077006159700351
2019-06-14,overnight_open,0.0003467606808137896
2019-06-14,lunch,-0.0010423302814104908
2019-06-14,closing_auction,-0.0019773196323202174
2019-06-17,overnight_open,0.002209688635340866
2019-06-17,lunch,-0.00035093876478789536
2019-06-17,closing_auction,-0.0011702751481903206
2019-06-18,overnight_open,-0.0026968416415345713
2019-06-18,lunch,0.0002353218036509739
2019-06-18,closing_auction,0.0007048044459503982
2019-06-19,overnight_open,0.006320985578455395
2019-06-19,lunch,0.0001169112060722732
2019-06-19,closing_auction,0.0015184258012908582
2019-06-20,overnight_open,0.00023339946424077618
2019-06-20,lunch,-0.0001157072607595828
2019-06-20,closing_auction,-0.001963389208420024
2019-06-21,overnight_open,0.021048592230546757
2019-06-21,lunch,-0.00011330802799505477
2019-06-21,closing_auction,0.0007912734262400989
2019-06-24,overnight_open,-0.0005651314080895783
2019-06-24,lunch,0.00011272050961603173
2019-06-24,closing_auction,-0.002492354297989499
2019-06-25,lunch,0.0005686664924358343
2019-06-25,closing_auction,-0.004560491315347441
2019-06-26,overnight_open,-0.0022880687250234604
2019-06-26,lunch,0.00011427918417101634
2019-06-26,closing_auction,0.0003438592503364558
2019-06-27,overnight_open,0.00022917382935172206
2019-06-27,lunch,-0.0003443723847382543
2019-06-27,closing_auction,-0.0010497464077069021
2019-06-28,overnight_open,-0.002336722642885153
2019-06-28,lunch,0.00047069899668770126
2019-06-28,closing_auction,0.00508260306346581
2019-07-01,overnight_open,0.011000454689821786
2019-07-01,lunch,0.0029552192455323104
2019-07-01,closing_auction,0.00011256824461701632
2019-07-02,overnight_open,-0.002930900531174592
2019-07-02,lunch,-0.0027309985112316283
2019-07-02,closing_auction,-0.008884897268301781
2019-07-03,overnight_open,-0.0027497725850706635
2019-07-03,lunch,-0.0003449663692002513
2019-07-03,closing_auction,0.0027497725850705763
2019-07-04,overnight_open,0.0053631668462620465
2019-07-04,lunch,0.0009025271370753952
2019-07-04,closing_auction,0.0032785061303243998
2019-07-05,overnight_open,0.0009025271370753952
2019-07-05,lunch,0.0002260142398591966
2019-07-05,closing_auction,-0.0009061049436346032
2019-07-08,overnight_open,-0.004770567884380142
2019-07-08,lunch,-0.0013723698402789324
2019-07-08,closing_auction,0.0018333911403419349
2019-07-09,overnight_open,-0.002177526503646409
2019-07-09,lunch,0.0005744815462184622
2019-07-09,closing_auction,-0.0003429943439560036
2019-07-10,overnight_open,0.006042314455962662
2019-07-10,lunch,0.0
2019-07-10,closing_auction,-0.0021626552165923134
2019-07-11,overnight_open,0.007718540022270747
2019-07-11,lunch,-0.0006800408286555144
2019-07-11,closing_auction,-0.0017030943656727322
2019-07-12,overnight_open,0.003742986278834297
2019-07-12,lunch,0.0
2019-07-12,closing_auction,-0.00034334764285801625
2019-07-15,overnight_open,-0.00343997587244342
2019-07-15,lunch,-0.0006866560123310288
2019-07-15,closing_auction,0.006505758265489864
2019-07-16,overnight_open,-0.0019358885508388248
2019-07-16,lunch,-0.0011370097870751247
2019-07-17,overnight_open,-0.0009076469876577321
2019-07-17,lunch,0.00011332086815919367
2019-07-17,closing_auction,-0.0005693139920352696
2019-07-18,overnight_open,-0.002851441909210087
2019-07-18,lunch,-0.0020573787117624818
2019-07-18,closing_auction,-0.0038968530688219287
2019-07-19,overnight_open,0.011077598575868526
2019-07-19,lunch,0.0
2019-07-19,closing_auction,0.0015912710791278753
2019-07-22,overnight_open,-0.0028433343011441733
2019-07-22,lunch,-0.00022789425805106963
2019-07-22,closing_auction,-0.0028537203317253747
2019-07-23,overnight_open,0.002511703569570334
2019-07-23,lunch,-0.000454029519717962
2019-07-23,closing_auction,-0.0013534854310763762
2019-07-24,overnight_open,0.0014661932362111294
2019-07-24,lunch,0.00022634676420760935
2019-07-24,closing_auction,0.0005651314080896349
2019-07-25,overnight_open,-0.0005651314080895783
2019-07-25,lunch,0.00022540290865175142
2019-07-25,closing_auction,-0.0024827910282278257
2019-07-26,overnight_open,-0.0007912734262401509
2019-07-26,lunch,0.00011319259732499692
2019-07-26,closing_auction,0.0020332097820980445
2019-07-29,overnight_open,0.00045126354556404905
2019-07-29,lunch,0.00011320541133951467
2019-07-29,closing_auction,0.0010164324100570327
2019-07-30,overnight_open,0.001691761526822454
2019-07-30,lunch,-0.00011314137026275459
2019-07-30,closing_auction,-0.0017137964777346304
2019-07-31,overnight_open,-0.0013731550389696184
2019-07-31,lunch,0.00011408362341974006
2019-07-31,closing_auction,0.0
2019-08-01,overnight_open,-0.0032822167432082516
2019-08-01,lunch,-0.000680889722174976
2019-08-01,closing_auction,0.001133786969526895
2019-08-02,overnight_open,-0.007278549135133656
2019-08-02,lunch,0.0
2019-08-02,closing_auction,-0.00045418417948912533
2019-08-05,overnight_open,-0.0031850783381888684
2019-08-05,lunch,-0.00011430530960608163
2019-08-05,closing_auction,-0.0029704123291733765
2019-08-06,overnight_open,-0.013825104991842318
2019-08-06,lunch,0.00034612056878572316
2019-08-06,closing_auction,0.001960445764255566
2019-08-07,overnight_open,0.0
2019-08-07,lunch,0.0009233610997688165
2019-08-07,closing_auction,-0.00034676068081372836
2019-08-08,overnight_open,0.00392293107225751
2019-08-08,lunch,0.0009212345193208402
2019-08-08,closing_auction,-0.0005750762134449252
2019-08-09,overnight_open,0.002527865301067077
2019-08-09,lunch,-0.0003440169748968448
2019-08-09,closing_auction,-0.0014936522567832536
2019-08-12,overnight_open,0.0005747456908602277
2019-08-12,lunch,0.00034417484421649374
2019-08-12,closing_auction,-0.00011431837680347282
2019-08-13,overnight_open,-0.0028622150171430947
2019-08-13,lunch,0.00022941041623889767
2019-08-13,closing_auction,0.0008029825495981353
2019-08-14,overnight_open,0.00560289613924319
2019-08-14,lunch,0.00011394063705136772
2019-08-14,closing_auction,-0.0010249986661313877
2019-08-15,overnight_open,-0.0100779597813496
2019-08-15,lunch,0.0002291475720382684
2019-08-15,closing_auction,0.013796441833718007
2019-08-16,overnight_open,-0.015391883767584031
2019-08-16,lunch,0.00316706519670104
2019-08-16,closing_auction,-0.0014776927951736854
2019-08-19,overnight_open,0.0030666160667043017
2019-08-19,lunch,0.0013611617346598358
2019-08-19,closing_auction,0.0007926173771698293
2019-08-20,overnight_open,-0.0010191949243041737
2019-08-20,lunch,0.00022678308295415717
2019-08-20,closing_auction,0.00022670596333766474
2019-08-21,overnight_open,0.0007930663759009993
2019-08-21,lunch,0.0003383522278937695
2019-08-21,closing_auction,0.0
2019-08-22,overnight_open,0.0014640466605160695
2019-08-22,lunch,-0.00022552999644528745
2019-08-22,closing_auction,0.0005641112576963384
2019-08-23,overnight_open,0.0012399257633205734
2019-08-23,lunch,0.00022540290865175142
2019-08-23,closing_auction,-0.00022525059223524918
2019-08-26,overnight_open,-0.0075753655272506725
2019-08-26,lunch,-0.0003396931471265109
2019-08-26,closing_auction,0.0009038527335478275
2019-08-27,overnight_open,0.0018052583036531104
2019-08-27,lunch,-0.00045141632636557156
2019-08-27,closing_auction,-0.001701162871272332
2019-08-28,overnight_open,0.0009076469876575894
2019-08-28,lunch,0.00011351382042958455
2019-08-28,closing_auction,0.00011352670727988834
2019-08-29,overnight_open,-0.0003406187940965385
2019-08-29,lunch,0.00045366905621022183
2019-08-29,closing_auction,0.000678502796582947
2019-08-30,overnight_open,0.002483912307929887
2019-08-30,lunch,-0.00011287318709434733
2019-08-30,closing_auction,0.0009033424281864037
2019-09-03,overnight_open,-0.0004515692106537963
2019-09-03,lunch,-0.0005646846386427172
2019-09-03,closing_auction,-0.0004528472849945796
2019-09-04,overnight_open,0.0011317339370021907
2019-09-04,lunch,0.0004526423071511002
2019-09-04,closing_auction,0.0002255045674231051
2019-09-05,overnight_open,0.0014645414660756915
2019-09-05,lunch,-0.0001126824047617409
2019-09-05,closing_auction,-0.00022570816030817776
2019-09-06,overnight_open,0.0009025271370753952
2019-09-06,lunch,-0.00022578460244929721
2019-09-06,closing_auction,0.0
2019-09-09,overnight_open,0.0001127459271729009
2019-09-09,lunch,0.0
2019-09-09,closing_auction,-0.0010152857773257002
2019-09-10,overnight_open,0.0
2019-09-10,lunch,-0.0002261931699306048
2019-09-10,closing_auction,-0.0006795786873841017
2019-09-11,overnight_open,0.0005663476393096295
2019-09-11,lunch,-0.000113192597324979
2019-09-11,closing_auction,0.0007915418516968129
2019-09-12,overnight_open,0.0014683461157405605
2019-09-12,lunch,0.0
2019-09-12,closing_auction,-0.00045080582302961796
2019-09-13,overnight_open,0.0006761325477325191
2019-09-13,lunch,0.001681143573304016
2019-09-13,closing_auction,-0.0006652622487290715
2019-09-16,overnight_open,-0.00011092008219464568
2019-09-16,lunch,0.00011084631170248515
2019-09-16,closing_auction,0.0012199857333040178
2019-09-17,overnight_open,-0.00044345898731189997
2019-09-17,closing_auction,0.0
2019-09-18,overnight_open,0.0
2019-09-18,lunch,-0.00044043163011005
2019-09-18,closing_auction,0.0024191786594948694
2019-09-19,overnight_open,0.001207398203866646
2019-09-19,lunch,0.0
2019-09-19,closing_auction,0.0014185173419036013
2019-09-20,overnight_open,-0.003167151667254539
2019-09-20,lunch,-0.00021896212042816596
2019-09-20,closing_auction,0.001752081043917068
2019-09-23,overnight_open,0.0
2019-09-23,lunch,0.00032749304370001197
2019-09-23,closing_auction,-0.0025326226167304783
2019-09-24,overnight_open,0.00044091711472693925
2019-09-24,lunch,0.00021978022066492046
2019-09-24,closing_auction,0.0012096553957582894
2019-09-25,overnight_open,-0.0018700846987942334
2019-09-25,lunch,-0.0001102232020954674
2019-09-25,closing_auction,-0.001973684851222209
2019-09-26,overnight_open,0.0015354247368337486
2019-09-26,lunch,0.0003283533111097437
2019-09-26,closing_auction,0.0
2019-09-27,overnight_open,-0.0008736486304294299
2019-09-27,lunch,0.0004351136803119543
2019-09-27,closing_auction,-0.0009746061738472758
2019-09-30,overnight_open,0.0037848112225623938
2019-09-30,lunch,-0.00010724435636853507
2019-09-30,closing_auction,-0.0025993732820839294
2019-10-01,overnight_open,0.0015171220941989877
2019-10-01,lunch,-0.00021609940656763267
2019-10-01,closing_auction,0.0019373593402261763
2019-10-02,overnight_open,-0.0011834957538265254
2019-10-02,lunch,-0.0002165205161646986
2019-10-02,closing_auction,0.0017391308731268974
2019-10-03,overnight_open,-0.004244442351817816
2019-10-03,lunch,0.0
2019-10-03,closing_auction,0.0037868587314970857
2019-10-04,overnight_open,-0.00021600604900928408
2019-10-04,lunch,0.00021682567300902638
2019-10-04,closing_auction,0.0006533812712026048
2019-10-07,overnight_open,0.00032653061514616464
2019-10-07,lunch,0.00010889094582540927
2019-10-07,closing_auction,-0.00010961907382845483
2019-10-08,overnight_open,0.000657534270265692
2019-10-08,lunch,0.00032864107213690573
2019-10-08,closing_auction,-0.001852962544452761
2019-10-09,overnight_open,-0.0007639836660818262
2019-10-09,lunch,0.00021805495071123074
2019-10-09,closing_auction,0.0007654874888528389
2019-10-10,overnight_open,0.0003278867727064678
2019-10-10,lunch,0.0008727908038230136
2019-10-10,closing_auction,-0.0015322318856324174
2019-10-11,overnight_open,0.002843707483443252
2019-10-11,lunch,0.0010918223597986769
2019-10-11,closing_auction,0.00043701519323289986
2019-10-14,overnight_open,0.0047946043685462
2019-10-14,lunch,0.0007575348016611098
2019-10-14,closing_auction,-0.0011914434119948004
2019-10-15,overnight_open,0.00010837171508835876
2019-10-15,lunch,0.0004336513511148873
2019-10-15,closing_auction,0.0007576987968713831
2019-10-16,overnight_open,0.0020537217400572474
2019-10-16,lunch,0.0003237468328066989
2019-10-16,closing_auction,-0.0008658009198853087
2019-10-17,overnight_open,0.00043299416134378894
2019-10-17,lunch,-0.0004336983695866711
2019-10-17,closing_auction,-0.006076407585282493
2019-10-18,overnight_open,0.005102328824351623
2019-10-18,lunch,-0.0003249742757299709
2019-10-18,closing_auction,0.0005427997744953685
2019-10-21,overnight_open,-0.001520582458730585
2019-10-21,lunch,-0.0004347353616995671
2019-10-21,closing_auction,-0.0011974093848916476
2019-10-22,overnight_open,0.0005444547420386693
2019-10-22,lunch,0.00010866612344277517
2019-10-22,closing_auction,-0.0006525285712774612
2019-10-23,overnight_open,-0.0002176041788589234
2019-10-23,lunch,0.0
2019-10-23,closing_auction,0.0009792721526826538
2019-10-24,overnight_open,0.001086956628756703
2019-10-24,lunch,0.00021699034478105822
2019-10-24,closing_auction,0.0012970170430450251
2019-10-25,overnight_open,-0.00032409658361786433
2019-10-25,lunch,-0.00010796221333013908
2019-10-25,closing_auction,-0.0005398693647294262
2019-10-28,overnight_open,0.0019421672052245705
2019-10-28,lunch,-0.00021549402087486317
2019-10-28,closing_auction,0.00010793890668374869
2019-10-29,overnight_open,0.0005395198404407314
2019-10-29,lunch,0.0
2019-10-29,closing_auction,0.0001079971921780569
2019-10-30,overnight_open,-0.0005401026326272185
2019-10-30,closing_auction,-0.0008613264959722234
2019-10-31,overnight_open,0.001184132761216772
2019-10-31,closing_auction,0.0009718698459477339
2019-11-01,overnight_open,0.00021584286723126184
2019-11-01,lunch,0.001289075267130304
2019-11-04,overnight_open,0.003742319256644968
2019-11-04,lunch,0.0003198123794650152
2019-11-04,closing_auction,0.0
2019-11-05,overnight_open,0.0
2019-11-05,lunch,-0.0005326231816994241
2019-11-05,closing_auction,0.0
2019-11-06,overnight_open,-0.0007465472537845817
2019-11-06,closing_auction,0.00010662685940684772
2019-11-07,overnight_open,-0.00010662685940693812
2019-11-07,lunch,0.00021319688813308527
2019-11-07,closing_auction,0.0030839605449525173
2019-11-08,overnight_open,0.0003184882451679986
2019-11-08,lunch,-0.00021238186338714895
2019-11-08,closing_auction,0.0007429815127115682
2019-11-11,overnight_open,-0.0010615712249587457
2019-11-11,lunch,-0.0004251248868363576
2019-11-11,closing_auction,0.00031947180933041035
2019-11-12,overnight_open,0.0008514261902175236
2019-11-12,lunch,0.0011658101050133994
2019-11-12,closing_auction,0.0
2019-11-13,overnight_open,-0.001379676525564609
2019-11-13,lunch,-0.00031950583369948183
2019-11-13,closing_auction,0.0011743982559416616
2019-11-14,overnight_open,0.0007466268812521314
2019-11-14,lunch,0.00010666097818232129
2019-11-14,closing_auction,0.0006421233097347826
2019-11-15,overnight_open,0.0007486231032480908
2019-11-15,lunch,-0.00021353833094173936
2019-11-15,closing_auction,0.0005355899651357171
2019-11-18,overnight_open,0.0007493443587809797
2019-11-18,closing_auction,0.00043066322801714566
2019-11-19,overnight_open,0.0009683146703130678
2019-11-19,lunch,0.00021530843015687444
2019-11-19,closing_auction,0.0006455778145455453
2019-11-20,overnight_open,-0.00032273681093438264
2019-11-20,lunch,0.00010813733452005503
2019-11-20,closing_auction,-0.0016273396593753711
2019-11-21,overnight_open,-0.003153719105652485
2019-11-21,lunch,0.00021908204710256702
2019-11-21,closing_auction,-0.010952042653104422
2019-11-22,overnight_open,0.011831840356395857
2019-11-22,lunch,0.00011060111718408731
2019-11-22,closing_auction,0.00891370804388928
2019-11-25,overnight_open,0.0003327233436117565
2019-11-25,lunch,0.0007781669004762278
2019-11-25,closing_auction,0.0029948444546010417
2019-11-26,overnight_open,0.0016599350903811936
2019-11-26,lunch,0.00033132696752378066
2019-11-26,closing_auction,-0.001655172791668485
2019-11-27,overnight_open,0.0007727549095697604
2019-11-27,lunch,0.0
2019-11-27,closing_auction,-0.0013331853991093458
2019-11-28,overnight_open,-0.0041218796173881885
2019-11-28,lunch,-0.0011230908637815083
2019-11-28,closing_auction,0.0012335297330861746
2019-11-29,overnight_open,-0.0014579714352963712
2019-11-29,lunch,0.00022366361086309983
2019-11-29,closing_auction,-0.0007852375747020856
2019-12-02,overnight_open,0.0013457442874315233
2019-12-02,lunch,-0.00033747680167315285
2019-12-02,closing_auction,-0.0022753138371355394
2019-12-03,overnight_open,-0.0030799088967243455
2019-12-03,lunch,-0.0002262187544994247
2019-12-03,closing_auction,-0.0004569861841210578
2019-12-04,overnight_open,-0.00377812573749328
2019-12-04,lunch,-0.0004571951159762244
2019-12-04,closing_auction,0.0040632110077919005
2019-12-05,overnight_open,0.0
2019-12-05,closing_auction,0.0010174665961707266
2019-12-06,overnight_open,0.0009035464811682148
2019-12-06,lunch,-0.0001126824047617409
2019-12-06,closing_auction,-0.0009038527335479268
2019-12-09,overnight_open,0.0003390405185893197
2019-12-09,lunch,-0.00033861956415902664
2019-12-09,closing_auction,0.00022750540423459802
2019-12-10,overnight_open,-0.0004550625789566065
2019-12-10,lunch,0.0010256995599800672
2019-12-10,closing_auction,0.002511703569570334
2019-12-11,overnight_open,-0.0005702880108938284
2019-12-11,lunch,0.00011416176734809619
2019-12-11,closing_auction,0.0022650066308520615
2019-12-12,overnight_open,0.000339308944045991
2019-12-12,lunch,0.0006775068009831947
2019-12-12,closing_auction,-0.0013550137574596468
2019-12-13,overnight_open,0.003947002586776482
2019-12-13,lunch,0.0
2019-12-13,closing_auction,-0.0029451765738338484
2019-12-16,overnight_open,-0.001135073901664068
2019-12-16,lunch,-0.0007964048432771782
2019-12-16,closing_auction,-0.004094637204065984
2019-12-17,overnight_open,0.0004557885220200072
2019-12-17,lunch,0.0006846189222218972
2019-12-17,closing_auction,-0.0017266191339875153
2019-12-18,overnight_open,-0.0013834449981462115
2019-12-18,lunch,0.00023070711833793252
2019-12-18,closing_auction,-0.002087199273492642
2019-12-19,overnight_open,0.0005802146957087529
2019-12-19,closing_auction,-0.005327169517672069
2019-12-20,overnight_open,0.004980609126055883
2019-12-20,lunch,0.0
2019-12-20,closing_auction,0.0
2019-12-23,overnight_open,0.001149557546986459
2019-12-23,lunch,0.0
2019-12-23,closing_auction,-0.0029905704368076965
2019-12-24,overnight_open,-0.0008066839964965189
2019-12-24,lunch,-0.00023110700357083206
2019-12-24,closing_auction,0.0009183791255056366
2019-12-25,overnight_open,0.0016051367812284368
2019-12-25,lunch,-0.00011438375763103372
2019-12-25,closing_auction,0.0001144492132865591
2019-12-26,overnight_open,0.00022885913819995543
2019-12-26,lunch,-0.00034256352033538474
2019-12-26,closing_auction,-0.00091795760892292
2019-12-27,overnight_open,-0.0009188010293783784
2019-12-27,lunch,0.00011473811038930891
2019-12-27,closing_auction,0.0009102287578044549
2019-12-30,overnight_open,0.001363791551304395
2019-12-30,lunch,0.00011362990751400762
2019-12-30,closing_auction,0.0011392117887335557
2019-12-31,overnight_open,-0.0003416272879550356
2019-12-31,lunch,0.00011399259060500459
2019-12-31,closing_auction,-0.0013684572782159217
2020-01-02,overnight_open,0.001140511072533313
2020-01-02,lunch,0.00034081227254049523
2020-01-02,closing_auction,0.0
2020-01-03,overnight_open,0.0007894885652272247
2020-01-03,lunch,-0.0006783493759273991
2020-01-03,closing_auction,-0.0012499291440406055
2020-01-06,overnight_open,-0.0021626552165923134
2020-01-06,lunch,-0.0009061049436346032
2020-01-06,closing_auction,0.0
2020-01-07,overnight_open,0.0021765287245190264
2020-01-07,lunch,-0.0005710696289056602
2020-01-07,closing_auction,-0.00011427918417100281
2020-01-08,overnight_open,-0.007456300676454826
2020-01-08,lunch,-0.0012721912315501371
2020-01-08,closing_auction,-0.0008101383464909079
2020-01-09,overnight_open,0.006347762096034595
2020-01-09,lunch,0.0005725737345090485
2020-01-09,closing_auction,-0.00022859755500169261
2020-01-10,overnight_open,0.0013708021337786216
2020-01-10,lunch,0.000340773559269696
2020-01-10,closing_auction,0.00011381096011833874
2020-01-13,overnight_open,0.002387042906672632
2020-01-13,lunch,-0.0007952286701384688
2020-01-13,closing_auction,0.0
2020-01-14,overnight_open,0.0011363637586480103
2020-01-14,lunch,-0.00056570686579665
2020-01-14,closing_auction,-0.0005665401545223071
2020-01-15,overnight_open,-0.00034007822126770913
2020-01-15,lunch,-0.0006801179133167325
2020-01-15,closing_auction,0.001018848789102848
2020-01-16,overnight_open,0.003050332817623097
2020-01-16,lunch,0.0006731740409044118
2020-01-16,closing_auction,0.00011210133972838745
2020-01-17,overnight_open,0.003245484355117477
2020-01-17,lunch,-0.00011207621194127489
2020-01-17,closing_auction,0.0005597537229836532
2020-01-20,overnight_open,-0.0003358146334799138
2020-01-20,lunch,-0.0003358522281779139
2020-01-20,closing_auction,0.0003345414026181692
2020-01-21,overnight_open,-0.000892359233783496
2020-01-21,lunch,0.00011089548112267747
2020-01-21,closing_auction,-0.0016612219336146184
2020-01-22,overnight_open,0.00011083402615924335
2020-01-22,lunch,-0.00011050334283856566
2020-01-22,closing_auction,0.002974717116742875
2020-01-30,overnight_open,-0.007176403970442806
2020-01-30,lunch,-0.000568666492435883
2020-01-30,closing_auction,-0.0019454145862070882
2020-01-31,overnight_open,0.005711037795514434
2020-01-31,lunch,-0.0013785183113512577
2020-01-31,closing_auction,0.0017621149933992233
2020-02-03,overnight_open,-0.010619568827460261
2020-02-03,lunch,0.001822047269944792
2020-02-03,closing_auction,0.0023809535057418754
2020-02-04,overnight_open,0.0068728792877620504
2020-02-04,lunch,0.001780944370994692
2020-02-04,closing_auction,-0.0005935070504802471
2020-02-05,overnight_open,0.008041670583519948
2020-02-05,lunch,-0.0020160101699085334
2020-02-05,closing_auction,-0.0018988849759892896
2020-02-06,overnight_open,0.005567745236719905
2020-02-06,lunch,0.0021008411088117938
2020-02-06,closing_auction,-0.00023239600383475841
2020-02-07,overnight_open,-0.003026073072674611
2020-02-07,lunch,-0.0007027407176062524
2020-02-07,closing_auction,0.0015180711737705914
2020-02-10,overnight_open,-0.007731091570041594
2020-02-10,lunch,-0.0005890322370932185
2020-02-10,closing_auction,0.0
2020-02-11,overnight_open,0.002714666760072063
2020-02-11,lunch,0.0007020007308297848
2020-02-11,closing_auction,0.0005882007110356982
2020-02-12,overnight_open,-0.0003528789073846168
2020-02-12,lunch,0.001046572570671117
2020-02-12,closing_auction,-0.003728738880910506
2020-02-13,overnight_open,-0.0015187805945346517
2020-02-13,lunch,-0.0011742603509949713
2020-02-13,closing_auction,-0.0010519549798324837
2020-02-14,overnight_open,0.005248743606445812
2020-02-14,lunch,-0.0005792065033053263
2020-02-14,closing_auction,0.00034816921375320834
2020-02-17,overnight_open,0.0013914659016904657
2020-02-17,lunch,0.000928612951233993
2020-02-17,closing_auction,0.0008107013009886394
2020-02-18,overnight_open,-0.0012742544440675209
2020-02-18,lunch,0.0003478462554641135
2020-02-18,closing_auction,-0.0060563893484659286
2020-02-19,overnight_open,0.0015175395429681444
2020-02-19,lunch,0.00011651616674975591
2020-02-19,closing_auction,0.005559430580149298
2020-02-20,overnight_open,0.00196157681313414
2020-02-20,lunch,0.0005763356738402336
2020-02-20,closing_auction,-0.0004587682154095235
2020-02-21,overnight_open,-0.004368827367331367
2020-02-21,lunch,-0.0009209163768150126
2020-02-21,closing_auction,0.00046371436026864266
2020-02-24,overnight_open,-0.02084628715782737
2020-02-24,lunch,-0.001185536594101698
2020-02-24,closing_auction,-0.003011143497687413
2020-02-25,overnight_open,-0.010184375127209249
2020-02-25,lunch,0.001921460901006583
2020-02-25,closing_auction,-0.00047551118347243914
2020-02-26,overnight_open,-0.01316595918230445
2020-02-26,lunch,0.00011961007131072977
2020-02-26,closing_auction,0.003952337619936939
2020-02-27,overnight_open,-0.004792724247222973
2020-02-27,lunch,-0.00023912003939858487
2020-02-27,closing_auction,0.001181056001229646
2020-02-28,overnight_open,-0.01690315212035404
2020-02-28,lunch,-0.006060624611690958
2020-02-28,closing_auction,0.0008436276487090918
2020-03-02,overnight_open,0.0024064504453942563
2020-03-02,lunch,0.0005974786579126025
2020-03-02,closing_auction,-0.0010713649021923872
2020-03-03,overnight_open,0.00783015033948928
2020-03-03,lunch,-0.0015409236735986955
2020-03-03,closing_auction,-0.0011926059851231359
2020-03-04,overnight_open,-0.002150281559618347
2020-03-04,lunch,0.0
2020-03-04,closing_auction,-0.00023775558837615918
2020-03-05,overnight_open,0.005335875587636208
2020-03-05,lunch,0.002244935071728937
2020-03-05,closing_auction,-0.0005979073421770492
2020-03-06,overnight_open,-0.008408457949406664
2020-03-06,lunch,-0.0008483306574326295
2020-03-06,closing_auction,0.00036051193084071955
2020-03-09,overnight_open,-0.044342542185832556
2020-03-09,lunch,0.0
2020-03-09,closing_auction,0.0
2020-03-10,overnight_open,-0.01156382664456994
2020-03-10,lunch,0.002411321683640746
2020-03-10,closing_auction,0.006032232884416218
2020-03-11,overnight_open,-0.0023059195459769416
2020-03-11,lunch,-0.013956776912934642
2020-03-11,closing_auction,0.00026849241670216345
2020-03-12,overnight_open,-0.03775065328137738
2020-03-12,lunch,-0.0033888764429486347
2020-03-12,closing_auction,-0.019265669010588234
2020-03-13,overnight_open,-0.04118228996641541
2020-03-13,lunch,0.031195855768480805
2020-03-13,closing_auction,-0.0007017051722914095
2020-03-16,overnight_open,-0.021713760223784132
2020-03-16,lunch,-0.02593805354843961
2020-03-16,closing_auction,0.004306191226211306
2020-03-17,overnight_open,0.011783904217682807
2020-03-17,lunch,0.004647118441553694
2020-03-17,closing_auction,-0.0048412453946558975
2020-03-18,overnight_open,-0.001571316657850616
2020-03-18,lunch,-0.0192839476945933
2020-03-18,closing_auction,-0.002177859300012816
2020-03-19,overnight_open,-0.0029112102074584415
2020-03-19,lunch,0.006921461988686288
2020-03-19,closing_auction,0.0014760150281206794
2020-03-20,overnight_open,-0.00695629238916043
2020-03-20,lunch,-0.0011934955914697802
2020-03-20,closing_auction,-0.0020808568744984032
2020-03-23,overnight_open,-0.04286370443178239
2020-03-23,lunch,-0.003982482364317486
2020-03-24,overnight_open,0.009235734438997015
2020-03-24,lunch,0.005305905204549784
2020-03-24,closing_auction,-0.0015961695328222147
2020-03-25,overnight_open,0.021336249918798938
2020-03-25,lunch,0.009367750003600241
2020-03-25,closing_auction,0.0007715454437210788
2020-03-26,overnight_open,-0.006965433316242227
2020-03-26,lunch,-0.008494623991422746
2020-03-26,closing_auction,-0.0038259252790373696
2020-03-27,overnight_open,0.01064431370217919
2020-03-27,lunch,0.004737100284269296
2020-03-27,closing_auction,0.0027680551745799947
2020-03-30,overnight_open,-0.022694609927698353
2020-03-30,lunch,0.008166088251053581
2020-03-30,closing_auction,-0.006837633477604075
2020-03-31,overnight_open,0.015319448533513242
2020-03-31,lunch,-0.02353049741019416
2020-03-31,closing_auction,0.007458190845778823
2020-04-01,overnight_open,0.004826763378925999
2020-04-01,lunch,-0.030279571316555787
2020-04-01,closing_auction,-0.0067567824628797625
2020-04-03,overnight_open,0.024444545445592488
2020-04-03,lunch,0.004289020101834914
2020-04-03,closing_auction,0.0014671124972391552
2020-04-06,overnight_open,0.0447562552565106
2020-04-06,lunch,0.00557795062605389
2020-04-07,overnight_open,0.027777478442577816
2020-04-07,lunch,0.00720399333481937
2020-04-07,closing_auction,0.00014772139771301488
2020-04-08,overnight_open,-0.023917433060588696
2020-04-08,lunch,0.004223871116185022
2020-04-08,closing_auction,0.004454350349380375
2020-04-09,overnight_open,0.008702761616391113
2020-04-09,lunch,0.0
2020-04-09,closing_auction,0.00029407440294287505
2020-04-10,overnight_open,-0.0007353482205025441
2020-04-10,lunch,-0.0005859089079287196
2020-04-10,closing_auction,0.00367242425226379
2020-04-13,overnight_open,-0.006177398670511199
2020-04-13,lunch,-0.0036297680505787237
2020-04-13,closing_auction,-0.0011592524121012376
2020-04-14,overnight_open,0.012964745121159554
2020-04-14,lunch,-0.0024589583518970803
2020-04-14,closing_auction,0.0017030943656727656
2020-04-15,overnight_open,0.0031148262476650276
2020-04-15,lunch,-0.0016804373090421828
2020-04-15,closing_auction,0.0012551427629227433
2020-04-16,overnight_open,-0.0023721493018507784
2020-04-16,lunch,0.003045406561911584
2020-04-16,closing_auction,0.0011037528714377502
2020-04-17,overnight_open,-0.004422339987869783
2020-04-17,lunch,0.0015310741386094283
2020-04-17,closing_auction,0.003495284928642142
2020-04-20,overnight_open,-0.001955854213876211
2020-04-20,lunch,-0.0005595188284170086
2020-04-20,closing_auction,-0.004496915953624309
2020-04-21,overnight_open,-0.010619568827460261
2020-04-21,lunch,0.0029542118974313827
2020-04-21,closing_auction,-0.0011931395897173023
2020-04-22,overnight_open,-0.013370589032255922
2020-04-22,lunch,0.003249153648574153
2020-04-22,closing_auction,-0.0005821569077235899
2020-04-23,overnight_open,0.007397234397833659
2020-04-23,lunch,0.0016033820212227382
2020-04-23,closing_auction,-0.007484076314949159
2020-04-24,overnight_open,0.003675663919264778
2020-04-24,lunch,-0.0020384398438811893
2020-04-24,closing_auction,0.0008610792724927313
2020-04-27,overnight_open,0.018336097543007933
2020-04-27,lunch,0.0007171029349968235
2020-04-27,closing_auction,0.00347172343493745
2020-04-28,overnight_open,-0.0033268273975904407
2020-04-28,lunch,0.0018891235727945387
2020-04-28,closing_auction,-0.006606371865927116
2020-04-29,overnight_open,0.0028776998276151956
2020-04-29,lunch,0.001290415262582003
2020-04-29,closing_auction,0.0
2020-05-04,overnight_open,-0.02961574336443868
2020-05-04,lunch,0.00043437342317672147
2020-05-04,closing_auction,-0.0029197101033347503
2020-05-05,overnight_open,0.006702633281872982
2020-05-05,lunch,0.0008646779613537528
2020-05-05,closing_auction,-0.00028760425852548705
2020-05-06,overnight_open,0.0004313753751559403
2020-05-06,lunch,0.0028409110016036497
2020-05-06,closing_auction,0.005306533887876042
2020-05-07,overnight_open,0.0
2020-05-07,lunch,-0.0002743860629096412
2020-05-07,closing_auction,-0.0021540126799085234
2020-05-08,overnight_open,0.007251273884003055
2020-05-08,lunch,0.0029710026374912797
2020-05-08,closing_auction,0.005390848634876373
2020-05-11,overnight_open,0.02259232302859406
2020-05-11,lunch,-0.005899722127188271
2020-05-11,closing_auction,-0.0006557807304331053
2020-05-12,overnight_open,-0.0015756305780740907
2020-05-12,lunch,0.002123143048077973
2020-05-12,closing_auction,0.0
2020-05-13,overnight_open,-0.009264227190365107
2020-05-13,lunch,-0.001680346805255808
2020-05-13,closing_auction,0.0048148964124654055
2020-05-14,overnight_open,-0.010833493672273794
2020-05-14,lunch,-0.0035167734063573553
2020-05-14,closing_auction,0.0013029317804160619
2020-05-15,overnight_open,0.006489315439749868
2020-05-15,lunch,0.00012969327558546033
2020-05-15,closing_auction,0.0036587000175348923
2020-05-18,overnight_open,0.0039052379754229856
2020-05-18,lunch,0.0
2020-05-18,closing_auction,0.006748609047086555
2020-05-19,overnight_open,0.021344187560684336
2020-05-19,lunch,0.00036984528560627484
2020-05-19,closing_auction,0.0012515646189417318
2020-05-20,overnight_open,-0.0032573318703065105
2020-05-20,lunch,-0.0026297679672454255
2020-05-20,closing_auction,0.0037220886643737727
2020-05-21,overnight_open,0.0004952333888512809
2020-05-21,lunch,-0.0009872887387173447
2020-05-21,closing_auction,0.0651559956863658
2020-05-22,overnight_open,-0.09055299465559528
2020-05-22,lunch,-0.0024348060980896973
2020-05-22,closing_auction,-0.0009099773133617042
2020-05-25,overnight_open,0.01086545419803888
2020-05-25,lunch,0.0008917766053767406
2020-05-25,closing_auction,0.00025578718645665453
2020-05-26,overnight_open,0.011569641482039556
2020-05-26,lunch,0.0010046465745168725
2020-05-26,closing_auction,0.0013599557019666406
2020-05-27,overnight_open,0.002837581325365001
2020-05-27,lunch,-0.0029843344705921407
2020-05-27,closing_auction,0.0023017912976167273
2020-05-28,overnight_open,0.005858396785919672
2020-05-28,lunch,0.005732864927251134
2020-05-28,closing_auction,0.007623925110659366
2020-05-29,overnight_open,-0.0026617672094248284
2020-05-29,lunch,0.0017905107737882938
2020-05-29,closing_auction,-0.0069819388671182765
2020-06-01,overnight_open,0.011525680118756907
2020-06-01,lunch,0.0
2020-06-01,closing_auction,-0.0006163328392330272
2020-06-02,overnight_open,0.0024630554323975926
2020-06-02,lunch,0.002098118634533852
2020-06-02,closing_auction,0.0054597480207290985
2020-06-03,overnight_open,0.010953281620600911
2020-06-03,lunch,0.0018300499220829493
2020-06-03,closing_auction,0.0006106870418797265
2020-06-04,overnight_open,0.0025608208616736505
2020-06-04,lunch,-0.0004886988490665996
2020-06-04,closing_auction,0.0
2020-06-05,overnight_open,-0.0022110314866710386
2020-06-05,lunch,0.0017140062962112115
2020-06-05,closing_auction,0.005469475804535476
2020-06-08,overnight_open,0.007727640483855955
2020-06-08,lunch,0.0007107320839339431
2020-06-08,closing_auction,-0.0005975500625966816
2020-06-09,overnight_open,-0.0004782972708664542
2020-06-09,lunch,0.0011953145099985363
2020-06-09,closing_auction,-0.002415460111603662
2020-06-10,overnight_open,0.00229482557378931
2020-06-10,lunch,-0.0003589160773111086
2020-06-10,closing_auction,-0.0005955571613110516
2020-06-11,overnight_open,-0.006095029325936842
2020-06-11,lunch,-0.0033820541960790894
2020-06-11,closing_auction,-0.00564441761967707
2020-06-12,overnight_open,-0.015081712897439927
2020-06-12,lunch,0.0038820410658633405
2020-06-12,closing_auction,0.002861232281032195
2020-06-15,overnight_open,-0.007105932786590065
2020-06-15,lunch,-0.019499757603548728
2020-06-15,closing_auction,0.004915286057011119
2020-06-16,overnight_open,0.023464478726882846
2020-06-16,lunch,0.0002509725198266755
2020-06-16,closing_auction,-0.0036274978798278065
2020-06-17,overnight_open,0.0025031302181184748
2020-06-17,lunch,-0.0018805245935517901
2020-06-17,closing_auction,-0.0021208915691375133
2020-06-18,overnight_open,-0.01029383932715257
2020-06-18,lunch,0.001254862757213493
2020-06-18,closing_auction,-0.0017548262211895646
2020-06-19,overnight_open,-0.009073786263504156
2020-06-19,lunch,0.0013840832659383333
2020-06-19,closing_auction,-0.00037558685887518676
2020-06-22,overnight_open,0.002501251929352379
2020-06-22,lunch,-0.003116238109208107
2020-06-22,closing_auction,0.0017561469641321082
2020-06-23,overnight_open,-0.004773878413069915
2020-06-23,lunch,-0.0020082848471960043
2020-06-23,closing_auction,-0.0011300145593193978
2020-06-24,overnight_open,0.0007534849031609126
2020-06-24,lunch,-0.0015109547069986863
2020-06-24,closing_auction,0.0
2020-06-25,overnight_open,-0.011015866487553306
2020-06-25,lunch,0.0026945547836136658
2020-06-25,closing_auction,0.0015376732911890948
2020-06-26,overnight_open,0.008161228669951228
2020-06-26,lunch,-0.0016574237235894948
2020-06-26,closing_auction,-0.0008992228751600458
2020-06-29,overnight_open,-0.002702530439665695
2020-06-29,lunch,-0.001975374317196214
2020-06-29,closing_auction,0.0006555228028903976
2020-06-30,overnight_open,0.007312646846286557
2020-06-30,lunch,-0.002748872730352251
2020-06-30,closing_auction,-0.007282389019340882
2020-07-01,overnight_open,0.004904894833801777
2020-07-01,lunch,-0.00446077884796648
2020-07-01,closing_auction,0.0
2020-07-02,overnight_open,0.0032473887081713552
2020-07-02,lunch,0.00026130128186316776
2020-07-02,closing_auction,-0.00012935773900708423
2020-07-03,overnight_open,0.0012928250023051713
2020-07-03,lunch,0.0010346612407764603
2020-07-03,closing_auction,-0.0018099552452396416
2020-07-06,overnight_open,0.010042571848206411
2020-07-06,lunch,0.0012666246151929834
2020-07-06,closing_auction,0.0025084673883541343
2020-07-07,overnight_open,-0.0008772480041245394
2020-07-07,lunch,-0.0022399212949066817
2020-07-07,closing_auction,0.0011341441578617256
2020-07-08,overnight_open,-0.0016386214040254505
2020-07-08,lunch,-0.0012602396122877771
2020-07-08,closing_auction,0.0057514537138793655
2020-07-09,overnight_open,0.0004985666312921207
2020-07-09,lunch,-0.0016046414601550523
2020-07-09,closing_auction,-0.0046506019445543495
2020-07-10,overnight_open,0.0013484525487951625
2020-07-10,lunch,-0.00509476094252537
2020-07-10,closing_auction,-0.0003732039602935865
2020-07-13,overnight_open,0.009535085553673925
2020-07-13,lunch,0.0029821095658488866
2020-07-13,closing_auction,0.0012461060802471558
2020-07-14,overnight_open,-0.004868619566344539
2020-07-14,lunch,0.0005036514838270853
2020-07-14,closing_auction,-0.0002486634353232889
2020-07-15,overnight_open,0.01334011877768908
2020-07-15,lunch,0.0007348438787503931
2020-07-15,closing_auction,0.00024482800954703075
2020-07-16,overnight_open,-0.0023282897595910735
2020-07-16,lunch,-0.0012322860462650562
2020-07-16,closing_auction,0.0018399269220072951
2020-07-17,overnight_open,-0.0067630137883761925
2020-07-17,lunch,0.001983143932054247
2020-07-17,closing_auction,-0.0009897316161136583
2020-07-20,overnight_open,-0.00434163058716595
2020-07-20,lunch,0.0012456404201564766
2020-07-20,closing_auction,0.0012562815722615512
2020-07-21,overnight_open,0.0028834721915568327
2020-07-21,lunch,0.0036425337014949393
2020-07-21,closing_auction,0.0026121042279251827
2020-07-22,overnight_open,-0.0009942829553897215
2020-07-22,lunch,-0.001373197893830998
2020-07-22,closing_auction,-0.0031515941623448084
2020-07-23,overnight_open,0.002522069432709939
2020-07-23,lunch,0.0021468720754564447
2020-07-23,closing_auction,0.0005019450475571143
2020-07-24,overnight_open,-0.005409158418099366
2020-07-24,lunch,-0.005693597161289748
2020-07-24,closing_auction,0.001962709167848689
2020-07-27,overnight_open,-0.026760107863678564
2020-07-27,lunch,-0.005532517569725667
2020-07-27,closing_auction,-0.008535698644346184
2020-07-28,overnight_open,0.0076993450968491405
2020-07-28,lunch,-0.0023266964578317856
2020-07-28,closing_auction,-0.007655668308870995
2020-07-29,overnight_open,-0.014531388992733927
2020-07-29,lunch,-0.00042622718553910914
2020-07-29,closing_auction,0.0008328706755741633
2020-07-30,overnight_open,0.009253570622493225
2020-07-30,lunch,-0.0016447372128783784
2020-07-30,closing_auction,-0.00150530305536893
2020-07-31,overnight_open,-0.018800664350683068
2020-07-31,lunch,-0.0008233841552053229
2020-07-31,closing_auction,-0.0026172616359149245
2020-08-03,overnight_open,0.008241804895103788
2020-08-03,lunch,0.0010793309196758319
2020-08-03,closing_auction,0.0024288232153247286
2020-08-04,overnight_open,0.019221093616922008
2020-08-04,lunch,0.0038418276040431236
2020-08-04,closing_auction,0.0063191363514785315
2020-08-05,overnight_open,-0.003022937177470276
2020-08-05,lunch,0.00259538168007721
2020-08-05,closing_auction,-0.0017990238725136233
2020-08-06,overnight_open,0.001927401817359134
2020-08-06,lunch,0.0029721544138087827
2020-08-06,closing_auction,-0.002059732963010616
2020-08-07,overnight_open,-0.003873471595796775
2020-08-07,lunch,0.0020560274526254573
2020-08-07,closing_auction,0.0026938634724615516
2020-08-10,overnight_open,0.010069551656578428
2020-08-10,lunch,0.0030291579391129894
2020-08-10,closing_auction,-0.001277302511123321
2020-08-11,overnight_open,0.006624228044363041
2020-08-11,lunch,0.0010175528733497661
2020-08-11,closing_auction,0.003181676244315916
2020-08-12,overnight_open,-0.00471248404421045
2020-08-12,lunch,0.0011443831117311865
2020-08-12,closing_auction,0.0005058169050686605
2020-08-13,overnight_open,0.003785493479481886
2020-08-13,lunch,-0.0010040161485984818
2020-08-13,closing_auction,0.00037586920194428175
2020-08-14,overnight_open,0.0016271359744917963
2020-08-14,lunch,0.00025075225808413173
2020-08-14,closing_auction,0.0006303183316156856
2020-08-17,overnight_open,-0.0005042228771898473
2020-08-17,lunch,0.0003817036753516051
2020-08-17,closing_auction,-0.0001261750048990339
2020-08-18,overnight_open,0.001261034215028165
2020-08-18,lunch,-0.0006313530104282407
2020-08-18,closing_auction,-0.0012682309879951648
2020-08-19,overnight_open,0.0012682309879951483
2020-08-19,lunch,-0.0006304772921789612
2020-08-19,closing_auction,0.0013881004184811158
2020-08-20,overnight_open,-0.005056900788973774
2020-08-20,lunch,-0.0010174234630676842
2020-08-20,closing_auction,0.0015298320168773561
2020-08-21,overnight_open,0.00025474461989770077
2020-08-21,lunch,0.00025435584519683857
2020-08-21,closing_auction,0.0017672309572862963
2020-08-24,overnight_open,0.010663087923691012
2020-08-24,lunch,0.0011078969558167247
2020-08-24,closing_auction,0.0004906169606568786
2020-08-25,overnight_open,0.009883553092565776
2020-08-25,lunch,-0.0007307271059530922
2020-08-25,closing_auction,-0.0025796955526012208
2020-08-26,overnight_open,-0.0012307693861326238
2020-08-26,lunch,-0.0003664122178399297
2020-08-26,closing_auction,-0.0003688449049008523
2020-08-27,overnight_open,-0.000615043995032445
2020-08-27,lunch,0.0002455494180539889
2020-08-27,closing_auction,0.0019555127228926047
2020-08-28,overnight_open,0.004264398786457518
2020-08-28,lunch,-0.0012084593615683834
2020-08-28,closing_auction,-0.00012149930152846798
2020-08-31,overnight_open,0.00786690895342931
2020-08-31,lunch,-0.0014524330803148745
2020-08-31,closing_auction,0.002064987068437313
2020-09-01,overnight_open,-0.0032816802468797267
2020-09-01,lunch,0.0024081890024830925
2020-09-01,closing_auction,-0.0003581875747209498
2020-09-03,overnight_open,0.01187098460741599
2020-09-03,lunch,-0.0025025336304212607
2020-09-03,closing_auction,0.003535654832307797
2020-09-04,overnight_open,-0.01386031784055052
2020-09-04,lunch,0.00035724918510343634
2020-09-04,closing_auction,0.0014214643473774466
2020-09-07,overnight_open,0.003544845966539831
2020-09-07,lunch,0.0
2020-09-07,closing_auction,-0.0015808357399276114
2020-09-08,overnight_open,0.0021881846805526933
2020-09-08,lunch,0.004228336109521105
2020-09-08,closing_auction,-0.0014456092145267215
2020-09-09,overnight_open,-0.01322754557219649
2020-09-09,lunch,-0.000853814774074605
2020-09-09,closing_auction,0.0
2020-09-10,overnight_open,0.0018055978423386482
2020-09-10,lunch,0.002878044917410017
2020-09-10,closing_auction,-0.003878322640934935
2020-09-11,overnight_open,0.0016986172489909625
2020-09-11,lunch,0.0
2020-09-11,closing_auction,-0.0012071464527203945
2020-09-14,overnight_open,0.00530057860728924
2020-09-14,lunch,0.0016760449272494736
2020-09-14,closing_auction,0.0
2020-09-15,overnight_open,0.0
2020-09-15,lunch,0.00011979634635456035
2020-09-15,closing_auction,-0.00012004081402093805
2020-09-16,overnight_open,-0.0007205476473633915
2020-09-16,lunch,-0.00060056454870964
2020-09-16,closing_auction,0.0021590508566931912
2020-09-17,overnight_open,-0.0019189259906095444
2020-09-17,lunch,0.0005981219150741703
2020-09-17,closing_auction,-0.005161146906412385
2020-09-18,overnight_open,0.0038433869073966607
2020-09-18,lunch,0.0015440349881482931
2020-09-18,closing_auction,-0.0011809165283581562
2020-09-21,overnight_open,-0.0002363507456050614
2020-09-21,lunch,-0.0024646453412749255
2020-09-21,closing_auction,0.0012980118643496966
2020-09-22,overnight_open,-0.002243079861447833
2020-09-22,lunch,-0.0011730206623633988
2020-09-22,closing_auction,0.0020020026706731903
2020-09-23,overnight_open,0.0050460706732108436
2020-09-23,lunch,0.0012876794287318021
2020-09-23,closing_auction,-0.00011707545526462197
2020-09-24,overnight_open,-0.004223871116185171
2020-09-24,lunch,0.0007029053710213119
2020-09-24,closing_auction,0.0030523620787325646
2020-09-25,overnight_open,0.0033936022270929255
2020-09-25,lunch,-0.0002347142364959761
2020-09-25,closing_auction,0.0007020828746150161
2020-09-28,overnight_open,0.004085688284300643
2020-09-28,lunch,0.0020957045742187375
2020-09-28,closing_auction,0.0011595548609081919
2020-09-29,overnight_open,0.0027774580984313694
2020-09-29,lunch,0.0
2020-09-29,closing_auction,-0.00105318598465859
2020-09-30,overnight_open,0.0010531859846586405
2020-09-30,lunch,-0.0017557211743659624
2020-09-30,closing_auction,0.0005816997430037323
2020-10-01,overnight_open,0.0049886987851724554
2020-10-01,lunch,0.0004618404423390085
2020-10-01,closing_auction,0.0006922810937609341
2020-10-02,overnight_open,-0.0013850417726616845
2020-10-02,lunch,-0.008708327891784308
2020-10-02,closing_auction,0.000580551540253618
2020-10-05,overnight_open,0.00590245333782466
2020-10-05,lunch,0.00011548010867967057
2020-10-05,closing_auction,-0.00023017608572105768
2020-10-06,overnight_open,0.0035617892540982824
2020-10-06,lunch,0.0008078010940682393
2020-10-06,closing_auction,-0.0009215528817155329
2020-10-07,overnight_open,-0.0005764021140622202
2020-10-07,lunch,0.000919434612524091
2020-10-07,closing_auction,-0.0012679386172204509
2020-10-08,overnight_open,0.0023041484848502955
2020-10-08,lunch,0.0006933210353995816
2020-10-08,closing_auction,0.00046056419927540667
2020-10-09,overnight_open,0.0008054772888168683
2020-10-09,lunch,-0.00022983222348924175
2020-10-09,closing_auction,0.0
2020-10-12,overnight_open,0.003436035908355486
2020-10-12,lunch,0.0004555289909085935
2020-10-12,closing_auction,-0.0009138680096835226
2020-10-13,overnight_open,-0.0011435107020789379
2020-10-13,lunch,0.0005715918989575678
2020-10-13,closing_auction,0.0005706785522681404
2020-10-14,overnight_open,0.0006843846508715054
2020-10-14,lunch,-0.00022660321873534586
2020-10-14,closing_auction,0.0008944544424604588
2020-10-15,overnight_open,0.0035698386862250387
2020-10-15,lunch,0.00011158846186896356
2020-10-15,closing_auction,-0.00421707427755879
2020-10-16,overnight_open,-0.0077030802333209435
2020-10-16,lunch,0.00022316447314221273
2020-10-16,closing_auction,0.0003352142609188016
2020-10-19,overnight_open,0.003457316776744403
2020-10-19,lunch,0.0
2020-10-19,closing_auction,0.00155090315788005
2020-10-20,overnight_open,-0.0023272576581397607
2020-10-20,lunch,0.0005542930134712535
2020-10-20,closing_auction,0.0005488775591994071
2020-10-21,overnight_open,0.0028493169961986507
2020-10-21,lunch,-0.0006562397698048708
2020-10-21,closing_auction,0.002534855603187894
2020-10-22,overnight_open,-0.0023141781224293484
2020-10-22,lunch,0.0
2020-10-22,closing_auction,0.005099560771975284
2020-10-23,overnight_open,0.00431966114451638
2020-10-23,lunch,0.00043108094212121256
2020-10-23,closing_auction,-0.0021367529497352197
2020-10-26,overnight_open,0.0005346164254572651
2020-10-26,lunch,-0.0002117746725407771
2020-10-26,closing_auction,-0.007201621924025052
2020-10-27,overnight_open,-0.001403357492689539
2020-10-27,lunch,0.001288659972148128
2020-10-27,closing_auction,0.001087547687398919
2020-10-28,overnight_open,-0.0004348771540595304
2020-10-28,lunch,0.0006557377284146947
2020-10-28,closing_auction,0.00044657810276626543
2020-10-29,overnight_open,-0.005147728466861145
2020-10-29,lunch,-0.0005586280241358126
2020-10-29,closing_auction,0.0027078883747394997
2020-10-30,overnight_open,0.0037114140336416577
2020-10-30,lunch,-0.00800861536092583
2020-10-30,closing_auction,0.006602161283515291
2020-11-02,overnight_open,0.0038960365417004036
2020-11-02,lunch,0.0012241946885275486
2020-11-02,closing_auction,-0.0033130897229601266
2020-11-03,overnight_open,0.005955680998733714
2020-11-03,lunch,0.0
2020-11-03,closing_auction,-0.0007703736693110159
2020-11-04,overnight_open,0.000770373669311056
2020-11-04,lunch,0.00043826011438843324
2020-11-04,closing_auction,-0.0016428457777425182
2020-11-05,overnight_open,0.0017522729267272742
2020-11-05,lunch,0.0016319429178095128
2020-11-05,closing_auction,0.00021975607164592787
2020-11-06,overnight_open,0.0009883051372712645
2020-11-06,lunch,0.00044164735177398015
2020-11-06,closing_auction,-0.002638814065605082
2020-11-09,overnight_open,0.006365254151605328
2020-11-09,lunch,0.0004351610164405138
2020-11-09,closing_auction,0.0011924766983035517
2020-11-10,overnight_open,0.012489395763473589
2020-11-10,lunch,0.00043043151423182493
2020-11-10,closing_auction,-0.005414198390872514
2020-11-11,overnight_open,0.0017357348684133498
2020-11-11,lunch,0.000761904798761809
2020-11-11,closing_auction,-0.0008678672707886258
2020-11-12,overnight_open,0.0
2020-11-12,lunch,0.0006499133677635941
2020-11-12,closing_auction,0.0015099226337190682
2020-11-13,lunch,0.0018280557808697461
2020-11-13,closing_auction,0.00010685473109485007
2020-11-16,overnight_open,0.005540770701531439
2020-11-16,lunch,0.003667353910782435
2020-11-16,closing_auction,-0.0011989755646353995
2020-11-17,lunch,0.0005429766110487466
2020-11-17,closing_auction,0.0010666667678024464
2020-11-18,overnight_open,0.00021319688813308527
2020-11-18,lunch,-0.0003205641957247786
2020-11-18,closing_auction,0.0036390921033716108
2020-11-19,overnight_open,0.0
2020-11-19,lunch,0.0010636035888863886
2020-11-19,closing_auction,0.0
2020-11-20,overnight_open,0.006229234100517441
2020-11-20,lunch,0.0005278995001969977
2020-11-20,closing_auction,0.0002100178522892785
2020-11-23,overnight_open,0.00031494410002608914
2020-11-23,lunch,0.0004200798213424005
2020-11-23,closing_auction,-0.0011458931406477773
2020-11-24,overnight_open,0.001250000162760564
2020-11-24,lunch,-0.0022974112026433475
2020-11-24,closing_auction,0.000518806756124439
2020-11-25,overnight_open,0.002486532570004878
2020-11-25,lunch,-0.0005188067561245312
2020-11-25,closing_auction,-0.003742986278834392
2020-11-26,overnight_open,-0.000833680748577342
2020-11-26,lunch,0.000624804768842178
2020-11-26,closing_auction,-0.0013390330063785829
2020-11-27,overnight_open,-0.0002061643136876599
2020-11-27,lunch,0.0007199054149556318
2020-11-27,closing_auction,0.0
2020-11-30,overnight_open,0.0003078028034356254
2020-11-30,lunch,-0.0010272214565300254
2020-11-30,closing_auction,-0.002274843293076047
2020-12-01,overnight_open,-0.005813969865419845
2020-12-01,lunch,0.001037021766688528
2020-12-01,closing_auction,-0.00010200438627707507
2020-12-02,overnight_open,0.0002039983687205697
2020-12-02,lunch,-0.0002041232911761469
2020-12-02,closing_auction,-0.0035687012129058944
2020-12-03,overnight_open,0.001734959867764264
2020-12-03,lunch,-0.0003053279755032471
2020-12-03,closing_auction,0.0010126583143861855
2020-12-04,overnight_open,0.001314924581309022
2020-12-04,lunch,0.00030393597316202446
2020-12-04,closing_auction,0.004060919286315012
2020-12-07,overnight_open,0.0022264962137795437
2020-12-07,lunch,0.0
2020-12-07,closing_auction,0.0
2020-12-08,overnight_open,-0.0003017046334546599
2020-12-08,lunch,0.00030200835785991974
2020-12-08,closing_auction,0.000604412227526626
2020-12-09,overnight_open,0.002012073113420235
2020-12-09,lunch,0.0007975277065132208
2020-12-09,closing_auction,0.0035778213478839024
2020-12-10,overnight_open,-0.000793965901176512
2020-12-10,lunch,-0.0010931678107259594
2020-12-10,closing_auction,0.002498127704355288
2020-12-11,overnight_open,0.0009975063171253381
2020-12-11,lunch,0.0007988018397791591
2020-12-11,closing_auction,-0.0008923702937131153
2020-12-14,overnight_open,0.004355148920798384
2020-12-14,lunch,-0.00019630938421891686
2020-12-14,closing_auction,0.003808412395684257
2020-12-15,overnight_open,0.0006820285742042891
2020-12-15,lunch,0.00048825741900602754
2020-12-15,closing_auction,0.003059766489227119
2020-12-16,overnight_open,0.0038361331654669993
2020-12-16,lunch,0.0007775294395017626
2020-12-16,closing_auction,0.0
2020-12-17,overnight_open,-0.0032152802094381795
2020-12-17,lunch,-0.001860101373370831
2020-12-17,closing_auction,-0.0013765980541651836
2020-12-18,overnight_open,0.008524031428787745
2020-12-18,lunch,-0.0012537977241653992
2020-12-18,closing_auction,-0.00047904192532853795
2020-12-21,overnight_open,-0.0004792715164829524
2020-12-21,lunch,0.0009518371173611164
2020-12-21,closing_auction,-0.0011346445997937767
2020-12-22,overnight_open,0.0014181047046821727
2020-12-22,lunch,-0.0018049689030883802
2020-12-22,closing_auction,-0.00018860807298463412
2020-12-23,overnight_open,0.00160203587013157
2020-12-23,lunch,0.0004699027387814612
2020-12-23,closing_auction,0.0018025715236154366
2020-12-24,overnight_open,0.0019885428644504247
2020-12-24,lunch,0.0008633508138550996
2020-12-24,closing_auction,0.0005756500206932692
2020-12-25,overnight_open,0.0013418961085786283
2020-12-25,lunch,0.0005721915090313476
2020-12-25,closing_auction,0.002632817693844361
2020-12-28,overnight_open,0.004777750434613627
2020-12-28,lunch,-0.0023369956885464496
2020-12-28,closing_auction,0.0022539453569251316
2020-12-29,overnight_open,0.0
2020-12-29,lunch,0.0017739605977919338
2020-12-29,closing_auction,-0.001311107136683215
2020-12-30,overnight_open,-0.001031362896729281
2020-12-30,lunch,0.0008356934420156988
2020-12-30,closing_auction,0.0018707329373057083
2020-12-31,overnight_open,0.0021470253288487615
2020-12-31,lunch,0.0016711544136230722
2020-12-31,closing_auction,0.0005537098701827074
2021-01-04,overnight_open,0.006345724149729142
2021-01-04,lunch,0.0002728140788985085
2021-01-04,closing_auction,0.0
2021-01-05,overnight_open,-0.0030694255388541408
2021-01-05,lunch,0.0011725974373848341
2021-01-05,closing_auction,-0.001079525113833657
2021-01-06,overnight_open,0.004848712022537255
2021-01-06,closing_auction,0.0022246950221111086
2021-01-07,overnight_open,0.0067328390411839625
2021-01-07,lunch,0.0008861320916577982
2021-01-07,closing_auction,0.0034003258709791513
2021-01-08,overnight_open,-0.0024400883566658396
2021-01-08,lunch,0.0015534654025960556
2021-01-08,closing_auction,0.00016999575051551078
2021-01-11,overnight_open,0.0028855150293550158
2021-01-11,lunch,0.00050505051578589
2021-01-11,closing_auction,-0.0026784982951039526
2021-01-12,overnight_open,0.003681088403315735
2021-01-12,lunch,0.002351164069073864
2021-01-12,closing_auction,0.0032774515660727614
2021-01-13,overnight_open,0.002764862889889796
2021-01-13,lunch,-0.0004999166909645851
2021-01-13,closing_auction,0.0074944563656779645
2021-01-14,overnight_open,-0.0015112084145433788
2021-01-14,lunch,-0.0013471417377890456
2021-01-14,closing_auction,0.0002523659319389631
2021-01-15,overnight_open,0.0017647804908010635
2021-01-15,lunch,-0.0010073875935888842
2021-01-15,closing_auction,-0.002265386713675995
2021-01-18,overnight_open,0.002349191448692591
2021-01-18,lunch,0.0006726080630233182
2021-01-18,closing_auction,-0.005084756718110102
2021-01-19,overnight_open,0.0016977932770942702
2021-01-19,lunch,0.0014504580550364111
2021-01-19,closing_auction,-0.0018989922964960954
2021-01-20,overnight_open,0.007215038514150693
2021-01-20,lunch,0.004134465713305881
2021-01-20,closing_auction,0.0018684110600275439
2021-01-21,overnight_open,0.0033720859000836655
2021-01-21,lunch,0.0014124296133423584
2021-01-21,closing_auction,0.0017395846780543735
2021-01-22,overnight_open,0.027429507427658192
2021-01-22,lunch,-0.0016944848585499256
2021-01-22,closing_auction,-0.0011923012824487547
2021-01-25,overnight_open,-0.0014497081803899452
2021-01-25,lunch,0.0002549177903934702
2021-01-25,closing_auction,0.0006821864338921054
2021-01-26,overnight_open,-0.0011941318375646975
2021-01-26,lunch,-0.004318899666472329
2021-01-26,closing_auction,-0.0020279511424815583
2021-01-27,overnight_open,-0.005043588977520696
2021-01-27,lunch,-0.0029640296546497775
2021-01-27,closing_auction,0.0020349650903695375
2021-01-28,overnight_open,-0.03497912080972361
2021-01-28,lunch,-0.0032733253449691376
2021-01-29,overnight_open,-0.028826829761616792
2021-01-29,lunch,-0.003784299691239618
2021-01-29,closing_auction,0.002696547266025284
2021-02-01,overnight_open,-0.00642789487888349
2021-02-01,lunch,0.0006605331686255637
2021-02-01,closing_auction,-0.014649452422776056
2021-02-02,overnight_open,0.007929642169447332
2021-02-02,lunch,0.0021412287657820044
2021-02-02,closing_auction,-0.0032000027306709027
2021-02-03,overnight_open,0.007208389258220584
2021-02-03,lunch,0.0018894242878552488
2021-02-03,closing_auction,-0.0027520102592238707
2021-02-04,overnight_open,0.003106557329061065
2021-02-04,lunch,-0.0011608698897102756
2021-02-04,closing_auction,0.0035038893042563034
2021-02-05,overnight_open,0.00848408750515133
2021-02-05,lunch,0.0015821397340905646
2021-02-05,closing_auction,-0.0019281338138283188
2021-02-08,overnight_open,-0.0012289327389386937
2021-02-08,lunch,-0.000912825257359689
2021-02-08,closing_auction,-0.0036563112031105433
2021-02-09,overnight_open,0.005115100666770409
2021-02-09,lunch,0.0011461319306227634
2021-02-09,closing_auction,-0.003268121091012028
2021-02-17,overnight_open,0.009947702965941246
2021-02-17,lunch,0.0005153753764649756
2021-02-17,closing_auction,0.003064353776880141
2021-02-18,overnight_open,0.0070294593923387345
2021-02-18,lunch,-0.0020363149748137722
2021-02-18,closing_auction,0.004473902705703038
2021-02-19,overnight_open,-0.009562972213174337
2021-02-19,lunch,0.0007598463787433297
2021-02-19,closing_auction,-0.0038973191751974488
2021-02-22,overnight_open,0.0037281859824052814
2021-02-22,lunch,-0.00016723806377304335
2021-02-22,closing_auction,-0.0007669038763671446
2021-02-23,overnight_open,0.00510161807095304
2021-02-23,lunch,0.0025335711550928657
2021-02-23,closing_auction,0.00160276722488226
2021-02-24,overnight_open,0.0035338698955672708
2021-02-24,lunch,-0.0047905289749553565
2021-02-24,closing_auction,0.002671379071511099
2021-02-25,overnight_open,0.01197619104671562
2021-02-25,lunch,0.0025630086648895482
2021-02-25,closing_auction,0.0067911975780017555
2021-02-26,overnight_open,-0.016033091186788532
2021-02-26,lunch,-0.010921491932639514
2021-02-26,closing_auction,-0.003825721988144077
2021-03-01,overnight_open,0.0080594285659969
2021-03-01,lunch,0.0010945986863125608
2021-03-01,closing_auction,-0.0005865840030765904
2021-03-02,overnight_open,0.004933326615691889
2021-03-02,lunch,-0.0008406187448610464
2021-03-02,closing_auction,0.0
2021-03-03,overnight_open,-0.0019281558557869049
2021-03-03,lunch,0.0009227801502085695
2021-03-03,closing_auction,-0.0002500729392433874
2021-03-04,overnight_open,-0.0015017523262881363
2021-03-04,lunch,0.0019658966116017597
2021-03-04,closing_auction,0.0010163463227713314
2021-03-05,overnight_open,-0.008586662747427023
2021-03-05,lunch,0.003929613804356868
2021-03-05,closing_auction,-0.0017094021256489145
2021-03-08,overnight_open,0.011735826506253641
2021-03-08,lunch,-0.0008521517345662404
2021-03-08,closing_auction,0.001890197315080227
2021-03-09,overnight_open,-0.0003434065967814584
2021-03-09,lunch,8.579640518311582e-05
2021-03-09,closing_auction,-0.0005177770222683396
2021-03-10,overnight_open,0.0034467935890805153
2021-03-10,lunch,0.0013654209323972668
2021-03-10,closing_auction,0.0007637150865498862
2021-03-11,overnight_open,0.0047389443007582474
2021-03-11,lunch,0.0003368421084480462
2021-03-11,closing_auction,-0.001593625835278036
2021-03-12,overnight_open,0.0019288026441808945
2021-03-12,lunch,0.0004195862940759075
2021-03-12,closing_auction,0.0010089121420802847
2021-03-15,overnight_open,0.0
2021-03-15,lunch,-8.416445739945367e-05
2021-03-15,closing_auction,0.0008415383817349052
2021-03-16,overnight_open,0.0021846912310924255
2021-03-16,lunch,-0.0003378949178964862
2021-03-16,closing_auction,-0.0002528764711920382
2021-03-17,overnight_open,-0.0018563839606752957
2021-03-17,lunch,0.0005878648080277294
2021-03-17,closing_auction,0.0008352126101491376
2021-03-18,overnight_open,0.007237065234724405
2021-03-18,lunch,0.0001656314703578788
2021-03-18,closing_auction,0.0006605565428857776
2021-03-19,overnight_open,-0.007373381651112208
2021-03-19,lunch,-0.00024940765810788746
2021-03-19,closing_auction,-8.277803075780045e-05
2021-03-22,overnight_open,0.0004965654326977434
2021-03-22,lunch,-0.00016619577900975815
2021-03-22,closing_auction,-0.004685416871478238
2021-03-23,overnight_open,0.002261781068918795
2021-03-23,lunch,-0.0008421053129222239
2021-03-23,closing_auction,0.001605340212110715
2021-03-24,overnight_open,-0.005078301222654355
2021-03-24,lunch,0.0016422493859047371
2021-03-24,closing_auction,-0.00034155922114983457
2021-03-25,overnight_open,0.000597652098899277
2021-03-25,lunch,0.0
2021-03-25,closing_auction,0.0025850940721048555
2021-03-26,overnight_open,0.0027500876734229576
2021-03-26,lunch,0.003712181066116089
2021-03-26,closing_auction,0.00034106412336090393
2021-03-29,overnight_open,0.003744047940685557
2021-03-29,lunch,-0.0017943355094092474
2021-03-29,closing_auction,-0.002364067294880507
2021-03-30,overnight_open,-0.00025362472131559074
2021-03-30,lunch,0.0010958905206373314
2021-03-30,closing_auction,-0.0017613760058106808
2021-03-31,overnight_open,0.0010907413926971215
2021-03-31,lunch,0.0005023863456581137
2021-03-31,closing_auction,-0.0010062893930915607
2021-04-01,overnight_open,0.0015090546123296934
2021-04-01,lunch,0.0010681567097521188
2021-04-01,closing_auction,0.00016189088589686667
2021-04-02,overnight_open,0.00524723706475923
2021-04-02,lunch,0.0015325673497782106
2021-04-02,closing_auction,-0.0006480881626710573
2021-04-05,overnight_open,0.00630101446545917
2021-04-05,lunch,-0.00023951139789558256
2021-04-05,closing_auction,0.0023894873973814854
2021-04-06,overnight_open,-0.0018314294245932964
2021-04-06,lunch,0.0009603073721344151
2021-04-06,closing_auction,0.0
2021-04-07,overnight_open,-0.0019986415894804738
2021-04-07,lunch,-0.000399121937048441
2021-04-07,closing_auction,-0.0007984032360244729
2021-04-08,overnight_open,0.0019150979360996131
2021-04-08,lunch,0.0006404611539075465
2021-04-08,closing_auction,0.00032180209449080694
2021-04-09,overnight_open,0.0009647854100989033
2021-04-09,lunch,-0.000720028832259829
2021-04-09,closing_auction,-0.0004791566934031351
2021-04-12,overnight_open,0.0063699554509674666
2021-04-12,lunch,-0.0003936852930655297
2021-04-12,closing_auction,-0.0007058547016724097
2021-04-13,overnight_open,0.005398862923932219
2021-04-13,lunch,-0.0013282808531833912
2021-04-13,closing_auction,0.00047218069658274683
2021-04-14,overnight_open,-0.0007870917368170432
2021-04-14,lunch,0.00023572859889932783
2021-04-14,closing_auction,0.0010066985014050346
2021-04-15,overnight_open,0.00262812240626963
2021-04-15,lunch,0.0007736944293103289
2021-04-15,closing_auction,-0.0009342157160573976
2021-04-16,overnight_open,-0.0012469801319679769
2021-04-16,lunch,-0.003453150504021018
2021-04-16,closing_auction,0.0017290164634350073
2021-04-19,overnight_open,0.003370833748731208
2021-04-19,lunch,0.0
2021-04-19,closing_auction,0.003053437486890248
2021-04-20,overnight_open,0.002816152867758274
2021-04-20,lunch,0.00015070454402734025
2021-04-20,closing_auction,-0.0008457960598021224
2021-04-22,overnight_open,0.0028421112191050783
2021-04-22,lunch,0.0013813216838365148
2021-04-22,closing_auction,-0.005377207326265492
2021-04-23,overnight_open,-0.0011106704830771326
2021-04-23,lunch,0.003080449495659461
2021-04-23,closing_auction,0.002007102727214246
2021-04-26,overnight_open,0.003080005514856541
2021-04-26,lunch,-0.0015606714053446214
2021-04-26,closing_auction,0.002635047638005032
2021-04-27,overnight_open,0.0006377551236571413
2021-04-27,lunch,0.0023752980289074833
2021-04-27,closing_auction,0.003960401216096914
2021-04-28,overnight_open,0.00213211278306047
2021-04-28,lunch,0.0012472717550864724
2021-04-28,closing_auction,0.0062942772713874846
2021-04-29,overnight_open,0.006410779519723629
2021-04-29,lunch,-0.001234472805485571
2021-04-29,closing_auction,-0.00230326397409303
2021-05-04,overnight_open,-0.017054676933662635
2021-05-04,lunch,0.0014644112216624999
2021-05-04,closing_auction,-0.004987541511039051
2021-05-05,overnight_open,0.0026480060867394516
2021-05-05,lunch,0.0005989369049300527
2021-05-05,closing_auction,-0.0015707396924072563
2021-05-06,overnight_open,0.003810382285912179
2021-05-06,lunch,0.0005961252039428245
2021-05-06,closing_auction,0.0011229647446237235
2021-05-07,overnight_open,0.0
2021-05-07,lunch,-0.007343788919541529
2021-05-07,closing_auction,-0.001283358044257826
2021-05-10,overnight_open,-7.554296509727115e-05
2021-05-10,lunch,0.00014814814841890124
2021-05-10,closing_auction,0.005835173376722213
2021-05-11,overnight_open,-0.0010915045653431652
2021-05-11,lunch,0.002558013454047863
2021-05-11,closing_auction,-0.0006663951969984646
2021-05-12,overnight_open,-7.407133072530786e-05
2021-05-12,lunch,0.0026591831299868952
2021-05-12,closing_auction,-0.0010847164530327106
2021-05-13,overnight_open,-0.0031160574508854863
2021-05-13,lunch,-0.006683157230006737
2021-05-13,closing_auction,0.00073346049936218
2021-05-14,overnight_open,0.005921286353000942
2021-05-14,lunch,0.002678152952496575
2021-05-14,closing_auction,-0.00021831677851140706
2021-05-17,overnight_open,0.005805531545320496
2021-05-17,lunch,0.0007268498648247278
2021-05-17,closing_auction,-0.000877449602948071
2021-05-18,overnight_open,0.00328647365370838
2021-05-18,lunch,0.000660041826610211
2021-05-18,closing_auction,0.004008021397538868
2021-05-19,overnight_open,-0.0008003201707690441
2021-05-19,lunch,-0.0002879147792148776
2021-05-19,closing_auction,-0.0008537887391642163
2021-05-20,overnight_open,0.0023461672274269693
2021-05-20,lunch,0.0004989842210672031
2021-05-20,closing_auction,0.002740594104935143
2021-05-21,overnight_open,-0.008173664445996867
2021-05-21,lunch,0.0005660110523261609
2021-05-21,closing_auction,0.0018404478897881208
2021-05-24,overnight_open,0.0018370668630040448
2021-05-24,lunch,0.0003521994894295165
2021-05-24,closing_auction,-0.0010513405559240232
2021-05-25,overnight_open,0.000771091132104091
2021-05-25,lunch,0.0015351339278836754
2021-05-25,closing_auction,-0.0002781254363639243
2021-05-26,overnight_open,0.0011814992513175127
2021-05-26,lunch,-0.0008342023424324917
2021-05-26,closing_auction,0.0006884681855414845
2021-05-27,overnight_open,0.0006879945231818285
2021-05-27,lunch,0.0013894680573642664
2021-05-27,closing_auction,-0.00034958923621201016
2021-05-28,overnight_open,0.0029327581945214586
2021-05-28,lunch,-0.00034438819777647185
2021-05-28,closing_auction,-0.0003418219141127127
2021-05-31,overnight_open,-0.001163069265307569
2021-05-31,lunch,0.0005466721470023294
2021-05-31,closing_auction,0.0
2021-06-01,overnight_open,0.0031717136957689603
2021-06-01,lunch,-0.002153287959383453
2021-06-01,closing_auction,0.0009415563275459528
2021-06-02,overnight_open,-0.00040341559075985267
2021-06-02,lunch,0.0006111016995473696
2021-06-02,closing_auction,0.0004049949430987462
2021-06-03,overnight_open,0.0039065180683583705
2021-06-03,lunch,0.0019370142649294034
2021-06-03,closing_auction,-0.0021253993123134776
2021-06-04,overnight_open,0.0009304180906466351
2021-06-04,lunch,0.0004671805737857464
2021-06-04,closing_auction,-0.00013280212502902094
2021-06-07,overnight_open,0.001791342326756667
2021-06-07,lunch,0.0015531623475437027
2021-06-07,closing_auction,0.002089724040667248
2021-06-08,overnight_open,0.0016148570323998384
2021-06-08,lunch,-0.0020996316426903252
2021-06-08,closing_auction,0.004837192648949151
2021-06-09,overnight_open,0.006691319313428913
2021-06-09,lunch,0.003163253909847106
2021-06-09,closing_auction,-0.003352837654580518
2021-06-10,overnight_open,0.0006851661795965106
2021-06-10,lunch,0.0017310026825299812
2021-06-10,closing_auction,0.0017220600088242721
2021-06-11,overnight_open,0.005011509476142858
2021-06-11,lunch,0.0007382302942564534
2021-06-11,closing_auction,0.0038246096206440436
2021-06-14,overnight_open,0.002207580252324849
2021-06-14,lunch,0.001063759158884331
2021-06-14,closing_auction,0.0012695868866458445
2021-06-15,overnight_open,0.0006675567671135282
2021-06-15,lunch,0.0006009816213739794
2021-06-15,closing_auction,0.0020813059310866577
2021-06-16,overnight_open,0.00013412916658837263
2021-06-16,lunch,0.0017643869940939764
2021-06-16,closing_auction,0.00013616557755254281
2021-06-17,overnight_open,-0.004708460027645391
2021-06-17,lunch,0.0006848377202325592
2021-06-17,closing_auction,-0.003545861199015185
2021-06-18,overnight_open,0.0038180996816058166
2021-06-18,lunch,0.0005377789858028366
2021-06-18,closing_auction,-0.0002693239983960999
2021-06-21,overnight_open,-0.005604903757071744
2021-06-21,lunch,0.0005407597806507101
2021-06-21,closing_auction,-0.00040694520366271313
2021-06-22,overnight_open,0.006760893848540146
2021-06-22,lunch,6.682035350452944e-05
2021-06-22,closing_auction,-0.0017429782518115769
2021-06-23,overnight_open,0.002211723028867932
2021-06-23,lunch,0.0003349522724332424
2021-06-23,closing_auction,0.000939786603369727
2021-06-24,overnight_open,0.0064205678029227616
2021-06-24,lunch,0.0
2021-06-24,closing_auction,0.0021528533611010927
2021-06-25,overnight_open,0.004024150299725548
2021-06-25,lunch,0.0010053957078672389
2021-06-25,closing_auction,0.0021285095171925997
2021-06-28,overnight_open,0.0022565882012261064
2021-06-28,lunch,0.0003292181099694201
2021-06-28,closing_auction,-0.0007871950026027347
2021-06-29,overnight_open,0.0003280732288865541
2021-06-29,lunch,0.0004572623132226774
2021-06-29,closing_auction,0.0035920751813184027
2021-06-30,overnight_open,0.00032591337511052234
2021-06-30,lunch,-0.000650279643151623
2021-06-30,closing_auction,-0.0009804242754037622
2021-07-01,overnight_open,0.0015029244505721769
2021-07-01,lunch,0.0012980271812126202
2021-07-01,closing_auction,0.0028445842817051395
2021-07-02,overnight_open,0.00206371800316984
2021-07-02,lunch,0.0004494814985617709
2021-07-02,closing_auction,0.0007071454121296796
2021-07-05,overnight_open,0.003143950489968004
2021-07-05,lunch,0.0010965267006392545
2021-07-05,closing_auction,0.0026821652199395755
2021-07-06,overnight_open,-0.0012763243596047896
2021-07-06,lunch,-0.0019223381544572686
2021-07-06,closing_auction,-0.012776131153328254
2021-07-07,overnight_open,0.0075662403833158766
2021-07-07,lunch,0.001858736594625342
2021-07-07,closing_auction,-6.514445785819482e-05
2021-07-08,overnight_open,-0.0016299922109310643
2021-07-08,lunch,-0.0013014057016372997
2021-07-08,closing_auction,0.0005950216697325652
2021-07-09,overnight_open,-0.0026472550205070074
2021-07-09,lunch,0.0029619899884934615
2021-07-09,closing_auction,-0.00013359161064557747
2021-07-12,overnight_open,0.0026018227426408396
2021-07-12,lunch,0.0028337441639556334
2021-07-12,closing_auction,-0.0008999342963117545
2021-07-13,overnight_open,0.0011766743008452365
2021-07-13,lunch,0.0004167534963424063
2021-07-13,closing_auction,0.002006296290264452
2021-07-14,overnight_open,0.0008290155915210058
2021-07-14,lunch,-0.0008502196912904612
2021-07-14,closing_auction,-0.005026381330332801
2021-07-15,overnight_open,0.0014184399541338495
2021-07-15,lunch,0.0020473726661744225
2021-07-15,closing_auction,-6.983971787599547e-05
2021-07-16,overnight_open,0.0036948001181164748
2021-07-16,lunch,-0.0010417029311039566
2021-07-16,closing_auction,0.0013898542890542977
2021-07-19,overnight_open,-0.022259810366041684
2021-07-19,lunch,-0.0009356894194028839
2021-07-19,closing_auction,-0.0007307271059530922
2021-07-20,overnight_open,0.0043763745997987815
2021-07-20,lunch,0.0024128992074524684
2021-07-20,closing_auction,-0.002488005548581121
2021-07-21,overnight_open,0.004899012247633267
2021-07-21,lunch,0.00035442141076298184
2021-07-21,closing_auction,0.0
2021-07-22,overnight_open,0.0012830567017857659
2021-07-22,lunch,0.0014729092615505873
2021-07-22,closing_auction,-0.0004903849620146873
2021-07-23,overnight_open,-0.0014725994035945293
2021-07-23,lunch,7.037545307099011e-05
2021-07-23,closing_auction,-0.005693965561673243
2021-07-26,overnight_open,-0.0014285716715258013
2021-07-26,lunch,-0.0005032893660537477
2021-07-26,closing_auction,0.0
2021-07-27,overnight_open,0.004039836813587816
2021-07-27,lunch,0.0004919012080495496
2021-07-27,closing_auction,-0.0019194546112884126
2021-07-28,overnight_open,0.0004979902639108696
2021-07-28,lunch,0.001981459851467899
2021-07-28,closing_auction,0.00135053508816937
2021-07-29,overnight_open,0.005807793079633968
2021-07-29,lunch,0.0005619950973348728
2021-07-29,closing_auction,0.0013985038290809724
2021-07-30,overnight_open,-0.0007689350628770567
2021-07-30,lunch,-0.00013923698156717514
2021-07-30,closing_auction,-0.0006918021721774587
2021-08-02,overnight_open,0.0009683890913795745
2021-08-02,lunch,0.0004820106824257235
2021-08-02,closing_auction,0.001382265753295291
2021-08-03,overnight_open,0.0007594325333064029
2021-08-03,lunch,0.0008227067514635477
2021-08-03,closing_auction,0.004688942028505549
2021-08-04,overnight_open,-0.0014926388550521648
2021-08-04,lunch,-0.00020339672601385884
2021-08-04,closing_auction,0.0
2021-08-05,overnight_open,-0.002246044844170357
2021-08-05,lunch,-0.0005431461875667634
2021-08-05,closing_auction,-0.002417893581746825
2021-08-06,overnight_open,0.0005378151390138292
2021-08-06,lunch,-0.0002692152392085298
2021-08-06,closing_auction,6.789557662940381e-05
2021-08-09,overnight_open,-0.0023110396365254157
2021-08-09,lunch,0.0014228126659230444
2021-08-09,closing_auction,-0.0009325873311132918
2021-08-10,overnight_open,0.0015316488193919202
2021-08-10,lunch,0.0010023053861060887
2021-08-10,closing_auction,-0.0017386656780623562
2021-08-11,overnight_open,0.0014045415812654108
2021-08-11,lunch,0.0009310987637292681
2021-08-11,closing_auction,-0.002016807406304535
2021-08-12,overnight_open,0.0004036870134886098
2021-08-12,lunch,0.0010731773784703133
2021-08-12,closing_auction,0.003186983541687944
2021-08-13,overnight_open,0.0014882968516360404
2021-08-13,lunch,-6.77070991151185e-05
2021-08-13,closing_auction,0.0022246950221111086
2021-08-16,overnight_open,0.0009423168227741581
2021-08-16,lunch,0.0006704659989677837
2021-08-16,closing_auction,-0.0005986231845929909
2021-08-17,overnight_open,0.002989538848365986
2021-08-17,lunch,-0.0016023504563396544
2021-08-17,closing_auction,-6.697699342772732e-05
2021-08-18,overnight_open,0.001071093956999252
2021-08-18,lunch,-0.00040048058204455664
2021-08-18,closing_auction,0.0005367326529390667
2021-08-19,overnight_open,0.001072601832403595
2021-08-19,lunch,0.0006039660620459987
2021-08-19,closing_auction,0.0013342230131366622
2021-08-20,lunch,0.0006805035989046138
2021-08-20,closing_auction,0.0009000589107636508
2021-08-23,overnight_open,0.00013839872695275922
2021-08-23,lunch,0.0006989585802138107
2021-08-23,closing_auction,0.0
2021-08-24,overnight_open,0.0019114373452680088
2021-08-24,lunch,0.0004938097521953776
2021-08-24,closing_auction,-0.0028226678821661683
2021-08-25,overnight_open,0.0019767037851867566
2021-08-25,lunch,0.0005655708881758908
2021-08-25,closing_auction,0.0007687201189199189
2021-08-26,overnight_open,-6.985923367251856e-05
2021-08-26,lunch,0.00014024261996210794
2021-08-26,closing_auction,-0.003123006300064582
2021-08-27,overnight_open,0.0016336971350298308
2021-08-27,lunch,0.00042634833304102104
2021-08-27,closing_auction,0.0
2021-08-30,overnight_open,0.0026724820744664416
2021-08-30,lunch,-0.0004906599474598763
2021-08-30,closing_auction,0.0008378133562753937
2021-08-31,overnight_open,0.00013956734146866286
2021-08-31,lunch,6.980559145612086e-05
2021-08-31,closing_auction,0.00245571075874414
2021-09-01,overnight_open,-0.00035044682328173697
2021-09-01,lunch,0.0
2021-09-01,closing_auction,0.0007702811907066513
2021-09-06,overnight_open,0.003144986343153764
2021-09-06,lunch,0.00013938253559404276
2021-09-06,closing_auction,0.000623203980977554
2021-09-07,overnight_open,0.00013843704597451113
2021-09-07,lunch,0.0005542085351413219
2021-09-07,closing_auction,0.0003470414749389052
2021-09-08,overnight_open,0.00013878287441612563
2021-09-08,lunch,0.00034805611015808883
2021-09-08,closing_auction,-0.0002794662213396523
2021-09-09,overnight_open,-0.0004892538975802861
2021-09-09,lunch,-0.00020879006235155365
2021-09-09,closing_auction,0.00041502386982916864
2021-09-10,overnight_open,0.0007604300252370095
2021-09-10,lunch,0.0
2021-09-10,closing_auction,-0.0006907985906099328
2021-09-13,overnight_open,-0.001452232197414429
2021-09-13,lunch,0.0001381788035914886
2021-09-13,closing_auction,-0.0003466805373602829
2021-09-14,overnight_open,-0.0006937218453722968
2021-09-14,lunch,-0.00013872511640484794
2021-09-14,closing_auction,0.00027849335277116145
2021-09-15,overnight_open,0.0003480076596807506
2021-09-15,lunch,0.0
2021-09-15,closing_auction,-0.0008286721004556629
2021-09-16,overnight_open,0.0006906077622548132
2021-09-16,closing_auction,-0.001516300517964075
2021-09-17,overnight_open,-0.0041470891617166935
2021-09-17,lunch,0.0004132231463758046
2021-09-17,closing_auction,0.00048062069653944794
2021-09-20,overnight_open,0.0021256907925361187
2021-09-20,lunch,-0.00013673343837533846
2021-09-20,closing_auction,-0.0024762703532632893
2021-09-21,overnight_open,-0.00420995135066077
2021-09-21,lunch,-0.001396648271720976
2021-09-21,closing_auction,0.0013203156777123095
2021-09-22,overnight_open,0.0009023705190106843
2021-09-22,lunch,-0.0003477172398468191
2021-09-22,closing_auction,-0.0009018697062783665
2021-09-23,overnight_open,0.004224821881289667
2021-09-23,lunch,0.00013810247225386126
2021-09-23,closing_auction,0.0006898930939376467
2021-09-24,overnight_open,0.0028235961048198514
2021-09-24,lunch,-0.00013760836680586403
2021-09-24,closing_auction,0.0001379500622962871
2021-09-27,overnight_open,0.0022046168075019264
2021-09-27,lunch,0.0004138787394390792
2021-09-27,closing_auction,-0.0020202730755953403
2021-09-28,overnight_open,-0.002513616740315901
2021-09-28,closing_auction,0.0008254230761676434
2021-09-29,overnight_open,-0.0031678285564371252
2021-09-29,lunch,0.000624978319707607
2021-09-29,closing_auction,0.0006902740662017944
2021-09-30,overnight_open,0.0016547163179930946
2021-09-30,lunch,0.0004814471017031561
2021-09-30,closing_auction,0.00020663291735883803
2021-10-01,overnight_open,-0.006980228072140044
2021-10-04,overnight_open,0.0006937218453723083
2021-10-04,lunch,0.0003473548959861805
2021-10-04,closing_auction,-6.942756971594854e-05
2021-10-05,overnight_open,-0.0013200404876484407
2021-10-05,lunch,0.000276874093275728
2021-10-05,closing_auction,0.0
2021-10-06,overnight_open,0.0018616201467001076
2021-10-06,lunch,0.00013786447943535445
2021-10-06,closing_auction,0.00027552004582612807
2021-10-07,overnight_open,0.0035748697496674462
2021-10-07,lunch,-0.000137258939203898
2021-10-07,closing_auction,0.0005500550193693225
2021-10-08,overnight_open,0.0018542051118134034
2021-10-08,lunch,0.0002051492467959085
2021-10-08,closing_auction,0.0007462940066176206
2021-10-11,overnight_open,0.001016776905086811
2021-10-11,lunch,0.00046934192420120257
2021-10-11,closing_auction,-0.0003303055356207865
2021-10-12,overnight_open,-0.0004626111175256611
2021-10-12,lunch,6.623174489954882e-05
2021-10-12,closing_auction,0.004114412865043622
2021-10-13,overnight_open,0.002579451808863118
2021-10-13,lunch,0.00013200448834420686
2021-10-13,closing_auction,-0.0025912774873150576
2021-10-14,overnight_open,0.002923007462160105
2021-10-14,lunch,0.00013254688865591235
2021-10-14,closing_auction,0.0017280344589851104
2021-10-15,overnight_open,0.002520229480916496
2021-10-15,lunch,0.0005284365008365471
2021-10-15,closing_auction,0.00046537912617332047
2021-10-18,overnight_open,0.0012620812728427533
2021-10-18,lunch,0.0017771931615225753
2021-10-18,closing_auction,-0.0003309614460128832
2021-10-19,overnight_open,0.00026477791906857336
2021-10-19,lunch,0.00019832743925124054
2021-10-19,closing_auction,0.0017889685075975258
2021-10-20,overnight_open,0.001256988025649051
2021-10-20,lunch,0.00032993500579742694
2021-10-20,closing_auction,0.00473192258859496
2021-10-21,overnight_open,0.002788661258761561
2021-10-21,lunch,-0.0011304320118579643
2021-10-21,closing_auction,-0.006760174334259949
2021-10-22,overnight_open,0.004756968536177404
2021-10-22,lunch,0.00020098482632214377
2021-10-22,closing_auction,0.00020109260382144032
2021-10-25,overnight_open,0.0016072867108720599
2021-10-25,lunch,-0.0003355366940851851
2021-10-25,closing_auction,-0.0052635252095587755
2021-10-26,overnight_open,-0.0004060364135095904
2021-10-26,lunch,-0.00027149935685686163
2021-10-26,closing_auction,0.0006718172909718648
2021-10-27,overnight_open,-0.0004702247088960912
2021-10-27,lunch,0.0007934409302795776
2021-10-27,closing_auction,-0.0002625533326537373
2021-10-28,overnight_open,0.0001312852831082828
2021-10-28,lunch,-0.00013071895443440593
2021-10-28,closing_auction,-0.0014347204756602941
2021-10-29,overnight_open,-0.001044727486469002
2021-10-29,lunch,-0.0007836990996724381
2021-10-29,closing_auction,-0.0008472643645633546
2021-11-01,overnight_open,0.0003911342944258682
2021-11-01,lunch,-0.00045870057486561457
2021-11-01,closing_auction,0.000328418013395482
2021-11-02,overnight_open,-0.0005912301042644269
2021-11-02,lunch,0.0003276647363763152
2021-11-02,closing_auction,0.0007219979966420322
2021-11-03,overnight_open,0.0009837033944053181
2021-11-03,lunch,0.0
2021-11-03,closing_auction,0.0
2021-11-04,overnight_open,0.001046230396878496
2021-11-04,lunch,-6.543432032424349e-05
2021-11-04,closing_auction,0.001635537311365534
2021-11-05,overnight_open,0.00013072749871550552
2021-11-05,lunch,0.00013074459062892732
2021-11-05,closing_auction,-0.0018873455864335525
2021-11-08,overnight_open,0.0011718751341105774
2021-11-08,lunch,0.0
2021-11-08,closing_auction,0.0007156100881126217
2021-11-09,overnight_open,0.0005201222404493346
2021-11-09,lunch,6.511052513938375e-05
2021-11-09,closing_auction,-0.0009828010619080888
2021-11-10,overnight_open,-0.00019667617331565272
2021-11-10,lunch,-0.0004601176667760608
2021-11-10,closing_auction,-0.00019614894305912064
2021-11-11,overnight_open,-0.0007195421406112968
2021-11-11,lunch,0.0007243275594067306
2021-11-11,closing_auction,-0.000990916678936025
2021-11-12,overnight_open,0.0011889822392838537
2021-11-12,lunch,-0.0006613319465952938
2021-11-12,closing_auction,0.0021582036433776546
2021-11-15,overnight_open,0.002740085221700882
2021-11-15,lunch,0.0004574714977014828
2021-11-15,closing_auction,-0.00045807022362984976
2021-11-16,overnight_open,0.0
2021-11-16,lunch,-6.578730965169446e-05
2021-11-16,closing_auction,-0.0009222662050288348
2021-11-17,overnight_open,-0.0007252349089919055
2021-11-17,lunch,0.00019746585550425914
2021-11-17,closing_auction,-0.0006575054481071583
2021-11-18,overnight_open,0.0007889546760320998
2021-11-18,lunch,0.0002639218806557066
2021-11-18,closing_auction,-0.0025895569067337885
2021-11-19,overnight_open,0.0017271161460751556
2021-11-19,lunch,0.00013159626285609837
2021-11-19,closing_auction,0.0009988347759006372
2021-11-22,overnight_open,0.0008648505345639155
2021-11-22,lunch,0.0003953611016180721
2021-11-22,closing_auction,0.0015218185356712613
2021-11-23,overnight_open,0.0006609385567768349
2021-11-23,lunch,-0.0010548524184873732
2021-11-23,closing_auction,0.002488540904429992
2021-11-24,overnight_open,0.0025476056500280397
2021-11-24,lunch,-0.00019330519728997172
2021-11-24,closing_auction,-0.0012155722682933737
2021-11-25,overnight_open,0.0009597850818367392
2021-11-25,lunch,0.0001273723094322728
2021-11-25,closing_auction,0.0010857417640117526
2021-11-26,overnight_open,-0.0010218419588844722
2021-11-26,lunch,-0.0014671644898901057
2021-11-26,closing_auction,-0.0019252990159761593
2021-11-29,overnight_open,-0.005862852215445776
2021-11-29,lunch,-0.0009722898189392223
2021-11-29,closing_auction,0.0018704252607105731
2021-11-30,overnight_open,0.0029597242040837178
2021-11-30,lunch,-0.0056540885657373795
2021-11-30,closing_auction,0.0013671432095889644
2021-12-01,overnight_open,-0.0009763401042438087
2021-12-01,lunch,-6.495826433793439e-05
2021-12-01,closing_auction,0.0038041246430161524
2021-12-02,overnight_open,-0.0016101507359173096
2021-12-02,lunch,0.0004519190496230139
2021-12-02,closing_auction,-0.001297858715599952
2021-12-03,overnight_open,0.0029178169509616243
2021-12-03,lunch,0.00038855071075532166
2021-12-03,closing_auction,-0.004232250729424172
2021-12-06,overnight_open,0.0005962436825752551
2021-12-06,lunch,6.651368521524138e-05
2021-12-06,closing_auction,0.0008110300525662442
2021-12-07,overnight_open,0.007403951167960819
2021-12-07,lunch,0.0006000600240059049
2021-12-07,closing_auction,0.0023837913552761975
2021-12-08,overnight_open,0.0023781224049674193
2021-12-08,lunch,0.0006591089086488282
2021-12-08,closing_auction,0.0
2021-12-09,overnight_open,0.0011905550715081783
2021-12-09,lunch,-0.0003960134696333226
2021-12-09,closing_auction,-0.0002610625259573268
2021-12-10,overnight_open,-0.0013063359140554128
2021-12-10,lunch,-0.0005240746926370685
2021-12-10,closing_auction,-0.0003287851418734829
2021-12-13,overnight_open,0.00406931514547744
2021-12-13,lunch,0.00013143195129662459
2021-12-13,closing_auction,0.0025591404760589363
2021-12-14,overnight_open,-0.001245942651098403
2021-12-14,lunch,-0.00019684393620198045
2021-12-14,closing_auction,0.00039520485298986
2021-12-15,overnight_open,-0.0005269745198033254
2021-12-15,lunch,0.00013115614157441729
2021-12-15,closing_auction,-0.002562335096617851
2021-12-16,overnight_open,0.00400486370555904
2021-12-16,lunch,0.0013183917532582322
2021-12-16,closing_auction,0.006644542718668511
2021-12-17,overnight_open,0.002315198652803304
2021-12-17,lunch,-0.00026414845296571655
2021-12-17,closing_auction,-0.0019060770173231617
2021-12-20,overnight_open,-0.0052109217216986395
2021-12-20,lunch,-0.0021183643563206078
2021-12-20,closing_auction,0.001924928409584418
2021-12-21,overnight_open,0.0023182656516114444
2021-12-21,lunch,0.0005274261725641652
2021-12-21,closing_auction,-0.0011893750576132034
2021-12-22,overnight_open,0.0020474892394492165
2021-12-22,lunch,0.00033098335455900805
2021-12-22,closing_auction,0.001459951151879414
2021-12-23,overnight_open,-0.0005969951422707552
2021-12-23,lunch,-0.0008767493395885566
2021-12-23,closing_auction,0.0020852259262614105
2021-12-24,overnight_open,-0.0001343995701236936
2021-12-24,lunch,-0.000335807115550326
2021-12-24,closing_auction,0.0004639909936423992
2021-12-27,overnight_open,0.0027133466896761844
2021-12-27,lunch,0.000397719745399201
2021-12-27,closing_auction,-0.0008571523288784952
2021-12-28,overnight_open,0.0014501353803509373
2021-12-28,lunch,-0.0010511793885622275
2021-12-28,closing_auction,0.0001973619295244189
2021-12-29,overnight_open,0.00184016876322166
2021-12-29,lunch,0.0003283533111097437
2021-12-29,closing_auction,-0.0009212345193208752
2021-12-30,overnight_open,-0.0004609357076308659
2021-12-30,lunch,-0.0003932105693236107
2021-12-31,overnight_open,0.0014411112149529076
2021-12-31,lunch,0.000259976603570076
2022-01-04,overnight_open,0.00486776882004053
2022-01-04,lunch,0.00038555456074570527
2022-01-04,closing_auction,0.00012833675582298718
2022-01-05,overnight_open,-0.0005134458748316098
2022-01-05,lunch,0.0001927463143234133
2022-01-05,closing_auction,-0.0011613653799053946
2022-01-06,overnight_open,-0.0029093280582322524
2022-01-06,lunch,0.00032203008039232567
2022-01-06,closing_auction,-0.0017459346799862884
2022-01-07,overnight_open,0.0014228433392544904
2022-01-07,lunch,0.0
2022-01-07,closing_auction,0.0006497303847567745
2022-01-10,overnight_open,0.00032470695482879233
2022-01-10,lunch,6.521242951211184e-05
2022-01-10,closing_auction,-0.001914760744791999
2022-01-11,overnight_open,0.0011889037067530043
2022-01-11,lunch,0.0003960396091368621
2022-01-11,closing_auction,0.0008649656216448735
2022-01-12,overnight_open,-0.001997204578394576
2022-01-12,lunch,0.0007342389276230085
2022-01-12,closing_auction,0.0018985897221657953
2022-01-13,overnight_open,0.0013072751714674547
2022-01-13,lunch,0.000718414294687777
2022-01-13,closing_auction,-0.001113622335127312
2022-01-14,overnight_open,-0.004993768180487137
2022-01-14,lunch,-0.00013096719290543556
2022-01-14,closing_auction,-0.002037262887127227
2022-01-17,overnight_open,0.001511914831966171
2022-01-17,lunch,-0.0009251305754650098
2022-01-17,closing_auction,-0.0029011928725584937
2022-01-18,overnight_open,-0.002706361597742914
2022-01-18,lunch,-6.732419970909551e-05
2022-01-18,closing_auction,0.0010123166040816327
2022-01-19,overnight_open,-0.00026985090901130777
2022-01-19,lunch,-0.0016790359564292057
2022-01-19,closing_auction,0.000674991588233346
2022-01-20,overnight_open,0.000741964891884509
2022-01-20,lunch,-0.00040458530558621253
2022-01-20,closing_auction,-0.0005358339043143636
2022-01-21,overnight_open,0.0003349298353312216
2022-01-21,lunch,0.0009337068838940459
2022-01-21,closing_auction,0.0006006206593854083
2022-01-24,overnight_open,-0.0028059879447813094
2022-01-24,lunch,-0.00020170101255054625
2022-01-24,closing_auction,0.0
2022-01-25,overnight_open,-0.0002724795657186227
2022-01-25,lunch,0.0006791171738086843
2022-01-25,closing_auction,0.003930848860402782
2022-01-26,overnight_open,0.0037829811167728925
2022-01-26,lunch,-0.0003295870304381567
2022-01-26,closing_auction,-0.0001974788539478572
2022-01-27,overnight_open,-0.0033631209779396657
2022-01-27,lunch,-0.0005969159520631896
2022-01-27,closing_auction,0.000793965901176524
2022-01-28,overnight_open,0.003960401216096914
2022-01-28,lunch,-0.00019663749940464358
2022-01-28,closing_auction,-0.0009158108836590028
2022-02-07,overnight_open,0.009833689350693158
2022-02-07,lunch,0.0003237188853494527
2022-02-07,closing_auction,0.0007831876134566957
2022-02-08,overnight_open,0.0001957010998123507
2022-02-08,lunch,-0.00013030164850019868
2022-02-08,closing_auction,-0.00019535701556610698
2022-02-09,overnight_open,0.003380797706852334
2022-02-09,lunch,0.0005798782418218808
2022-02-09,closing_auction,-0.0025923540117300556
2022-02-10,overnight_open,0.00149142458667012
2022-02-10,lunch,-0.0008456660123433692
2022-02-10,closing_auction,0.005330225828382805
2022-02-11,overnight_open,-0.0026615615049728806
2022-02-11,lunch,-0.0008453910436836023
2022-02-11,closing_auction,0.000648298239886038
2022-02-14,overnight_open,-0.005067907669670655
2022-02-14,lunch,0.0
2022-02-14,closing_auction,-0.004822470122231143
2022-02-15,overnight_open,0.0009266614377694214
2022-02-15,lunch,0.0
2022-02-15,closing_auction,-0.0015756305780740907
2022-02-16,overnight_open,0.004065312791835195
2022-02-16,lunch,0.00032885001447323034
2022-02-16,closing_auction,0.0003945551441991361
2022-02-17,overnight_open,0.0003286770777328768
2022-02-17,lunch,-0.0002624327531135996
2022-02-17,closing_auction,0.0027306433975322056
2022-02-18,overnight_open,-0.009917868063637793
2022-02-18,lunch,6.563187086016234e-05
2022-02-18,closing_auction,-0.0001311389418966698
2022-02-21,overnight_open,-0.0007215717456968708
2022-02-21,lunch,0.0004587306348669568
2022-02-21,closing_auction,-0.00026140373956198067
2022-02-22,overnight_open,-0.00793993475366759
2022-02-22,lunch,-0.00019905118998801472
2022-02-22,closing_auction,0.000461391432896092
2022-02-23,overnight_open,0.005913289241279283
2022-02-23,lunch,0.001174168432355368
2022-02-23,closing_auction,0.0
2022-02-24,overnight_open,-0.006297167414518108
2022-02-24,lunch,-0.0023167311371476047
2022-02-24,closing_auction,0.002114864313466896
2022-02-25,overnight_open,0.007563586322553115
2022-02-25,lunch,-0.00013120776768814167
2022-02-25,closing_auction,-0.0009883051372711644
2022-02-28,overnight_open,-0.0034337064904559757
2022-02-28,lunch,0.0007290320765614683
2022-02-28,closing_auction,-0.0023793798403398997
2022-03-01,overnight_open,0.004357880782512651
2022-03-01,lunch,6.602185325739518e-05
2022-03-01,closing_auction,0.0010562451470515976
2022-03-02,overnight_open,-0.002047489239449097
2022-03-02,lunch,6.657567992863722e-05
2022-03-02,closing_auction,0.003601684677821922
2022-03-03,overnight_open,0.004384515095450439
2022-03-03,lunch,0.0003323915603147742
2022-03-03,closing_auction,0.000461391432896092
2022-03-04,overnight_open,-0.0016488049901837822
2022-03-04,lunch,0.00046239720743297664
2022-03-04,closing_auction,0.0
2022-03-07,overnight_open,-0.011299555253933394
2022-03-07,lunch,0.00033219280775876117
2022-03-07,closing_auction,-0.0001994216777971364
2022-03-08,overnight_open,-0.003663129741352247
2022-03-08,lunch,-0.0006680026968508323
2022-03-08,closing_auction,0.0034953319178476984
2022-03-09,overnight_open,0.0024127080935246598
2022-03-09,lunch,-0.0012738428191638015
2022-03-09,closing_auction,0.00033544665035627056
2022-03-10,overnight_open,0.006818664028358561
2022-03-10,lunch,-6.672672074013535e-05
2022-03-10,closing_auction,-0.00046968833687983886
2022-03-11,overnight_open,-0.002419030879930688
2022-03-11,lunch,0.0015505446865559554
2022-03-11,closing_auction,0.0010845988048041818
2022-03-14,overnight_open,0.0
2022-03-14,lunch,0.0
2022-03-14,closing_auction,-0.0014339857010174822
2022-03-15,overnight_open,-0.0007519568320962933
2022-03-15,lunch,0.00013685507069402712
2022-03-15,closing_auction,0.0005464107778870459
2022-03-16,overnight_open,0.004428554333649247
2022-03-16,lunch,0.0012263252660995295
2022-03-16,closing_auction,0.0004077472023872055
2022-03-17,overnight_open,0.00400068341708978
2022-03-17,lunch,0.00020330024127210468
2022-03-17,closing_auction,0.0008834222993083215
2022-03-18,overnight_open,0.0030519878551227664
2022-03-18,lunch,0.0008098259316925062
2022-03-18,closing_auction,-0.0007439218548881408
2022-03-21,overnight_open,0.0012170386897752171
2022-03-21,lunch,0.00013503477165882537
2022-03-21,closing_auction,0.000267612231475978
2022-03-22,overnight_open,0.0022718170936297994
2022-03-22,lunch,0.00019958088081406
2022-03-22,closing_auction,-0.0003999200213268356
2022-03-23,overnight_open,0.0017983819413793973
2022-03-23,lunch,0.0
2022-03-23,closing_auction,-0.00046743014439942575
2022-03-24,overnight_open,-0.0012029674644586932
2022-03-24,lunch,0.00040120361621403416
2022-03-24,closing_auction,-0.0004684310990062791
2022-03-25,overnight_open,0.0019392162284274375
2022-03-25,lunch,0.00013405724264333604
2022-03-25,closing_auction,0.0005356186523338265
2022-03-28,overnight_open,-0.0033523330087536726
2022-03-28,lunch,-0.0011479894565281344
2022-03-28,closing_auction,0.001821678471588684
2022-03-29,overnight_open,0.0009432691711394587
2022-03-29,lunch,0.0006033587150490016
2022-03-29,closing_auction,0.0006028333348441405
2022-03-30,overnight_open,-0.0026820453250562056
2022-03-30,lunch,-0.0005355469400995582
2022-03-30,closing_auction,0.0
2022-03-31,overnight_open,0.0010063400265605815
2022-03-31,lunch,0.00013346680033151333
2022-03-31,closing_auction,0.0
2022-04-01,overnight_open,-0.0020073609952321195
2022-04-01,lunch,0.00019814405137307672
2022-04-01,closing_auction,-0.0014415833700258736
2022-04-04,overnight_open,0.003665405334308677
2022-04-04,lunch,-0.0003266586119922939
2022-04-04,closing_auction,-0.0007194480182132464
2022-04-05,overnight_open,-0.002095887589336263
2022-04-05,lunch,0.00019581606407012827
2022-04-05,closing_auction,-0.0003277506502414225
2022-04-06,overnight_open,-0.003941409556166701
2022-04-06,lunch,0.0001951156066156158
2022-04-06,closing_auction,-0.0013624422258692779
2022-04-07,overnight_open,0.0017513707327489454
2022-04-07,lunch,0.0001951663799578484
2022-04-07,closing_auction,-0.0004574714977015964
2022-04-08,overnight_open,-0.0003268935336880351
2022-04-08,lunch,-0.00032700042801433077
2022-04-08,closing_auction,-0.001377094548587213
2022-04-12,overnight_open,0.0007215717456968942
2022-04-12,lunch,0.0
2022-04-12,closing_auction,0.0
2022-04-13,overnight_open,0.0017871922678553134
2022-04-13,lunch,0.0005273914025596938
2022-04-13,closing_auction,0.00026324448983880666
2022-04-14,overnight_open,0.00203779856878267
2022-04-14,lunch,0.000394503259768501
2022-04-14,closing_auction,0.0004629170469202471
2022-04-15,overnight_open,-0.0006613756854838094
2022-04-15,lunch,0.0002641484529655823
2022-04-15,closing_auction,-0.002809930262592811
2022-04-18,overnight_open,0.000535833904314317
2022-04-18,lunch,-0.0009458821055203853
2022-04-18,closing_auction,-0.0036590364716393427
2022-04-19,overnight_open,0.0026439797104872045
2022-04-19,lunch,0.0
2022-04-19,closing_auction,0.0008255934421467229
2022-04-20,overnight_open,0.00048128159339393145
2022-04-20,lunch,-0.00020627771929980908
2022-04-20,closing_auction,0.0006946856826784135
2022-04-21,overnight_open,0.0020118637331638443
2022-04-21,lunch,0.0004848820792537778
2022-04-21,closing_auction,0.001603737749162742
2022-04-22,overnight_open,0.004449086240523584
2022-04-22,lunch,0.0006206682727438068
2022-04-22,closing_auction,0.0006922810937609341
2022-04-25,overnight_open,-0.002078282701638182
2022-04-25,lunch,-0.0019845495208508776
2022-04-25,closing_auction,0.0023677406548169486
2022-04-26,overnight_open,-0.0015531973093995486
2022-04-26,lunch,-0.00029086678506413775
2022-04-26,closing_auction,-7.188814208183333e-05
2022-04-27,overnight_open,-0.007142629839559968
2022-04-27,lunch,-0.0007334067068747942
2022-04-27,closing_auction,0.0012141557753393747
2022-04-28,overnight_open,-7.138013493868905e-05
2022-04-28,lunch,0.002012362329241753
2022-04-28,closing_auction,0.00028739761657810276
2022-04-29,overnight_open,0.0021528533611010927
2022-04-29,lunch,0.00014142271272335268
2022-04-29,closing_auction,-0.0007094714735336907
2022-05-04,overnight_open,-0.0007099751806925384
2022-05-04,lunch,0.0004998393477626192
2022-05-04,closing_auction,-0.001517286516294696
2022-05-05,overnight_open,0.00634282074599137
2022-05-05,lunch,-0.0007240081405172086
2022-05-05,closing_auction,0.002141328441343078
2022-05-06,overnight_open,-0.014796994587412364
2022-05-06,lunch,0.0012977651424868773
2022-05-06,closing_auction,0.00022028857892808515
2022-05-09,overnight_open,-0.005891033237237419
2022-05-09,lunch,-0.0044362642777650545
2022-05-09,closing_auction,0.0018364072801884633
2022-05-10,overnight_open,-0.007288941619794965
2022-05-10,lunch,0.002955331215506989
2022-05-10,closing_auction,-0.0007487832622411232
2022-05-11,overnight_open,-0.00014982395713099725
2022-05-11,lunch,0.0008328601655005911
2022-05-11,closing_auction,-0.0046265286613879145
2022-05-12,overnight_open,-0.003371421061943525
2022-05-12,lunch,-0.0058897940560635985
2022-05-12,closing_auction,-0.00023619257677807187
2022-05-13,overnight_open,0.002359419104769514
2022-05-13,lunch,0.002599552450557284
2022-05-13,closing_auction,-0.0016313217320840852
2022-05-16,overnight_open,0.01337948196939388
2022-05-16,lunch,0.0008009611962048091
2022-05-16,closing_auction,-0.0033771293576940354
2022-05-17,overnight_open,0.005676925032531109
2022-05-17,lunch,0.002114509571201512
2022-05-17,closing_auction,0.002266599899610416
2022-05-18,overnight_open,0.0005463414770043374
2022-05-18,lunch,0.0025391465186762377
2022-05-18,closing_auction,0.000780944983071351
2022-05-19,overnight_open,-0.02050545033085001
2022-05-19,lunch,-0.002114579634315346
2022-05-19,closing_auction,-0.000623344262041328
2022-05-20,overnight_open,0.0
2022-05-20,lunch,-0.00046504418757810085
2022-05-20,closing_auction,0.006916091698373088
2022-05-23,overnight_open,0.007568405026254566
2022-05-23,lunch,0.0012651223320981548
2022-05-23,closing_auction,0.002476929874892573
2022-05-24,overnight_open,-0.00039909007992683344
2022-05-24,lunch,-0.004266420313701252
2022-05-24,closing_auction,0.0015797791595184333
2022-05-25,overnight_open,0.006686357260727009
2022-05-25,lunch,0.0014003425347314908
2022-05-25,closing_auction,-0.000538606560937487
2022-05-26,overnight_open,0.002152687845992008
2022-05-26,lunch,-0.002695938470908997
2022-05-26,closing_auction,7.687281396722292e-05
2022-05-27,overnight_open,0.004678102016708582
2022-05-27,lunch,0.0008353902137625972
2022-05-27,closing_auction,0.001059161848146154
2022-05-30,overnight_open,0.004451325770137153
2022-05-30,lunch,0.001358901009355123
2022-05-30,closing_auction,7.544038327296612e-05
2022-05-31,overnight_open,0.0005279233879540639
2022-05-31,lunch,0.0003024574692244508
2022-05-31,closing_auction,0.001288220539610879
2022-06-01,overnight_open,-0.0018950166747343322
2022-06-01,lunch,-0.002194227793694819
2022-06-01,closing_auction,-0.00022621875449931365
2022-06-02,overnight_open,-0.004156439008620894
2022-06-02,lunch,0.0004532406785551626
2022-06-02,closing_auction,-0.001519757131416077
2022-06-03,overnight_open,0.0023546401065550095
2022-06-03,lunch,-0.0008408179360259112
2022-06-03,closing_auction,0.0
2022-06-06,overnight_open,0.00090971122944234
2022-06-06,lunch,0.0006777874266330248
2022-06-06,closing_auction,-0.003340422176905615
2022-06-07,overnight_open,-0.00022816290930626802
2022-06-07,lunch,-0.0005383166200669929
2022-06-07,closing_auction,0.00457317870196492
2022-06-08,overnight_open,0.0037950709685515343
2022-06-08,lunch,0.0015732107975606707
2022-06-08,closing_auction,0.0031557618796235233
2022-06-09,overnight_open,0.0001500262548760838
2022-06-09,lunch,-0.0006769717058722204
2022-06-09,closing_auction,-0.0013471039307014817
2022-06-10,overnight_open,-0.004879706390833257
2022-06-10,lunch,-0.0008282197514427069
2022-06-10,closing_auction,-0.005628247287985334
2022-06-13,overnight_open,-0.021899248199551025
2022-06-13,lunch,-0.0011012350676346083
2022-06-13,closing_auction,-0.0018234436415597735
2022-06-14,overnight_open,-0.005490365890478673
2022-06-14,lunch,0.0013447773256288708
2022-06-14,closing_auction,0.003791773245135035
2022-06-15,overnight_open,-0.0003154325394814949
2022-06-15,lunch,0.0022280585329224624
2022-06-15,closing_auction,-0.0003196164629686703
2022-06-16,overnight_open,0.009702636957239802
2022-06-16,lunch,-0.0018870897249737306
2022-06-16,closing_auction,0.0007000894844693342
2022-06-17,overnight_open,-0.029994355868191717
2022-06-17,lunch,-0.00139087770428285
2022-06-17,closing_auction,0.0063645733475231675
2022-06-20,overnight_open,-0.002331659347821949
2022-06-20,lunch,-0.0008157272660501923
2022-06-20,closing_auction,-0.009034969057912545
2022-06-21,overnight_open,0.003952574315823342
2022-06-21,lunch,0.0018567109269402161
2022-06-21,closing_auction,0.0024459857282604423
2022-06-22,overnight_open,0.00584607056342391
2022-06-22,lunch,-0.0026067137601728943
2022-06-22,closing_auction,-0.00524935588614379
2022-06-23,overnight_open,0.005249355886143745
2022-06-23,lunch,0.0014746848486024485
2022-06-23,closing_auction,-0.0014649632309900445
2022-06-24,overnight_open,0.005927988450572679
2022-06-24,lunch,0.0008894999171373153
2022-06-24,closing_auction,0.00040758101236740464
2022-06-27,overnight_open,0.007469992514261475
2022-06-27,lunch,-0.00024212098096570327
2022-06-27,closing_auction,0.002326608615000717
2022-06-28,overnight_open,-0.0008818696206267154
2022-06-28,lunch,0.0008805988640943452
2022-06-28,closing_auction,-0.0015056066872048766
2022-06-29,overnight_open,-0.0047694843990352806
2022-06-29,lunch,-0.0006366892375846343
2022-06-29,closing_auction,0.0014290253305152968
2022-06-30,overnight_open,0.0009515503057209976
2022-06-30,lunch,-0.0015862947488804577
2022-06-30,closing_auction,-0.004746398838671831
2022-07-01,overnight_open,-8.064190964404257e-05
2022-07-01,lunch,-0.0005704274285792063
2022-07-01,closing_auction,0.0024183808642816527
2022-07-04,overnight_open,0.004418565132249676
2022-07-04,lunch,0.0008839246828889667
2022-07-04,closing_auction,0.0
2022-07-05,overnight_open,0.004258231638239287
2022-07-05,lunch,0.0004820051507201762
2022-07-05,closing_auction,-8.097493830076495e-05
2022-07-06,overnight_open,-0.0017019901178708138
2022-07-06,lunch,-0.0019555127228925943
2022-07-06,closing_auction,0.0032894766503987053
2022-07-07,overnight_open,-0.00106789347643896
2022-07-07,lunch,0.00016350555955335955
2022-07-07,closing_auction,0.0009800719503871447
2022-07-08,overnight_open,0.004398475772552177
2022-07-08,lunch,-0.00040675209021245954
2022-07-08,closing_auction,0.0
2022-07-11,overnight_open,-0.00294310218979295
2022-07-11,lunch,-0.0005754922672910919
2022-07-11,closing_auction,0.0014168440091580253
2022-07-12,overnight_open,0.00207995415890305
2022-07-12,lunch,-8.28878113947294e-05
2022-07-12,closing_auction,-0.0016467685895219433
2022-07-13,overnight_open,0.0013176317479099949
2022-07-13,lunch,0.0009870857098247322
2022-07-13,closing_auction,-0.0010738034319697086
2022-07-14,overnight_open,-0.0029796413370950336
2022-07-14,lunch,-0.000826924714284027
2022-07-14,closing_auction,-0.001068771425778884
2022-07-15,overnight_open,0.0023826162526455357
2022-07-15,lunch,-0.00073967539842534
2022-07-15,closing_auction,-0.0018988653796414075
2022-07-18,overnight_open,0.006425063289058104
2022-07-18,lunch,0.0006564910788873421
2022-07-18,closing_auction,0.0009878170049211984
2022-07-19,overnight_open,-0.001646904193057331
2022-07-19,lunch,0.0004131036535801188
2022-07-19,closing_auction,0.000164894055943054
2022-07-20,overnight_open,0.008455495108820535
2022-07-20,lunch,0.0004067520902123965
2022-07-20,closing_auction,8.156274218450234e-05
2022-07-21,overnight_open,-0.0006526882829404331
2022-07-21,lunch,0.00048575130488807424
2022-07-21,closing_auction,0.0018654452061950158
2022-07-22,overnight_open,-0.0030026397077582206
2022-07-22,lunch,0.00016283992871036563
2022-07-22,closing_auction,0.0011429505693572998
2022-07-25,overnight_open,-0.002696190203109716
2022-07-25,lunch,-0.0004096513923987579
2022-07-25,closing_auction,0.0013102941846828927
2022-07-26,overnight_open,0.0008998323646955967
2022-07-26,lunch,0.0
2022-07-26,closing_auction,-0.0005741234523087875
2022-07-27,overnight_open,-0.0026287701000425124
2022-07-27,lunch,0.0003287851418733186
2022-07-27,closing_auction,0.002701929837979838
2022-07-28,overnight_open,0.004812603603379263
2022-07-28,lunch,0.0006469351673149353
2022-07-28,closing_auction,-0.0004058935802772282
2022-07-29,overnight_open,0.0037280211748276643
2022-07-29,lunch,0.0
2022-07-29,closing_auction,0.0
2022-08-01,overnight_open,0.0012992287657864737
2022-08-01,lunch,0.0
2022-08-01,closing_auction,0.00016073294256264425
2022-08-02,overnight_open,0.0004820438753260544
2022-08-02,lunch,-0.0004029171253992951
2022-08-02,closing_auction,-8.026004258082276e-05
2022-08-03,overnight_open,-0.000802954917077331
2022-08-03,lunch,0.000561189736939262
2022-08-03,closing_auction,-0.0007197409243489514
2022-08-04,overnight_open,0.004788516731797094
2022-08-04,lunch,-0.0007176747646659567
2022-08-04,closing_auction,0.0003976933836469129
2022-08-05,overnight_open,0.0003975352864915897
2022-08-05,lunch,0.00023857807580648813
2022-08-05,closing_auction,0.002930347006405287
2022-08-08,overnight_open,-0.0009494422740280766
2022-08-08,lunch,7.916716150292527e-05
2022-08-08,closing_auction,-0.0007895776170175851
2022-08-09,overnight_open,-0.000869256050625345
2022-08-09,lunch,0.0
2022-08-09,closing_auction,0.0005501630979340499
2022-08-10,overnight_open,-0.0014153171099766779
2022-08-10,lunch,-0.0007082431930912562
2022-08-10,closing_auction,7.870607221400034e-05
2022-08-11,lunch,0.0003113082755313452
2022-08-11,closing_auction,-0.001654781513102504
2022-08-12,overnight_open,-0.00031550718040557267
2022-08-12,lunch,0.000157405950269934
2022-08-12,closing_auction,0.0032863879343663534
2022-08-15,overnight_open,0.003976148379639417
2022-08-15,lunch,7.733652994840996e-05
2022-08-15,closing_auction,-0.0006185248380275425
2022-08-16,overnight_open,0.002471807221758241
2022-08-16,lunch,7.731859129394155e-05
2022-08-16,closing_auction,0.0007713669003270001
2022-08-17,overnight_open,0.002002773739849171
2022-08-17,lunch,0.0
2022-08-17,closing_auction,-0.0015267178537999079
2022-08-18,overnight_open,-0.0015290522856779563
2022-08-18,lunch,-0.00030581039993684894
2022-08-18,closing_auction,-0.0005363368323795116
2022-08-19,overnight_open,-0.010090592068834238
2022-08-19,lunch,0.0002324410191382426
2022-08-19,closing_auction,0.0025011737284912875
2022-08-22,overnight_open,-0.004459577863880182
2022-08-22,lunch,-0.00023537719303672226
2022-08-22,closing_auction,-0.0029068645994215336
2022-08-23,overnight_open,-0.004731870027833477
2022-08-23,lunch,-0.0007890169258947113
2022-08-23,closing_auction,0.0038261866847910234
2022-08-24,overnight_open,-0.0008576664203572642
2022-08-24,lunch,0.0007015082714905253
2022-08-24,closing_auction,-0.0017880052961877638
2022-08-25,overnight_open,0.0015549684364701275
2022-08-25,lunch,0.0003095256544097369
2022-08-25,closing_auction,0.0006141563220833992
2022-08-26,overnight_open,0.0019168110143384838
2022-08-26,lunch,-0.0007717240697869201
2022-08-26,closing_auction,-7.733652994842212e-05
2022-08-29,overnight_open,-0.017554576011638724
2022-08-29,lunch,-0.0004741583777788824
2022-08-29,closing_auction,0.0009335616050675845
2022-08-30,overnight_open,0.0020197319069773447
2022-08-30,lunch,7.745033501152111e-05
2022-08-30,closing_auction,-0.0020957045742188815
2022-08-31,overnight_open,-0.0034246608813642146
2022-08-31,lunch,0.0
2022-08-31,closing_auction,-0.0003090951264852269
2022-09-05,overnight_open,0.000849781811731
2022-09-05,lunch,0.0
2022-09-05,closing_auction,-0.0017868939999143272
2022-09-06,overnight_open,0.0006995997020545399
2022-09-06,lunch,0.0
2022-09-06,closing_auction,-0.001162115180177374
2022-09-07,overnight_open,-0.004739897758679774
2022-09-07,lunch,0.0003117692932502761
2022-09-07,closing_auction,-0.0015008494463870875
2022-09-08,overnight_open,0.003550999983112496
2022-09-08,lunch,-0.0003148862499450368
2022-09-08,closing_auction,-0.00039546012300093234
2022-09-09,overnight_open,0.004026374207528623
2022-09-09,lunch,0.0
2022-09-09,closing_auction,0.0022771004303613488
2022-09-12,overnight_open,0.004929008923003975
2022-09-12,lunch,-0.0002344391055163947
2022-09-12,closing_auction,-0.00133056803569706
2022-09-13,overnight_open,0.0011741224784317227
2022-09-13,lunch,-0.00015665387358743143
2022-09-13,closing_auction,-0.004471121697210116
2022-09-14,overnight_open,-0.0174469136037207
2022-09-14,lunch,-0.0004791184312685785
2022-09-14,closing_auction,-0.000793965901176512
2022-09-15,overnight_open,0.0012700430346625376
2022-09-15,lunch,-0.00023799135410414253
2022-09-15,closing_auction,-0.00015844094147070414
2022-09-16,overnight_open,-0.006517787957273155
2022-09-16,lunch,-0.00039979211342880053
2022-09-16,closing_auction,0.0028334364230764666
2022-09-19,overnight_open,0.0008080808520535348
2022-09-19,lunch,-0.002032273186558224
2022-09-19,closing_auction,-0.00049027619874032
2022-09-20,overnight_open,0.003589789283740809
2022-09-20,lunch,0.00016334531235274283
2022-09-20,closing_auction,-0.0008108985199451636
2022-09-21,overnight_open,-0.003982935564077905
2022-09-21,lunch,-0.0004940304752599511
2022-09-21,closing_auction,0.0014769839396260624
2022-09-22,overnight_open,-0.009474058588581557
2022-09-22,lunch,0.000662800355664592
2022-09-22,closing_auction,0.00392606426107532
2022-09-23,overnight_open,-0.002206514195610279
2022-09-23,lunch,0.0001650028879249697
2022-09-23,closing_auction,0.0
2022-09-26,overnight_open,-0.00954958471634777
2022-09-26,lunch,-0.0005052631686437684
2022-09-26,closing_auction,0.0019313941428146114
2022-09-27,overnight_open,-0.0013431835464676259
2022-09-27,lunch,0.00016813787345183655
2022-09-27,closing_auction,0.0
2022-09-28,overnight_open,-0.010263460041772159
2022-09-28,lunch,0.0007704490386673437
2022-09-28,closing_auction,-0.0029142045137849973
2022-09-29,overnight_open,0.009312724829569328
2022-09-29,lunch,-0.00017085255466132982
2022-09-29,closing_auction,-0.005992462241530129
2022-09-30,overnight_open,-0.003752677092340589
2022-09-30,lunch,0.0
2022-09-30,closing_auction,-0.010208584201136382
2022-10-03,overnight_open,-0.0036588593828183517
2022-10-03,lunch,0.0027665003588952476
2022-10-03,closing_auction,-0.001812251311503999
2022-10-04,overnight_open,0.010645116310012942
2022-10-04,lunch,0.0008970219474830368
2022-10-04,closing_auction,0.0005446128844786649
2022-10-05,overnight_open,0.011638004060666054
2022-10-05,lunch,0.0026654835861398807
2022-10-05,closing_auction,-0.006079046076382115
2022-10-06,overnight_open,0.0034910298177219723
2022-10-06,lunch,-0.0018216600355899692
2022-10-06,closing_auction,-0.0024045142446120424
2022-10-07,overnight_open,-0.017749181504282254
2022-10-07,lunch,-0.003178734073781031
2022-10-07,closing_auction,0.0021336444909454163
2022-10-10,overnight_open,-0.02253450894772408
2022-10-10,lunch,-0.0022203996186223743
2022-10-10,closing_auction,-0.007622208739308768
2022-10-11,overnight_open,-0.006022944183519135
2022-10-11,lunch,-0.0020218365156730307
2022-10-11,closing_auction,0.003037977020076801
2022-10-12,overnight_open,0.0060484055358806564
2022-10-12,lunch,-0.0013550137574596468
2022-10-12,closing_auction,0.004693467108096254
2022-10-13,overnight_open,0.0020464851463409643
2022-10-13,lunch,-0.001572172869768745
2022-10-13,closing_auction,0.011999369831638263
2022-10-14,overnight_open,0.0206585480004416
2022-10-14,lunch,-0.001423758011851216
2022-10-14,closing_auction,-0.0041896842851502514
2022-10-17,overnight_open,-0.011516442061559067
2022-10-17,lunch,9.814024248519611e-05
2022-10-17,closing_auction,0.010627703075082897
2022-10-18,overnight_open,0.00900693455678463
2022-10-18,lunch,-0.0007552157443815663
2022-10-18,closing_auction,0.00654371911577793
2022-10-19,overnight_open,-0.0010403367846134749
2022-10-19,lunch,-0.0016212868936922326
2022-10-19,closing_auction,-0.002371355154399752
2022-10-20,overnight_open,-0.010309369658861213
2022-10-20,lunch,-0.0005712109827820044
2022-10-20,closing_auction,-0.00018901805178672448
2022-10-21,overnight_open,-0.021495931582605876
2022-10-21,lunch,-0.002300346066131546
2022-10-21,closing_auction,-0.0030410565757789344
2022-10-24,overnight_open,0.004052690450623289
2022-10-24,lunch,-0.00540317191484083
2022-10-24,closing_auction,-0.008456710018223509
2022-10-25,overnight_open,0.003073827212217117
2022-10-25,lunch,-0.0008179959556316983
2022-10-25,closing_auction,0.006367786014135668
2022-10-26,overnight_open,0.001975155275945713
2022-10-26,lunch,0.0006238952058461776
2022-10-26,closing_auction,0.0009306654929532579
2022-10-27,overnight_open,0.007516896847114234
2022-10-27,lunch,0.0010079629923050568
2022-10-27,closing_auction,0.00048792389355408
2022-10-28,overnight_open,0.0011700469353558708
2022-10-28,lunch,-0.0036369037974595276
2022-10-28,closing_auction,-0.0051050572289016586
2022-10-31,overnight_open,0.005888142625222532
2022-10-31,lunch,-0.0005072280098605403
2022-10-31,closing_auction,0.00882791412356531
2022-11-01,overnight_open,0.004579342537531304
2022-11-01,lunch,0.001850139288161595
2022-11-01,closing_auction,-0.005290499260523384
2022-11-02,overnight_open,-0.00029473891258210234
2022-11-02,lunch,0.0010786958633603697
2022-11-02,closing_auction,0.0002938727552127169
2022-11-03,overnight_open,-0.010832208329360427
2022-11-03,lunch,0.0005897965372977327
2022-11-03,closing_auction,-0.007562977635351769
2022-11-04,overnight_open,-0.005810475173420204
2022-11-04,lunch,0.001242750781320336
2022-11-04,closing_auction,-0.0017331910338581244
2022-11-07,overnight_open,-0.0014295928095944335
2022-11-07,lunch,-0.0009298962286026149
2022-11-07,closing_auction,-0.008907577891112647
2022-11-08,overnight_open,-0.006865619785981589
2022-11-08,lunch,0.0011476864945922792
2022-11-08,closing_auction,0.0018533777957695234
2022-11-09,overnight_open,0.004618471800536554
2022-11-09,lunch,0.000920480760466828
2022-11-09,closing_auction,-0.004058489362800064
2022-11-10,overnight_open,-0.009323832670734394
2022-11-10,lunch,-0.001060220625182716
2022-11-10,closing_auction,-0.0002190820471025909
2022-11-11,overnight_open,0.024884979884250057
2022-11-11,lunch,0.002626741725718264
2022-11-11,closing_auction,-0.0010655302020382848
2022-11-14,overnight_open,-0.006846410996038671
2022-11-14,lunch,0.0
2022-11-14,closing_auction,-0.0032137146030957833
2022-11-15,overnight_open,-0.007539077173165975
2022-11-15,lunch,-0.0007763545002596338
2022-11-15,closing_auction,-0.0011166947000750686
2022-11-16,overnight_open,-0.02488816243525314
2022-11-16,lunch,0.006789916693474104
2022-11-16,closing_auction,0.010708763754112057
2022-11-17,overnight_open,-0.0037664827954768934
2022-11-17,lunch,-0.000626435602026649
2022-11-17,closing_auction,-0.0005140066934037328
2022-11-18,overnight_open,-0.013979000609163097
2022-11-18,lunch,-0.002446419344911628
2022-11-18,closing_auction,0.0020790028278331553
2022-11-21,overnight_open,0.005798318171003175
2022-11-21,lunch,0.0007397622530227967
2022-11-21,closing_auction,-0.005103136739099768
2022-11-22,overnight_open,-0.00705960788417176
2022-11-22,lunch,-0.0017850584883829376
2022-11-22,closing_auction,-0.0064585800394118195
2022-11-23,overnight_open,0.00549244824830484
2022-11-23,lunch,-0.00106723596042267
2022-11-23,closing_auction,0.007385718378384881
2022-11-24,overnight_open,-0.00184132193914548
2022-11-24,lunch,-0.00043294729543033155
2022-11-24,closing_auction,0.0009590282582771238
2022-11-25,overnight_open,0.009012413225149615
2022-11-25,lunch,0.0004211856437962224
2022-11-25,closing_auction,0.0024798524797825334
2022-11-28,overnight_open,0.007812539736793625
2022-11-28,lunch,0.008605216198638146
2022-11-28,closing_auction,-0.0023119073472805634
2022-11-29,overnight_open,0.0013073869212750582
2022-11-29,lunch,-0.0012145750480964796
2022-11-29,closing_auction,0.008902135940593251
2022-11-30,overnight_open,0.0029498546464211185
2022-11-30,lunch,-0.000984542759453654
2022-11-30,closing_auction,-0.0009723843628883016
2022-12-01,overnight_open,0.010933300337513507
2022-12-01,lunch,-0.00028469751081993755
2022-12-01,closing_auction,-0.008419268777183119
2022-12-02,overnight_open,-0.0014587894636599842
2022-12-02,lunch,0.0005787595415724017
2022-12-02,closing_auction,0.001818182319058505
2022-12-05,overnight_open,0.005886365196610772
2022-12-05,lunch,-0.0011847802707387802
2022-12-05,closing_auction,0.0069990741565462465
2022-12-06,overnight_open,-0.0018132371241808313
2022-12-06,lunch,0.0008315240466183481
2022-12-06,closing_auction,-0.005624687120360332
2022-12-07,overnight_open,-0.0014350636282477207
2022-12-07,lunch,0.0010460749372907952
2022-12-07,closing_auction,0.011554198722085757
2022-12-08,overnight_open,-9.49442203418524e-05
2022-12-08,lunch,0.0025799332471016976
2022-12-08,closing_auction,-0.009058374828490015
2022-12-09,overnight_open,0.002083136819967352
2022-12-09,lunch,0.0035560583983001914
2022-12-09,closing_auction,-0.0009341429917969075
2022-12-12,overnight_open,0.0014008874576797571
2022-12-12,lunch,0.0009365050319224343
2022-12-12,closing_auction,-0.0038565416097536467
2022-12-13,overnight_open,0.0038565416097536376
2022-12-13,lunch,0.00315835071366578
2022-12-13,closing_auction,0.0003781433208228552
2022-12-14,overnight_open,0.011278315037707274
2022-12-14,lunch,0.0003795786722364791
2022-12-14,closing_auction,0.0067231918413780825
2022-12-15,overnight_open,-0.001227631298235799
2022-12-15,lunch,-0.0002805967375656307
2022-12-15,closing_auction,0.0
2022-12-16,overnight_open,-0.007633984578882257
2022-12-16,lunch,0.0011240166039166869
2022-12-16,closing_auction,0.0
2022-12-19,overnight_open,-0.004822932418349674
2022-12-19,lunch,-0.00018620240254907153
2022-12-19,closing_auction,-0.004011083593807298
2022-12-20,overnight_open,-0.004123321755097565
2022-12-20,lunch,0.0019665689720408473
2022-12-20,closing_auction,0.0
2022-12-21,overnight_open,0.005437962516990483
2022-12-21,lunch,9.696969704561875e-05
2022-12-21,closing_auction,0.008716762214416881
2022-12-22,overnight_open,0.007589257810538007
2022-12-22,lunch,-0.0024242436115063915
2022-12-22,closing_auction,-0.0017331026868348527
2022-12-23,overnight_open,-0.004733165078800101
2022-12-23,lunch,-0.00019615535567018186
2022-12-23,closing_auction,-0.008851318130709994
2022-12-26,overnight_open,-0.005037794029957181
2022-12-26,lunch,-0.0013835361432157694
2022-12-26,closing_auction,-0.007272759329079809
2022-12-27,overnight_open,0.006366551745541688
2022-12-27,lunch,0.00010040664700431604
2022-12-27,closing_auction,-0.008950830520084557
2022-12-28,overnight_open,-0.0031017084249537804
2022-12-28,lunch,-0.0004983306028277618
2022-12-28,closing_auction,-0.0009915717222950518
2022-12-29,overnight_open,-0.003976148379639406
2022-12-29,lunch,-0.0001990247792418904
2022-12-29,closing_auction,-0.009122413019110664
2022-12-30,overnight_open,0.003217376594010378
2022-12-30,lunch,0.00019868865553153049
2022-12-30,closing_auction,0.006491907943525164
2023-01-03,overnight_open,-0.003490404939768491
2023-01-03,lunch,0.0011815676837437577
2023-01-03,closing_auction,0.007681266763834963
2023-01-04,overnight_open,0.00019127773585485505
2023-01-04,lunch,-0.00028698522223080523
2023-01-04,closing_auction,-0.0006711087927449548
2023-01-05,overnight_open,0.0020119767266190782
2023-01-05,lunch,0.0
2023-01-05,closing_auction,-0.0011380881349815442
2023-01-06,overnight_open,-0.0017095644775301907
2023-01-06,lunch,-0.000470256298343952
2023-01-06,closing_auction,0.00028548318222144004
2023-01-09,overnight_open,0.007205188546935909
2023-01-09,lunch,0.0
2023-01-09,closing_auction,0.0010445848725347975
2023-01-10,overnight_open,-0.0007595898580184558
2023-01-10,lunch,0.0004759864909705624
2023-01-10,closing_auction,0.0008521517345662729
2023-01-11,overnight_open,0.004720998287782338
2023-01-11,lunch,0.00046739893349154784
2023-01-11,closing_auction,-0.00037632891590988574
2023-01-12,overnight_open,0.003569419532755739
2023-01-12,lunch,0.000281888655848532
2023-01-12,closing_auction,0.0028203459514783234
2023-01-13,overnight_open,0.0052434577064201775
2023-01-13,lunch,-0.0002801251243864373
2023-01-13,closing_auction,0.0026224609953204195
2023-01-16,overnight_open,0.0032684345293706733
2023-01-16,lunch,0.0006545420776955347
2023-01-16,closing_auction,0.001209808904714329
2023-01-17,overnight_open,0.005842275624228361
2023-01-17,lunch,9.205983896010794e-05
2023-01-17,closing_auction,9.03383170585949e-05
2023-01-18,overnight_open,-0.0023514526526374
2023-01-18,lunch,-0.0002690221062720737
2023-01-18,closing_auction,-0.00044740728230557625
2023-01-19,overnight_open,-0.00215034577976632
2023-01-19,lunch,-0.0004480889083353808
2023-01-19,closing_auction,0.0
2023-01-27,overnight_open,0.013820205790861186
2023-01-27,lunch,-8.760786724238548e-05
2023-01-27,closing_auction,0.0017761994012558946
2023-01-30,overnight_open,-0.0020429016298001822
2023-01-30,lunch,0.0
2023-01-30,closing_auction,-0.0029690966073792524
2023-01-31,overnight_open,-0.0002703555191521848
2023-01-31,lunch,-0.0018198367169859828
2023-01-31,closing_auction,-0.000888494061115167
2023-02-01,overnight_open,0.004523088727584514
2023-02-01,lunch,-8.986744557822036e-05
2023-02-01,closing_auction,0.003220614700042157
2023-02-02,overnight_open,0.002294105158468792
2023-02-02,lunch,-0.00045672528768358166
2023-02-02,closing_auction,-0.002111739296448042
2023-02-03,overnight_open,0.004310549160811816
2023-02-03,lunch,0.0003674106774131756
2023-02-03,closing_auction,-0.0017546294384859313
2023-02-06,overnight_open,-0.00361128222458529
2023-02-06,lunch,-0.0007375311480256301
2023-02-06,closing_auction,-0.001099706855696027
2023-02-07,overnight_open,-0.0008255745091205936
2023-02-07,lunch,0.0004621285723910615
2023-02-07,closing_auction,0.003096704018329523
2023-02-08,overnight_open,0.003087144039361611
2023-02-08,lunch,0.00046739893349154784
2023-02-08,closing_auction,-0.0017708192334235544
2023-02-09,overnight_open,-0.002521833868136399
2023-02-09,lunch,0.001781612361172824
2023-02-09,closing_auction,-0.003777152743745549
2023-02-10,overnight_open,-0.0009465216040308245
2023-02-10,lunch,-0.00037878788331697507
2023-02-10,closing_auction,-0.0005739979111006921
2023-02-13,overnight_open,-0.0025870756536348597
2023-02-13,lunch,0.0001926967921946631
2023-02-13,closing_auction,0.005406462290580032
2023-02-14,overnight_open,0.0017316021642781155
2023-02-14,lunch,-0.0005790946981639099
2023-02-14,closing_auction,-9.699791462080423e-05
2023-02-15,overnight_open,0.0
2023-02-15,lunch,0.0022000104526045537
2023-02-15,closing_auction,-0.0004820438753259825
2023-02-16,overnight_open,0.004714040188610717
2023-02-16,lunch,0.00028715003786701623
2023-02-16,closing_auction,-0.0004750368242862974
2023-02-17,overnight_open,-0.0012361528698153629
2023-02-17,lunch,-0.0006699526498370339
2023-02-17,closing_auction,0.0026727774597863564
2023-02-20,overnight_open,0.0018096104752537148
2023-02-20,lunch,-0.00028172982296494433
2023-02-20,closing_auction,-0.0010105186657527402
2023-02-21,overnight_open,0.001010518665752786
2023-02-21,lunch,0.0
2023-02-21,closing_auction,-0.0008360039500420574
2023-02-22,overnight_open,-0.010556406125444688
2023-02-22,lunch,-0.0012255481147427495
2023-02-22,closing_auction,-0.008775332924662661
2023-02-23,overnight_open,0.000383141767139328
2023-02-23,lunch,-0.0004844726609948654
2023-02-23,closing_auction,0.004494819407063913
2023-02-24,overnight_open,-0.0026753312345300603
2023-02-24,lunch,-0.00019376089965684418
2023-02-24,closing_auction,-0.011696039763191298
2023-02-27,overnight_open,-0.00392927813988955
2023-02-27,lunch,0.0004978840033147101
2023-02-27,closing_auction,0.0027733773719409035
2023-02-28,overnight_open,0.0032587793614785965
2023-02-28,lunch,-0.0007859318608696295
2023-02-28,closing_auction,-0.0028728535286979785
2023-03-01,overnight_open,-0.0036773882320206962
2023-03-01,lunch,0.0004915212681900907
2023-03-01,closing_auction,0.0
2023-03-02,overnight_open,-0.0004846135302015303
2023-03-02,lunch,0.0
2023-03-02,closing_auction,-0.0009760859730554598
2023-03-03,overnight_open,0.003995911949219656
2023-03-03,lunch,-0.0002959017627745096
2023-03-03,closing_auction,-0.0028808443904587444
2023-03-06,overnight_open,0.008814992948513447
2023-03-06,lunch,-0.00019377967311881437
2023-03-06,closing_auction,-0.0009896091851662782
2023-03-07,overnight_open,0.009263888070636214
2023-03-07,lunch,-0.0002932121410831867
2023-03-07,closing_auction,0.007715258740559594
2023-03-08,overnight_open,-0.008892421913574445
2023-03-08,lunch,9.833325146820739e-05
2023-03-08,closing_auction,0.0038610086574595933
2023-03-09,overnight_open,0.004901263956091361
2023-03-09,lunch,0.00047982343418545234
2023-03-09,closing_auction,-0.0011414440504989155
2023-03-10,overnight_open,-0.008314665381417367
2023-03-10,lunch,-0.0006744063071742022
2023-03-10,closing_auction,0.009667459834274828
2023-03-13,overnight_open,-0.004391415171741847
2023-03-13,lunch,0.0002849950145162909
2023-03-13,closing_auction,-0.0023826554040676526
2023-03-14,overnight_open,-0.0038240964384033942
2023-03-14,lunch,-0.0001923816858569139
2023-03-14,closing_auction,0.0014462712832884641
2023-03-15,overnight_open,0.014538754415307924
2023-03-15,lunch,9.417526022889171e-05
2023-03-15,closing_auction,-0.0028182263838418893
2023-03-16,overnight_open,-0.0047147659237032425
2023-03-16,lunch,0.00047521742090913713
2023-03-16,closing_auction,0.0
2023-03-17,overnight_open,0.012387009265434302
2023-03-17,lunch,0.0013349863716240853
2023-03-17,closing_auction,9.56892015464708e-05
2023-03-20,overnight_open,-0.005372746302390334
2023-03-20,lunch,-0.00019477989933029073
2023-03-20,closing_auction,0.0
2023-03-21,overnight_open,0.005559633925402465
2023-03-21,lunch,0.0008853475567241125
2023-03-21,closing_auction,0.000485319106832289
2023-03-22,overnight_open,0.006866232671720403
2023-03-22,lunch,0.000577756395464682
2023-03-22,closing_auction,-0.0010627506917847312
2023-03-23,overnight_open,-0.006108517564193416
2023-03-23,lunch,0.00019370460108970964
2023-03-23,closing_auction,0.0008666763506521735
2023-03-24,overnight_open,0.0029794822368261996
2023-03-24,lunch,9.563429453093511e-05
2023-03-24,closing_auction,-0.0023938346280867983
2023-03-27,overnight_open,0.002871914667789738
2023-03-27,lunch,-0.0002864919085630918
2023-03-27,closing_auction,-0.0006681621018875176
2023-03-28,overnight_open,0.004192478746882871
2023-03-28,lunch,0.000378250595526432
2023-03-28,closing_auction,0.0009514748576994164
2023-03-29,overnight_open,-0.002285062405314691
2023-03-29,lunch,0.0
2023-03-29,closing_auction,0.004746093389255759
2023-03-30,overnight_open,0.005289018751790811
2023-03-30,lunch,0.00018763486310810032
2023-03-30,closing_auction,0.00046981443194451297
2023-03-31,overnight_open,9.393640512283068e-05
2023-03-31,lunch,0.00018611576454259074
2023-03-31,closing_auction,-0.003745322730162053
2023-04-03,overnight_open,0.01443564066732352
2023-04-03,lunch,-0.00018513375966984185
2023-04-03,closing_auction,0.0020334603550014856
2023-04-04,overnight_open,0.0015684830451812909
2023-04-04,lunch,-0.00027766208702615166
2023-04-04,closing_auction,-0.002126971717854067
2023-04-05,overnight_open,-0.00018516804052539428
2023-04-05,lunch,-9.272567116840092e-05
2023-04-05,closing_auction,0.0028636110280375977
2023-04-06,overnight_open,-0.0009228498255546332
2023-04-06,lunch,0.00018451886757764376
2023-04-06,closing_auction,-0.006409980608015659
2023-04-07,overnight_open,0.001024637973302714
2023-04-07,lunch,-0.0002803869358057259
2023-04-07,closing_auction,0.001955216860483722
2023-04-10,overnight_open,0.0006508903479599034
2023-04-10,lunch,-0.0004644466202108053
2023-04-10,closing_auction,0.0005594405740313998
2023-04-11,overnight_open,-0.002613404511516876
2023-04-11,lunch,0.00046902116145185874
2023-04-11,closing_auction,-0.0013930812561731027
2023-04-12,overnight_open,0.0017642420658530984
2023-04-12,lunch,0.00018590816190368128
2023-04-12,closing_auction,0.001862197931064621
2023-04-13,overnight_open,-0.000837559957761943
2023-04-13,lunch,-0.0001863932903810697
2023-04-13,closing_auction,-0.001587524262999585
2023-04-14,overnight_open,0.0018674141747954624
2023-04-14,lunch,-0.0006539306132419243
2023-04-14,closing_auction,-0.0023488524915652354
2023-04-17,overnight_open,-0.000282233408900982
2023-04-17,lunch,9.403357005359722e-05
2023-04-17,closing_auction,0.0015982704478758004
2023-04-18,overnight_open,0.0004695938099914337
2023-04-18,lunch,0.0001883416523130755
2023-04-18,closing_auction,0.0002822599632984609
2023-04-19,overnight_open,-0.0007528703536491573
2023-04-19,lunch,-0.00018834165231307928
2023-04-19,closing_auction,0.0
2023-04-20,overnight_open,-0.00028440062759831666
2023-04-20,lunch,-0.0001900418097700338
2023-04-20,closing_auction,-9.488116141650869e-05
2023-04-21,overnight_open,-0.00580484096577182
2023-04-21,lunch,9.559772484682135e-05
2023-04-21,closing_auction,-0.0014412685656083528
2023-04-24,overnight_open,-0.0017322687422896713
2023-04-24,lunch,-0.0002867383532192471
2023-04-24,closing_auction,-0.0013440862238538165
2023-04-25,overnight_open,0.0013440862238537344
2023-04-25,lunch,-0.0002881982824116316
2023-04-25,closing_auction,-0.00048498958223060185
2023-04-26,overnight_open,-0.0017479126609824332
2023-04-26,lunch,0.0008720508279981373
2023-04-26,closing_auction,-0.0001927525063793845
2023-04-27,overnight_open,-0.0006749265068431766
2023-04-27,lunch,-9.677263277517585e-05
2023-04-27,closing_auction,0.0
2023-04-28,overnight_open,0.0038572853997578733
2023-04-28,lunch,9.626955482761248e-05
2023-04-28,closing_auction,-0.00038361945421078907
2023-05-04,overnight_open,-9.59278623211156e-05
2023-05-04,lunch,-9.654839495785112e-05
2023-05-05,overnight_open,-0.0020310466868815867
2023-05-05,lunch,-9.688514273925579e-05
2023-05-08,overnight_open,0.004344684604010892
2023-05-08,lunch,0.0001925298427203768
2023-05-08,closing_auction,-9.598310704704092e-05
2023-05-09,overnight_open,0.00019195700222106692
2023-05-09,lunch,9.587268115278526e-05
2023-05-09,closing_auction,-9.594627016224469e-05
2023-05-10,lunch,0.00019067594680717128
2023-05-10,closing_auction,-0.0007611798654867343
2023-05-11,overnight_open,0.0012366232253675344
2023-05-11,lunch,9.492619495460298e-05
2023-05-11,closing_auction,0.0015226497041570498
2023-05-12,overnight_open,-0.001046572570670916
2023-05-12,lunch,9.493520679276471e-05
2023-05-12,closing_auction,0.0029153168717670763
2023-05-15,overnight_open,0.0023448868785063887
2023-05-15,lunch,9.346231139089809e-05
2023-05-15,closing_auction,0.0014074597678797698
2023-05-16,overnight_open,-0.00046893318561542856
2023-05-16,lunch,-0.00028085943170155043
2023-05-16,closing_auction,0.0
2023-05-17,overnight_open,-0.0009376465759635034
2023-05-17,lunch,-0.0003730299399780157
2023-05-17,closing_auction,-0.0011261262451352473
2023-05-18,overnight_open,0.0018761731582279501
2023-05-18,lunch,0.0
2023-05-18,closing_auction,-0.000186167737668905
2023-05-19,overnight_open,-0.009540807569769357
2023-05-19,lunch,-9.462976113033305e-05
2023-05-19,closing_auction,0.0001882530126041584
2023-05-22,overnight_open,0.00018821758007752794
2023-05-22,lunch,-9.418413004363251e-05
2023-05-22,closing_auction,-0.0010320402473471433
2023-05-23,overnight_open,0.0014070636907072864
2023-05-23,lunch,0.0
2023-05-23,closing_auction,0.0022677889337365284
2023-05-24,overnight_open,0.0022626577014461806
2023-05-24,lunch,0.0
2023-05-24,closing_auction,0.0005682894640534157
2023-05-25,overnight_open,-0.0016109930041857837
2023-05-25,lunch,0.0
2023-05-25,closing_auction,-0.0013236269305083642
2023-05-26,overnight_open,0.0007565727616418444
2023-05-26,lunch,9.464767410406118e-05
2023-05-26,closing_auction,0.0
2023-05-29,overnight_open,0.0033073500500014714
2023-05-29,lunch,0.0002822334089010579
2023-05-29,closing_auction,0.00018728345405440844
2023-05-30,overnight_open,0.0014035090023200904
2023-05-30,lunch,-9.376904690630468e-05
2023-05-30,closing_auction,0.0008428939857508369
2023-05-31,overnight_open,-0.0010303002831509073
2023-05-31,lunch,-0.000281624033778857
2023-05-31,closing_auction,0.00037650602854405295
2023-06-01,overnight_open,-0.0005648122149585837
2023-06-01,lunch,-9.455817698875011e-05
2023-06-01,closing_auction,0.0025384303575578054
2023-06-02,overnight_open,0.0037488328815196595
2023-06-02,lunch,9.266552385832757e-05
2023-06-02,closing_auction,-0.0025921140231247447
2023-06-05,overnight_open,0.003885655735415716
2023-06-05,lunch,0.0
2023-06-05,closing_auction,0.0013806435991275908
2023-06-06,overnight_open,-0.0013806435991275472
2023-06-06,lunch,-9.189065019091261e-05
2023-06-06,closing_auction,0.0010040619710763707
2023-06-07,overnight_open,0.002460249999441187
2023-06-07,lunch,-0.00018258170582037173
2023-06-07,closing_auction,-0.0006373196373593819
2023-06-08,overnight_open,0.0008193363834024275
2023-06-08,lunch,0.0
2023-06-08,closing_auction,-0.0013764627087232365
2023-06-09,lunch,9.16884427362386e-05
2023-06-09,closing_auction,0.0011875943477743145
2023-06-12,overnight_open,0.0021887833635699217
2023-06-12,lunch,0.0
2023-06-12,closing_auction,0.0010833259161862835
2023-06-13,overnight_open,0.0008117249600157717
2023-06-13,lunch,0.0001802776280346081
2023-06-13,closing_auction,0.0015251427170191072
2023-06-14,overnight_open,0.00017927572654697236
2023-06-14,lunch,0.0
2023-06-14,closing_auction,-0.004217333183311763
2023-06-15,overnight_open,-0.0017099405687352343
2023-06-15,lunch,0.00017979144241161938
2023-06-15,closing_auction,-0.0003605227619040891
2023-06-16,overnight_open,-0.004698662299522694
2023-06-16,lunch,0.0013411419597055283
2023-06-16,closing_auction,0.0005443164427233393
2023-06-19,overnight_open,-0.0015430000792256136
2023-06-19,lunch,0.000363867919961242
2023-06-19,closing_auction,0.001094990528242113
2023-06-20,overnight_open,0.0
2023-06-20,lunch,0.0
2023-06-20,closing_auction,0.0027309985112317337
2023-06-21,lunch,-9.110372165020311e-05
2023-06-21,closing_auction,0.008191233522038679
2023-06-22,overnight_open,-0.00017930787209599307
2023-06-22,closing_auction,0.002606625897266373
2023-06-23,overnight_open,0.00017951709948575532
2023-06-23,lunch,-0.0007176819183079129
2023-06-23,closing_auction,-0.0006253070908115137
2023-06-26,overnight_open,-0.0008939746706590806
2023-06-26,lunch,-8.969816573274068e-05
2023-06-26,closing_auction,0.0017825316662833468
2023-06-27,overnight_open,0.0024902182914829834
2023-06-27,lunch,0.0004450972610980913
2023-06-27,closing_auction,0.0007112375833249435
2023-06-28,lunch,-0.0004434393225961463
2023-06-28,closing_auction,-0.0023814785235489995
2023-06-29,overnight_open,-0.00017663163518499982
2023-06-29,lunch,0.0
2023-06-29,closing_auction,-0.003044687585326748
2023-06-30,lunch,0.0
2023-06-30,closing_auction,-0.0016097302706892377
2023-07-03,overnight_open,0.002949195577891944
2023-07-03,lunch,-0.00017903500182099975
2023-07-03,closing_auction,0.0
2023-07-04,overnight_open,-0.0016120368885898398
2023-07-04,lunch,-0.0002677734652497163
2023-07-04,closing_auction,-0.0032893304316771073
2023-07-05,overnight_open,0.00017807853310347374
2023-07-05,lunch,0.0003552713422213976
2023-07-05,closing_auction,-0.00035580857874052777
2023-07-06,overnight_open,-0.0013354108372270073
2023-07-06,lunch,-0.00035676061741233704
2023-07-06,closing_auction,0.0007171029349968235
2023-07-07,overnight_open,-0.001524458888248102
2023-07-07,lunch,-8.959369266410986e-05
2023-07-07,closing_auction,0.0002667022285444728
2023-07-10,overnight_open,0.0015099705315998514
2023-07-10,lunch,-0.00044296789207168313
2023-07-10,closing_auction,0.0010564311221100456
2023-07-11,overnight_open,0.0019338965239614366
2023-07-11,lunch,-0.00017503938430828476
2023-07-11,closing_auction,-0.0008783487609059579
2023-07-12,overnight_open,0.002194427038166392
2023-07-12,lunch,-8.786188117955462e-05
2023-07-12,closing_auction,0.0017531561292597187
2023-07-13,overnight_open,0.004195076944123565
2023-07-13,lunch,0.0002610398100532502
2023-07-13,closing_auction,0.0036429912785010087
2023-07-14,overnight_open,0.0020757661838445253
2023-07-14,lunch,-0.00025993155282165166
2023-07-14,closing_auction,0.0060417929341934
2023-07-17,overnight_open,0.0001720874208343818
2023-07-17,lunch,8.608444889764116e-05
2023-07-17,closing_auction,-0.004123008761105125
2023-07-18,overnight_open,-0.0002582533479682498
2023-07-18,lunch,-8.609186006775219e-05
2023-07-18,closing_auction,0.0022342537437277
2023-07-19,overnight_open,0.0023149150818683024
2023-07-19,lunch,-0.00025716857541755654
2023-07-19,closing_auction,-0.0018023435338604765
2023-07-20,overnight_open,-0.0010313709551976608
2023-07-20,lunch,-0.00034482758962384706
2023-07-20,closing_auction,8.583322609432623e-05
2023-07-21,overnight_open,0.0006006263855541131
2023-07-21,lunch,0.00017168855737936074
2023-07-21,closing_auction,0.004991761285323481
2023-07-24,overnight_open,0.00042188753104341033
2023-07-24,lunch,-0.0003370975929443147
2023-07-24,closing_auction,-0.0009228575679090903
2023-07-25,overnight_open,0.002514881030393482
2023-07-25,lunch,8.379069090312148e-05
2023-07-25,closing_auction,-0.0008371704130636586
2023-07-26,overnight_open,-0.0004188481736625661
2023-07-26,lunch,0.0
2023-07-26,closing_auction,-0.0016694494695410462
2023-07-27,overnight_open,0.0007515971793123438
2023-07-27,lunch,-0.0010074721698430814
2023-07-27,closing_auction,-0.003011042756702324
2023-07-28,overnight_open,-0.0019284791957526637
2023-07-28,lunch,-0.00041571399476258725
2023-07-28,closing_auction,0.003311261303656005
2023-07-31,overnight_open,0.003629768050578731
2023-07-31,lunch,0.0004931777183638208
2023-07-31,closing_auction,0.001784121793501392
2023-08-01,overnight_open,0.0018618210745044717
2023-08-01,lunch,8.067443834786802e-05
2023-08-01,closing_auction,-0.004987541511039051
2023-08-02,overnight_open,0.0012287529704929014
2023-08-02,lunch,-0.0005730893766904394
2023-08-02,closing_auction,-0.001312766844257271
2023-08-03,overnight_open,-0.0008213552823152149
2023-08-03,lunch,-8.211191859122174e-05
2023-08-03,closing_auction,0.0015735644474305383
2023-08-04,overnight_open,0.0033871732991212333
2023-08-04,lunch,0.00040938306544653896
2023-08-04,closing_auction,0.0010535273878530638
2023-08-07,overnight_open,0.002103730851119154
2023-08-07,lunch,-0.0003223726655901432
2023-08-07,closing_auction,0.00272326960452993
2023-08-08,overnight_open,0.002875401342156165
2023-08-08,lunch,-0.00031979533371362574
2023-08-08,closing_auction,0.004980329998580651
2023-08-09,overnight_open,-0.0007214140026715788
2023-08-09,lunch,-0.0006462557782075005
2023-08-09,closing_auction,8.064841328607826e-05
2023-08-10,overnight_open,-0.0011296700951220807
2023-08-10,lunch,0.00024264973629791622
2023-08-10,closing_auction,0.00016314544452538486
2023-08-11,overnight_open,0.003257331870306505
2023-08-11,lunch,0.00024452867220503663
2023-08-11,closing_auction,-0.0016122534729760723
2023-08-14,overnight_open,0.00201491101817879
2023-08-14,lunch,-0.00016070711163540587
2023-08-14,closing_auction,-0.002740169348336602
2023-08-15,overnight_open,0.0010485986038468581
2023-08-15,lunch,-8.081787695848551e-05
2023-08-15,closing_auction,0.0009674299367882079
2023-08-16,overnight_open,0.003137699183133154
2023-08-16,lunch,-0.00023974108078221015
2023-08-16,closing_auction,-0.0023870157737595375
2023-08-17,overnight_open,-0.0018339119280944328
2023-08-17,lunch,0.00047770701545397383
2023-08-17,closing_auction,-0.00031905559814408835
2023-08-18,overnight_open,-0.011877196038193757
2023-08-18,lunch,-0.0011411804303343906
2023-08-18,closing_auction,0.006756782462879687
2023-08-21,overnight_open,-0.0008421053129222239
2023-08-21,lunch,-0.0012566499370804494
2023-08-21,closing_auction,-0.0022646266755460753
2023-08-22,overnight_open,0.002264626675546064
2023-08-22,lunch,-0.0018919854285016293
2023-08-22,closing_auction,0.0021762794225954484
2023-08-23,overnight_open,0.006002018684998417
2023-08-23,lunch,0.0006744225512755973
2023-08-23,closing_auction,-0.0012697339497422693
2023-08-24,overnight_open,0.0041418426988711985
2023-08-24,lunch,0.000588408372375572
2023-08-24,closing_auction,-0.003083721241859428
2023-08-25,overnight_open,-0.0016708441648176058
2023-08-25,lunch,0.0008386447992371881
2023-08-25,closing_auction,-0.0017565141900671012
2023-08-28,overnight_open,0.006508701214999102
2023-08-28,lunch,-8.308753276348731e-05
2023-08-28,closing_auction,-0.00123787925854605
2023-08-29,overnight_open,0.0021446844812300575
2023-08-29,lunch,0.00033164746179099083
2023-08-29,closing_auction,0.0004126944881322367
2023-08-30,overnight_open,0.0015666876014271856
2023-08-30,lunch,-0.0004116751118204684
2023-08-30,closing_auction,-0.00040834661027215304
2023-08-31,overnight_open,-0.0004902361402212119
2023-08-31,lunch,-8.127107973093576e-05
2023-08-31,closing_auction,0.0017046150480940856
2023-09-05,overnight_open,0.004046950080197072
2023-09-05,lunch,-8.040847509670978e-05
2023-09-05,closing_auction,0.000402495477359719
2023-09-06,overnight_open,-0.0008051530225624752
2023-09-06,lunch,0.0006453694964236529
2023-09-06,closing_auction,0.003172088306143979
2023-09-07,overnight_open,-0.0006336132003518984
2023-09-07,lunch,0.0003983270317553965
2023-09-07,closing_auction,0.001754246522754462
2023-09-08,overnight_open,-0.00039842225316879105
2023-09-08,lunch,0.000318395290439592
2023-09-08,closing_auction,-0.0006398464586847167
2023-09-11,overnight_open,0.007254206948170883
2023-09-11,lunch,0.0004793863946074567
2023-09-11,closing_auction,0.007244344082877559
2023-09-12,overnight_open,-0.0012984906872344438
2023-09-12,lunch,0.0001617207086891224
2023-09-12,closing_auction,0.0016720414739848242
2023-09-13,overnight_open,0.0008747167668376195
2023-09-13,lunch,0.0004789272122193588
2023-09-13,closing_auction,0.0004820438753260544
2023-09-14,overnight_open,0.0006423639212370181
2023-09-14,lunch,-0.00032242463603510314
2023-09-14,closing_auction,0.002919236584967739
2023-09-15,overnight_open,0.003475734008750978
2023-09-15,lunch,-0.00024300352474682473
2023-09-15,closing_auction,0.00040314453277322503
2023-09-18,overnight_open,-0.0036341651142195734
2023-09-18,lunch,0.0001638001641662172
2023-09-18,closing_auction,0.0025400480697498028
2023-09-19,overnight_open,0.0035941878260637343
2023-09-19,lunch,0.0
2023-09-19,closing_auction,-0.00351264503643969
2023-09-20,overnight_open,0.0007362264637835226
2023-09-20,lunch,0.0004890374211085995
2023-09-20,closing_auction,-0.0035662219672908976
2023-09-21,overnight_open,-0.0004872898658917194
2023-09-21,closing_auction,-0.0006552006786399375
2023-09-22,overnight_open,-0.016271265443756854
2023-09-22,lunch,0.0007592054015180059
2023-09-22,closing_auction,-0.0028468578215716427
2023-09-25,overnight_open,-0.0041171339088107535
2023-09-25,lunch,-0.0005027652192380936
2023-09-25,closing_auction,-0.0020623879442200387
2023-09-26,overnight_open,0.0006019693177434834
2023-09-26,lunch,0.0
2023-09-26,closing_auction,-0.007353928543340315
2023-09-27,overnight_open,0.0004340843059870462
2023-09-27,lunch,0.0012159112145947804
2023-09-27,closing_auction,0.0006017105953668823
2023-09-28,overnight_open,0.0011165028857698241
2023-09-28,lunch,-0.0005218752836545543
2023-09-28,closing_auction,0.0037057826698218142
2023-09-29,overnight_open,0.0016330744099569393
2023-09-29,lunch,-0.0005993407431430961
2023-09-29,closing_auction,-0.006355771631664526
2023-10-02,overnight_open,0.0006890611814417185
2023-10-02,lunch,-8.564210170968152e-05
2023-10-02,closing_auction,0.003606082726316307
2023-10-03,overnight_open,-0.007743306348662154
2023-10-03,lunch,0.0006159532070319814
2023-10-03,closing_auction,-0.002736462845441997
2023-10-04,overnight_open,-0.008343737381502011
2023-10-04,lunch,8.805529878453563e-05
2023-10-04,closing_auction,-0.0028216225404116154
2023-10-05,overnight_open,0.0013236269305083458
2023-10-05,lunch,0.000617637995546708
2023-10-05,closing_auction,-0.004187648120835856
2023-10-06,lunch,0.0
2023-10-06,closing_auction,-0.0021936568266809984
2023-10-09,overnight_open,-0.0023745668780420386
2023-10-09,lunch,0.000790340326540368
2023-10-09,closing_auction,0.0014858194404158758
2023-10-10,overnight_open,0.009474624311881653
2023-10-10,lunch,0.0
2023-10-10,closing_auction,0.0015569590551147072
2023-10-11,overnight_open,-0.0004322455221826524
2023-10-11,lunch,-0.0001727264880363157
2023-10-11,closing_auction,0.003350374681609639
2023-10-12,overnight_open,0.0018850146957714257
2023-10-12,lunch,0.0
2023-10-12,closing_auction,0.0012060649291028248
2023-10-13,overnight_open,-0.004919528326786314
2023-10-13,lunch,-0.0004352178333919278
2023-10-13,closing_auction,-0.002064872109386047
2023-10-16,overnight_open,-0.0013789539373739918
2023-10-16,lunch,-0.00043408430598712285
2023-10-16,closing_auction,-0.002091139561360117
2023-10-17,overnight_open,0.00469892963450167
2023-10-17,lunch,-0.00034530387083417624
2023-10-17,closing_auction,-0.010169281990865751
2023-10-18,overnight_open,0.004483721081447872
2023-10-18,lunch,8.760019277632141e-05
2023-10-18,closing_auction,0.006778477613472006
2023-10-19,lunch,0.00017866714358768084
2023-10-19,closing_auction,-0.00017983994293593032
2023-10-20,overnight_open,-0.01039557384401132
2023-10-20,lunch,0.0011815497852670285
2023-10-20,closing_auction,-0.003663826090347163
2023-10-23,overnight_open,-0.0003581661929407237
2023-10-23,lunch,0.0003630752513336814
2023-10-23,closing_auction,0.0
2023-10-24,overnight_open,0.0031627008696939723
2023-10-24,lunch,0.0019821612039912025
2023-10-24,closing_auction,-0.004128158065732297
2023-10-25,overnight_open,0.0046653592604940265
2023-10-25,lunch,0.0
2023-10-25,closing_auction,-0.0019814471041978993
2023-10-26,overnight_open,-0.0056959604295216855
2023-10-26,lunch,0.0004684938010261907
2023-10-26,closing_auction,-0.005362952120797662
2023-10-27,lunch,-0.00037657692028532277
2023-10-27,closing_auction,0.007043936145219195
2023-10-30,overnight_open,-0.0073267282477776875
2023-10-30,lunch,0.0015112877156248522
2023-10-30,closing_auction,-0.006135576720814447
2023-10-31,overnight_open,0.0047966323738781735
2023-10-31,lunch,0.0006651779596240112
2023-10-31,closing_auction,0.002600280754397216
2023-11-01,overnight_open,0.006041155640943704
2023-11-01,lunch,0.00047748652007797076
2023-11-01,closing_auction,-0.00028635517782652
2023-11-02,lunch,0.00046910917030479695
2023-11-02,closing_auction,0.0033173638974109613
2023-11-03,overnight_open,0.005504601055329203
2023-11-03,lunch,-9.201748338670165e-05
2023-11-03,closing_auction,-0.002756088101979969
2023-11-06,overnight_open,0.00815433534813705
2023-11-06,lunch,9.092148935685624e-05
2023-11-06,closing_auction,0.004621876005922576
2023-11-07,overnight_open,-0.0028975029326384323
2023-11-07,lunch,-9.106224110484943e-05
2023-11-07,closing_auction,0.00045655847024162805
2023-11-08,overnight_open,-0.0009133254813349654
2023-11-08,lunch,-0.0005500550193692116
2023-11-08,closing_auction,-0.00044081993219903184
2023-11-09,overnight_open,0.0018501392881613734
2023-11-09,lunch,8.817175864305351e-05
2023-11-09,closing_auction,-0.0015099705315997072
2023-11-10,lunch,0.0005383580210779064
2023-11-10,closing_auction,0.0004511617491370439
2023-11-13,overnight_open,0.0021627475313106383
2023-11-13,lunch,-0.00027003915731850894
2023-11-13,closing_auction,0.002894881703235958
2023-11-14,overnight_open,0.007917982702791017
2023-11-14,lunch,-8.919413108538441e-05
2023-11-14,closing_auction,0.003936308535806449
2023-11-15,overnight_open,0.01910210187348628
2023-11-15,lunch,-8.724861498367832e-05
2023-11-15,closing_auction,-0.0009695474735961938
2023-11-16,lunch,-0.00026601640591384317
2023-11-16,closing_auction,-0.00017774617892521544
2023-11-17,overnight_open,0.014208419762318932
2023-11-17,lunch,-0.002842172621119572
2023-11-17,closing_auction,-0.010980220119168565
2023-11-20,overnight_open,-0.021958796312644947
2023-11-20,lunch,0.0
2023-11-20,closing_auction,-0.0007256894367817883
2023-11-21,overnight_open,0.005159082810027423
2023-11-21,lunch,-0.00036271309791936947
2023-11-21,closing_auction,0.003064998342823213
2023-11-22,overnight_open,-0.00036010083212327407
2023-11-22,lunch,-0.0015442615595573513
2023-11-22,closing_auction,0.0013498314760455336
2023-11-23,overnight_open,0.00529172946575237
2023-11-23,lunch,0.0011727032149957625
2023-11-23,closing_auction,-0.008206971233749982
2023-11-24,lunch,0.0005535055491867531
2023-11-24,closing_auction,0.0004609782038944485
2023-11-27,overnight_open,-0.00036876556147596626
2023-11-27,lunch,0.0010168708988081226
2023-11-27,closing_auction,-0.00018585633358964276
2023-11-28,overnight_open,0.0013002695247037535
2023-11-28,lunch,0.00018691588839447532
2023-11-28,closing_auction,-0.004131288868789098
2023-11-29,overnight_open,0.00027595088249432253
2023-11-29,lunch,0.000366703341109773
2023-11-29,closing_auction,-0.001555423708989639
2023-11-30,lunch,0.0008239872290425588
2023-11-30,closing_auction,0.00046479201394500444
2023-12-01,overnight_open,0.004543565700427526
2023-12-01,lunch,0.0005543237392497142
2023-12-01,closing_auction,0.0002752419853147912
2023-12-04,overnight_open,0.006400899689132356
2023-12-04,lunch,-9.033015678420927e-05
2023-12-04,closing_auction,0.0007229351480592825
2023-12-05,overnight_open,-0.0011750351602807373
2023-12-05,lunch,0.0001814882037648184
2023-12-05,closing_auction,0.0009103323341453856
2023-12-06,lunch,0.0
2023-12-07,overnight_open,-0.00027042863102563915
2023-12-07,lunch,0.0
2023-12-07,closing_auction,8.99321013241586e-05
2023-12-08,overnight_open,0.0
2023-12-08,lunch,0.0
2023-12-08,closing_auction,-0.002245678015395899
2023-12-11,overnight_open,0.00359066813072854
2023-12-11,lunch,8.9746466293109e-05
2023-12-11,closing_auction,-0.00044752741852321795
2023-12-12,overnight_open,0.004198871581976982
2023-12-12,lunch,8.97223095122808e-05
2023-12-12,closing_auction,0.0001787789403171333
2023-12-13,lunch,-0.00026822835334494604
2023-12-13,closing_auction,-0.0009029345985922534
2023-12-14,overnight_open,0.005315567270742692
2023-12-14,lunch,-8.991592866750276e-05
2023-12-14,closing_auction,-0.0018101190570082959
2023-12-15,lunch,0.0
2023-12-15,closing_auction,-0.00018191740999782034
2023-12-18,overnight_open,-0.0006369716762980873
2023-12-18,lunch,0.0003664345955255425
2023-12-18,closing_auction,-0.0009237875945637716
2023-12-19,overnight_open,0.0
2023-12-19,lunch,0.00027720027897535233
2023-12-19,closing_auction,0.0023853222319097775
2023-12-20,lunch,0.0001831669571932676
2023-12-20,closing_auction,0.0003649968103298944
2023-12-21,overnight_open,-0.0023748641048550664
2023-12-21,lunch,0.00018318373379668518
2023-12-21,closing_auction,0.0
2023-12-22,overnight_open,0.004829826675950253
2023-12-22,lunch,-0.0002740852422256295
2023-12-22,closing_auction,-0.0007285311313939889
2023-12-25,overnight_open,-0.0008202324451662131
2023-12-25,lunch,0.0
2023-12-25,closing_auction,0.0
2023-12-26,lunch,0.00026873292587922956
2023-12-26,closing_auction,0.00384151988924129
2023-12-27,overnight_open,0.0002674631139734354
2023-12-27,lunch,0.00017836439893908427
2023-12-27,closing_auction,-0.0009843841682634618
2023-12-28,overnight_open,0.001252684487361718
2023-12-28,lunch,0.0015984374240745418
2023-12-28,closing_auction,0.0019438069382434944
2023-12-29,lunch,8.7931413554072e-05
2023-12-29,closing_auction,0.0005289606047692815
2024-01-02,overnight_open,0.003694910511415691
2024-01-02,lunch,0.0003531073483016769
2024-01-02,closing_auction,0.0009709167098389652
2024-01-03,overnight_open,-0.0024732810063842407
2024-01-03,lunch,0.00017642907596940037
2024-01-03,closing_auction,0.005326360551380993
2024-01-04,overnight_open,-0.0014815463078613226
2024-01-04,lunch,-0.0012038869800412909
2024-01-04,closing_auction,-0.0018141769910298376
2024-01-05,overnight_open,0.0005186722107979261
2024-01-05,lunch,-0.0003456918191887623
2024-01-05,closing_auction,0.0024042601311826976
2024-01-08,overnight_open,0.00034299434395617577
2024-01-08,lunch,-8.57449089485412e-05
2024-01-08,closing_auction,-0.0036079413761991655
2024-01-09,overnight_open,0.0021491519125391434
2024-01-09,lunch,-0.00025834230498914825
2024-01-09,closing_auction,-0.0008594757727187045
2024-01-10,overnight_open,-0.000774160289836443
2024-01-10,lunch,-0.0006003173286070315
2024-01-10,closing_auction,-0.0006875806029377063
2024-01-11,overnight_open,0.0014605440974284824
2024-01-11,lunch,0.0
2024-01-11,closing_auction,0.0030008167586309097
2024-01-12,overnight_open,-0.002056732235863608
2024-01-12,lunch,-0.0005154639289390665
2024-01-12,closing_auction,0.0002573450582507181
2024-01-15,overnight_open,0.005133042325310973
2024-01-15,lunch,-0.0001709109558082906
2024-01-15,closing_auction,-0.001289269163072689
2024-01-16,lunch,-0.0002580312232094097
2024-01-16,closing_auction,0.001280683205992564
2024-01-17,overnight_open,-0.0002560054628479667
2024-01-17,lunch,-0.0008504125012899459
2024-01-17,closing_auction,0.0006863418251581539
2024-01-18,lunch,0.0
2024-01-18,closing_auction,0.0
2024-01-19,overnight_open,0.00662873167420182
2024-01-19,lunch,0.0002533462834982471
2024-01-19,closing_auction,0.00168208618298488
2024-01-22,overnight_open,0.00327195224576757
2024-01-22,closing_auction,-0.001422772972986912
2024-01-23,overnight_open,-0.0007540530707928384
2024-01-23,lunch,-0.00016871942000543506
2024-01-23,closing_auction,-0.00016890465372474038
2024-01-24,overnight_open,-0.0009294858922597204
2024-01-24,lunch,0.0003365586905981739
2024-01-24,closing_auction,-0.000846596731905856
2024-01-25,overnight_open,0.0005926929600708797
2024-01-25,lunch,0.0
2024-01-25,closing_auction,0.0
2024-01-26,overnight_open,0.0016081936683699006
2024-01-26,lunch,0.0002528977884924948
2024-01-26,closing_auction,-0.0008421053129222239
2024-01-29,overnight_open,0.0020198626628252655
2024-01-29,lunch,8.431347755922553e-05
2024-01-29,closing_auction,0.0013527225600110963
2024-01-30,overnight_open,0.0007601030727856678
2024-01-30,lunch,-0.00025341048410304864
2024-01-30,closing_auction,-0.0008428150519972754
2024-01-31,overnight_open,0.0007585655047887332
2024-01-31,lunch,0.0001697360608336558
2024-01-31,closing_auction,0.004193237071430328
2024-02-01,overnight_open,-0.0016238625849442352
2024-02-01,lunch,0.0
2024-02-01,closing_auction,-0.0002548095312550157
2024-02-02,overnight_open,0.0019518824884120012
2024-02-02,lunch,8.488604054143047e-05
2024-02-02,closing_auction,0.003902278450384251
2024-02-05,overnight_open,0.0012691967689278914
2024-02-05,lunch,0.00042142526646710376
2024-02-05,closing_auction,-0.0007481608063352413
2024-02-06,lunch,0.00016612675509605803
2024-02-06,closing_auction,0.0010804073355125767
2024-02-07,overnight_open,0.0018257266482162786
2024-02-07,lunch,-0.0001654396562629059
2024-02-07,closing_auction,0.0015598706007602645
2024-02-15,overnight_open,0.003684753401454736
2024-02-15,lunch,8.182971241407124e-05
2024-02-15,closing_auction,-0.0006567066399202206
2024-02-16,overnight_open,0.006384567811853143
2024-02-16,lunch,-0.00040824658660493365
2024-02-16,closing_auction,0.0
2024-02-19,overnight_open,-0.0008120179090115837
2024-02-19,lunch,-8.11326112975645e-05
2024-02-19,closing_auction,-0.0026566855379332155
2024-02-20,overnight_open,0.00024180873047322665
2024-02-20,lunch,0.0
2024-02-20,closing_auction,-0.0007254262196977757
2024-02-21,overnight_open,-0.0032304986906046564
2024-02-21,lunch,-8.079175928442531e-05
2024-02-21,closing_auction,-0.0027381832361547146
2024-02-22,overnight_open,0.0009672739751425945
2024-02-22,lunch,0.0003224246360349934
2024-02-22,closing_auction,-0.0009688358581175438
2024-02-23,overnight_open,0.0023397485360326644
2024-02-23,lunch,0.0002400096015361194
2024-02-23,closing_auction,-0.0016311886823772612
2024-02-26,overnight_open,0.0010605752574796624
2024-02-26,lunch,0.0
2024-02-26,closing_auction,0.0008131403928278196
2024-02-27,overnight_open,0.0002438132402665713
2024-02-27,lunch,-0.00016202203535124022
2024-02-27,closing_auction,-0.0012079727661766125
2024-02-28,overnight_open,0.0012884524249861843
2024-02-28,lunch,-8.03438718144766e-05
2024-02-28,closing_auction,0.002926406960511264
2024-02-29,overnight_open,0.0
2024-02-29,lunch,-7.922988555431462e-05
2024-02-29,closing_auction,-0.00023753909609298377
2024-03-01,overnight_open,0.001503462202094263
2024-03-01,lunch,0.0002374263000350339
2024-03-01,closing_auction,-0.00047352222493196453
2024-03-04,overnight_open,0.0026016018457891113
2024-03-04,lunch,0.000315806097682159
2024-03-04,closing_auction,0.0010254388593297999
2024-03-05,lunch,-0.00023697618500253043
2024-03-05,closing_auction,0.00046941011658372924
2024-03-06,lunch,-0.0007068525721367333
2024-03-06,closing_auction,0.0006317119603631668
2024-03-07,overnight_open,0.0007890791855812467
2024-03-07,lunch,0.00023673308455406965
2024-03-07,closing_auction,0.00015707217498714537
2024-03-08,overnight_open,0.0012556900096015982
2024-03-08,lunch,-0.00047759294070254976
2024-03-08,closing_auction,0.00295539174335062
2024-03-11,overnight_open,-0.0018361079680392562
2024-03-11,lunch,0.0001597188950847856
2024-03-11,closing_auction,-0.002758174864497647
2024-03-12,overnight_open,0.0011366405380593115
2024-03-12,lunch,-0.00032346757519616454
2024-03-12,closing_auction,0.0011298524323563183
2024-03-13,overnight_open,0.0010480068676565295
2024-03-13,lunch,0.00039976014923740806
2024-03-13,closing_auction,-0.0001573069060976354
2024-03-14,overnight_open,0.00023595108057087403
2024-03-14,lunch,-7.883637514427232e-05
2024-03-14,closing_auction,-0.00031720856729110903
2024-03-15,lunch,-0.002166674201546586
2024-03-15,closing_auction,0.0
2024-03-18,overnight_open,-0.000476303890881308
2024-03-18,lunch,0.001878855268228435
2024-03-18,closing_auction,-0.005105152694664421
2024-03-19,overnight_open,0.0015423958896558358
2024-03-19,lunch,0.0002431610954232671
2024-03-19,closing_auction,-8.129750827603369e-05
2024-03-20,overnight_open,0.0021927161910105836
2024-03-20,lunch,-0.00032082130528631765
2024-03-20,closing_auction,-0.003339697760617646
2024-03-21,overnight_open,0.005163864503518752
2024-03-21,lunch,0.000157554750601604
2024-03-21,closing_auction,0.0003920185082936726
2024-03-22,lunch,-0.00015565413682303443
2024-03-22,closing_auction,0.0006230044590572947
2024-03-25,overnight_open,-0.0031189109103582848
2024-03-25,lunch,-0.0009357455455100304
2024-03-25,closing_auction,-0.0018109528196373586
2024-03-26,overnight_open,-0.0009461484581878713
2024-03-26,lunch,0.0
2024-03-26,closing_auction,-0.0019436352085710144
2024-03-27,overnight_open,0.000777907468244521
2024-03-27,lunch,0.0001561036531424352
2024-03-27,closing_auction,0.0026432418406069423
2024-03-28,lunch,7.710397474812096e-05
2024-03-28,closing_auction,0.0006888897666138622
2024-03-29,lunch,-0.000539727836071516
2024-03-29,closing_auction,-0.0010009625474818983
2024-04-01,overnight_open,-0.0035499342728648703
2024-04-01,lunch,0.0003109211062747305
2024-04-01,closing_auction,-0.0016260795715849754
2024-04-02,lunch,7.793928533609324e-05
2024-04-02,closing_auction,0.000697917906658864
2024-04-03,overnight_open,-0.003883500026397633
2024-04-03,lunch,-7.808534732433716e-05
2024-04-03,closing_auction,-0.00023583978726499704
2024-04-04,overnight_open,0.0024343331350875777
2024-04-04,lunch,-0.0005509425191503342
2024-04-04,closing_auction,-0.0030782612412483547
2024-04-05,lunch,0.0
2024-04-05,closing_auction,-0.003905787915345475
2024-04-08,overnight_open,0.00247278074392106
2024-04-08,lunch,0.000399728190156702
2024-04-08,closing_auction,0.0015959147977103237
2024-04-09,overnight_open,0.0023891068144919906
2024-04-09,lunch,0.0005560630877681842
2024-04-09,closing_auction,0.00039558527356328943
2024-04-10,overnight_open,0.0006326111234221152
2024-04-10,lunch,0.00023637867974387808
2024-04-10,closing_auction,7.936193012361557e-05
2024-04-11,overnight_open,-0.006768350080920371
2024-04-11,lunch,0.0002381424897147092
2024-04-11,closing_auction,0.001505487388662405
2024-04-12,overnight_open,0.0021354854479115996
2024-04-12,lunch,0.0002370698181713302
2024-04-12,closing_auction,0.002569394491759703
2024-04-15,overnight_open,-0.0033493040617862757
2024-04-15,lunch,0.0007069080921170111
2024-04-16,overnight_open,-0.002509411605425807
2024-04-16,lunch,-0.0004079135279894755
2024-04-16,closing_auction,0.00195312562088207
2024-04-17,overnight_open,0.002436054797881121
2024-04-17,lunch,-0.0005707995425496584
2024-04-17,closing_auction,0.0
2024-04-19,overnight_open,-0.010927261047413777
2024-04-19,lunch,8.369951877647551e-05
2024-04-19,closing_auction,-0.0031836488016188636
2024-04-22,overnight_open,0.007690416569877161
2024-04-22,lunch,-0.001578138954551918
2024-04-22,closing_auction,-0.0007464234225885792
2024-04-23,overnight_open,0.0031477825859031186
2024-04-23,lunch,-0.00041389015946175644
2024-04-23,closing_auction,0.008448044890825117
2024-04-24,overnight_open,0.005896292463587037
2024-04-24,lunch,0.0005719655342431016
2024-04-24,closing_auction,0.0
2024-04-25,overnight_open,-0.0030114375910141704
2024-04-25,lunch,-0.0010598835120431353
2024-04-25,closing_auction,-0.0004074149577642133
2024-04-26,overnight_open,-0.004083304979370768
2024-04-26,lunch,0.0004069176048010877
2024-04-26,closing_auction,8.114577843548942e-05
2024-05-02,overnight_open,-0.001868020847773672
2024-05-02,lunch,8.106026835387349e-05
2024-05-02,closing_auction,0.0011274866298701977
2024-05-03,overnight_open,0.0058585296572606005
2024-05-03,lunch,-0.00015989766583475955
2024-05-03,closing_auction,0.00048026895984378914
2024-05-06,overnight_open,0.006302122888472872
2024-05-06,lunch,0.00015824036744785657
2024-05-06,closing_auction,-0.0024379706149626184
2024-05-07,overnight_open,0.0017307847920669695
2024-05-07,lunch,7.886124368266e-05
2024-05-07,closing_auction,-0.00015672752951131704
2024-05-08,overnight_open,-0.0023538653473287106
2024-05-08,lunch,-0.00039405761632188666
2024-05-08,closing_auction,0.005173641703853519
2024-05-09,overnight_open,-7.81891395682357e-05
2024-05-09,lunch,-0.0003147375901344083
2024-05-09,closing_auction,-0.003853872401353641
2024-05-10,overnight_open,0.00463855542968897
2024-05-10,lunch,0.0005532503598932583
2024-05-10,closing_auction,0.001023823676752689
2024-05-13,overnight_open,0.0031436681029675356
2024-05-13,lunch,-7.881152228545561e-05
2024-05-13,closing_auction,0.00047404599133756746
2024-05-14,lunch,0.0003926033578756342
2024-05-14,closing_auction,-0.001411432838407736
2024-05-15,lunch,0.0007003618822520928
2024-05-15,closing_auction,0.0009334889826059103
2024-05-16,overnight_open,0.006587383839368681
2024-05-16,lunch,0.0
2024-05-16,closing_auction,0.0003054367769621728
2024-05-17,lunch,0.00015322148195157562
2024-05-17,closing_auction,0.0012240840025891189
2024-05-20,overnight_open,0.005413868116758061
2024-05-20,lunch,-0.00038099592795238336
2024-05-20,closing_auction,-0.00251572459724747
2024-05-21,overnight_open,-0.0011456067239865354
2024-05-21,lunch,0.0
2024-05-21,closing_auction,0.004966201901827392
2024-05-22,overnight_open,-0.0002286672520348725
2024-05-23,overnight_open,-0.017762183172482616
2024-05-24,overnight_open,-0.014122577187813718
2024-05-24,lunch,-0.00038872692423421113
2024-05-24,closing_auction,-0.000547709414732816
2024-05-27,overnight_open,0.001720363264468546
2024-05-27,lunch,0.0008603496678672686
2024-05-27,closing_auction,-0.0017223835777636955
2024-05-28,overnight_open,0.0032075130178866947
2024-05-28,lunch,0.0
2024-05-28,closing_auction,0.0004643244163285155
2024-05-29,overnight_open,-0.0005417327842118475
2024-05-29,lunch,0.0
2024-05-29,closing_auction,0.0003914660453202912
2024-05-30,overnight_open,-0.006754659674990597
2024-05-30,lunch,-0.0005556217152902658
2024-05-30,closing_auction,-0.00047232937979583634
2024-05-31,overnight_open,0.0008657668479863029
2024-05-31,lunch,0.00023585832885788188
2024-05-31,closing_auction,0.0011029702528403326
2024-06-03,overnight_open,0.00971642184270632
2024-06-03,lunch,0.000386025868526471
2024-06-03,closing_auction,-0.0009287207540068905
2024-06-04,overnight_open,0.0007739938466890813
2024-06-04,lunch,-0.00015401201324152612
2024-06-04,closing_auction,0.0011589725075542132
2024-06-05,overnight_open,0.005544446669123578
2024-06-05,lunch,0.0006898930939378687
2024-06-05,closing_auction,-0.0023139231303972345
2024-06-06,overnight_open,0.002545021232569535
2024-06-06,lunch,-0.00015364523345896193
2024-06-06,closing_auction,0.002930292041250239
2024-06-07,overnight_open,0.006447178675461355
2024-06-07,lunch,0.0001533624725035866
2024-06-07,closing_auction,-0.00030576364708492836
2024-06-10,overnight_open,0.0032820698850968637
2024-06-10,lunch,0.000534453152633725
2024-06-10,closing_auction,0.0014504372938636907
2024-06-11,overnight_open,0.003122741408101266
2024-06-11,lunch,0.0
2024-06-11,closing_auction,-0.0016844043489447082
2024-06-12,overnight_open,-0.0027624326959100726
2024-06-12,lunch,-7.65257318145672e-05
2024-06-12,closing_auction,0.00172990904710534
2024-06-13,overnight_open,-7.515124190979052e-05
2024-06-13,lunch,0.00037615196982927925
2024-06-13,closing_auction,-0.0014970062675932275
2024-06-14,overnight_open,-0.001649299421771722
2024-06-14,lunch,-0.000300187619515053
2024-06-14,closing_auction,-0.007639687699922428
2024-06-17,overnight_open,-0.0016718599532167572
2024-06-17,lunch,-7.630966465602655e-05
2024-06-17,closing_auction,-0.0009170106098814834
2024-06-18,overnight_open,0.003053437486890248
2024-06-18,lunch,0.00030388209608609747
2024-06-18,closing_auction,-0.0011456942249967322
2024-06-19,overnight_open,0.001298354327575392
2024-06-19,lunch,0.0008447567986903585
2024-06-19,closing_auction,0.0014437143953618626
2024-06-20,overnight_open,0.0007590133191715234
2024-06-20,lunch,7.568590353659455e-05
2024-06-20,closing_auction,7.55486722682176e-05
2024-06-21,overnight_open,-0.000982578212910687
2024-06-21,lunch,-7.579489903963443e-05
2024-06-21,closing_auction,0.0023496429500984304
2024-06-24,overnight_open,-0.005237402385262091
2024-06-24,lunch,0.00030840401169664205
2024-06-24,closing_auction,0.0023270255614038114
2024-06-25,overnight_open,0.002321623082714185
2024-06-25,lunch,0.00015548472393921395
2024-06-25,closing_auction,0.0013210554821735932
2024-06-26,overnight_open,0.0006986764248037142
2024-06-26,lunch,0.00023421946470819272
2024-06-26,closing_auction,0.0001550507794409308
2024-06-27,overnight_open,-0.00357226441853189
2024-06-27,lunch,0.0006232956960654426
2024-06-27,closing_auction,-0.0007754944165303904
2024-06-28,overnight_open,0.0013954572386194396
2024-06-28,lunch,0.000310607239645961
2024-06-28,closing_auction,-0.0028993477192466536
2024-07-01,overnight_open,0.0030558299979479803
2024-07-01,lunch,0.00023541413378234906
2024-07-01,closing_auction,0.00015565413682300228
2024-07-02,overnight_open,7.78179837751333e-05
2024-07-02,lunch,0.0006176652450848353
2024-07-02,closing_auction,-0.0013116779782704091
2024-07-03,overnight_open,0.0019283433797594245
2024-07-03,lunch,7.705644388319356e-05
2024-07-03,closing_auction,0.0007654037878455252
2024-07-04,overnight_open,-0.0008419763978602988
2024-07-04,lunch,7.639127615331558e-05
2024-07-04,closing_auction,0.000535065940531472
2024-07-05,overnight_open,0.000305623474261571
2024-07-05,lunch,0.0003819855655904804
2024-07-05,closing_auction,-7.596763782298141e-05
2024-07-08,overnight_open,0.0007594168044194324
2024-07-08,lunch,-0.00030578702172360915
2024-07-08,closing_auction,0.0008374891044910226
2024-07-09,overnight_open,0.0017488503868062768
2024-07-09,lunch,0.0013705933768208393
2024-07-09,closing_auction,0.0008333649484164174
2024-07-10,overnight_open,-0.0007575757938081968
2024-07-10,lunch,-0.0003032140714559964
2024-07-10,closing_auction,0.0002290338598399557
2024-07-11,overnight_open,0.0038095284166676487
2024-07-11,lunch,0.0
2024-07-11,closing_auction,-0.0008421053129221128
2024-07-12,overnight_open,-0.0015329197452598115
2024-07-12,lunch,0.0
2024-07-12,closing_auction,0.0006155740422146125
2024-07-15,overnight_open,0.0015372793188863979
2024-07-15,lunch,7.672536160593574e-05
2024-07-15,closing_auction,0.002003545403207244
2024-07-16,overnight_open,0.0020763648018153084
2024-07-16,lunch,7.646136793123948e-05
2024-07-16,closing_auction,0.0005374899350037816
2024-07-17,overnight_open,0.00482445320638144
2024-07-17,lunch,0.0
2024-07-17,closing_auction,0.004845976946139445
2024-07-18,overnight_open,-0.0006140620395595208
2024-07-18,lunch,0.0
2024-07-18,closing_auction,-0.0002311871470243064
2024-07-19,overnight_open,0.005763704716750134
2024-07-19,lunch,-0.0001535626538644097
2024-07-19,closing_auction,-0.0036169187916595407
2024-07-22,overnight_open,-0.003320594579796405
2024-07-22,lunch,-0.0006954909286953089
2024-07-22,closing_auction,0.0007695267790285181
2024-07-23,overnight_open,0.001690877353133559
2024-07-23,lunch,-7.679606807916737e-05
2024-07-23,closing_auction,-0.002644064064705024
2024-07-24,overnight_open,-0.0004673261242463354
2024-07-24,lunch,-0.00015628662999695237
2024-07-24,closing_auction,-0.0005452350487529167
2024-07-25,overnight_open,-0.005390427489238283
2024-07-25,lunch,-0.00023576565003695913
2024-07-25,closing_auction,0.0009404389407854728
2024-07-26,overnight_open,0.001174306315711847
2024-07-26,lunch,-0.0001564333206161428
2024-07-26,closing_auction,0.0008563977322821693
2024-07-29,overnight_open,0.0044259885118219135
2024-07-29,lunch,-7.743833976080025e-05
2024-07-29,closing_auction,-0.0012416577724367278
2024-07-30,overnight_open,-0.0015542433964967602
2024-07-30,lunch,0.000697863789808033
2024-07-30,closing_auction,0.00046436035197086546
2024-07-31,overnight_open,-0.00030954960779607627
2024-07-31,lunch,0.0009218714642273189
2024-07-31,closing_auction,0.005073031633052533
2024-08-01,overnight_open,0.0010727970377555336
2024-08-01,lunch,-0.0003849559273007789
2024-08-01,closing_auction,-0.0018022964562046414
2024-08-02,overnight_open,-0.007953110939030283
2024-08-02,lunch,-0.00047520989330855325
2024-08-02,closing_auction,-0.00039180347639092197
2024-08-05,overnight_open,-0.014844331006912256
2024-08-05,lunch,-0.006972578839664721
2024-08-05,closing_auction,0.00048673644183132476
2024-08-06,overnight_open,0.009122898617241281
2024-08-06,lunch,0.0024874636697538935
2024-08-06,closing_auction,-0.0023180538735984284
2024-08-07,overnight_open,0.0019187725746224146
2024-08-07,lunch,-8.017638809654882e-05
2024-08-07,closing_auction,-0.0007996801705642901
2024-08-08,overnight_open,-0.0017615506196608144
2024-08-08,lunch,-0.00016007683722359142
2024-08-08,closing_auction,-0.0014504434452603293
2024-08-09,overnight_open,0.006670709887897819
2024-08-09,lunch,-0.00023985608749822645
2024-08-09,closing_auction,0.0010282777255660649
2024-08-12,overnight_open,-0.0015032243030050632
2024-08-12,lunch,-0.0002371072921601476
2024-08-12,closing_auction,0.0004725525802671011
2024-08-13,overnight_open,-0.0010241463060843186
2024-08-13,lunch,-0.0001580403006054238
2024-08-13,closing_auction,-0.0007889546760321762
2024-08-14,overnight_open,0.0035454045410353526
2024-08-14,lunch,7.870607221400034e-05
2024-08-14,closing_auction,-0.0027564498650030985
2024-08-15,overnight_open,0.00047307420262539414
2024-08-15,lunch,0.0
2024-08-15,closing_auction,0.0
2024-08-16,overnight_open,0.0020488580847340477
2024-08-16,lunch,0.0006253420042759538
2024-08-16,closing_auction,-0.0007760962748885142
2024-08-19,overnight_open,0.0012414650880649455
2024-08-19,lunch,-0.00038575782602355313
2024-08-19,closing_auction,-0.00015407133533288937
2024-08-20,overnight_open,0.002001078171016102
2024-08-20,lunch,-0.00015371608669110983
2024-08-20,closing_auction,-0.0006910054403714235
2024-08-21,overnight_open,-0.000922083974968425
2024-08-21,lunch,-0.00023067163994474094
2024-08-21,closing_auction,-0.0010661793714258456
2024-08-22,overnight_open,0.0004570732158495172
2024-08-22,lunch,0.00022828444340665494
2024-08-22,closing_auction,0.0006089207068952727
2024-08-23,overnight_open,-0.002361635958411494
2024-08-23,lunch,-0.0002288765983671999
2024-08-23,closing_auction,-0.0015194107610485038
2024-08-26,overnight_open,0.0033396615480508415
2024-08-26,lunch,-0.0003029155646032986
2024-08-26,closing_auction,7.59330271066441e-05
2024-08-27,overnight_open,-0.0003797228069169667
2024-08-27,lunch,0.0
2024-08-27,closing_auction,-0.0006050522042094792
2024-08-28,overnight_open,-0.00015132026963885848
2024-08-28,lunch,0.00022745365729820934
2024-08-28,closing_auction,0.00022693747969861853
2024-08-29,overnight_open,-0.0008323559937256393
2024-08-29,lunch,0.0003764068249356927
2024-08-29,closing_auction,-0.0005274460431965856
2024-08-30,overnight_open,0.001355728158243372
2024-08-30,lunch,0.0006761579461999133
2024-08-30,closing_auction,0.00030018761951517526
2024-09-04,overnight_open,-0.008439504541337437
2024-09-04,lunch,-0.0012224940397810406
2024-09-04,closing_auction,0.000989835235193999
2024-09-05,overnight_open,0.0014449221115391282
2024-09-05,lunch,0.0003043213657082703
2024-09-05,closing_auction,0.00053543428823469
2024-09-06,overnight_open,0.00015292858265007658
2024-09-06,lunch,-7.644383293110297e-05
2024-09-06,closing_auction,7.639711222628025e-05
2024-09-09,overnight_open,-0.0076687492393003745
2024-09-09,lunch,0.0016859533459373563
2024-09-09,closing_auction,0.0009180629517894514
2024-09-10,overnight_open,0.0032065991745279716
2024-09-10,lunch,-0.0003837151345957117
2024-09-10,closing_auction,0.0008503730557669523
2024-09-11,overnight_open,7.727079554137526e-05
2024-09-11,lunch,-0.00023245903014288246
2024-09-11,closing_auction,0.0004641448215141335
2024-09-12,overnight_open,0.005091425023087667
2024-09-12,lunch,0.0006926007433739223
2024-09-12,closing_auction,-0.001617188754901463
2024-09-13,overnight_open,0.0016171887549014778
2024-09-13,lunch,0.00030811893634624915
2024-09-13,closing_auction,-0.0013127921882324528
2024-09-16,overnight_open,0.0014671250845957175
2024-09-16,lunch,7.74323435285596e-05
2024-09-16,closing_auction,-0.0015588467692910788
2024-09-17,overnight_open,0.00031196381472801916
2024-09-17,lunch,7.78119286081211e-05
2024-09-17,closing_auction,0.004451615302905056
2024-09-18,overnight_open,-0.000459594033367437
2024-09-18,lunch,0.0006073028350321573
2024-09-18,closing_auction,0.0
2024-09-19,overnight_open,0.0014472333713877754
2024-09-19,lunch,-0.00015203344765109104
2024-09-19,closing_auction,0.0
2024-09-20,overnight_open,0.009447222891307009
2024-09-20,lunch,-0.00014971180505552581
2024-09-20,closing_auction,-0.0013524684607224985
2024-09-23,overnight_open,0.0003758692019445037
2024-09-23,lunch,-0.00022575911598305787
2024-09-23,closing_auction,-0.0003771450167275857
2024-09-24,overnight_open,0.00015087507572381897
2024-09-24,lunch,0.0010567633833690462
2024-09-24,closing_auction,0.0
2024-09-25,overnight_open,0.0015717977862697457
2024-09-25,lunch,-0.0002967359072219174
2024-09-25,closing_auction,-0.0002231893771121993
2024-09-26,overnight_open,0.0014869891215783665
2024-09-26,lunch,0.0011059908961489019
2024-09-26,closing_auction,-0.001767826034945226
2024-09-27,overnight_open,0.0009579603547519501
2024-09-27,lunch,0.0001472970985135365
2024-09-27,closing_auction,-0.00036879956162070936
2024-09-30,overnight_open,-0.0027333522724665104
2024-09-30,lunch,0.0005169294506425463
2024-09-30,closing_auction,0.0008846948380040466
2024-10-01,overnight_open,0.003677826874588592
2024-10-01,lunch,0.0
2024-10-01,closing_auction,-0.003303361418295456
2024-10-02,overnight_open,-0.004495383229032415
2024-10-02,lunch,-0.0013246009737178223
2024-10-02,closing_auction,-0.0007365940226975607
2024-10-03,overnight_open,0.002134629642772754
2024-10-03,lunch,-0.0007331916158057658
2024-10-03,closing_auction,-0.004511675120912248
2024-10-04,overnight_open,0.0021474331626039718
2024-10-04,lunch,-0.00029645001328801763
2024-10-04,closing_auction,-0.0020084062242582195
2024-10-07,overnight_open,0.003270892003321928
2024-10-07,lunch,-0.00022310638548647595
2024-10-07,closing_auction,0.003738322110607158
2024-10-08,overnight_open,-0.0004478614690071689
2024-10-08,lunch,-0.00037292560566458074
2024-10-08,closing_auction,0.0009693897332705235
2024-10-09,overnight_open,0.002456546439513359
2024-10-09,lunch,0.0011122234491009741
2024-10-09,closing_auction,0.0027277100476417147
2024-10-10,overnight_open,0.005067020204107014
2024-10-10,lunch,-0.00014611338424596845
2024-10-10,closing_auction,0.00029282577076002425
2024-10-11,overnight_open,-0.0012451021493557982
2024-10-11,lunch,-7.3337978104711e-05
2024-10-11,closing_auction,0.0019776604138484104
2024-10-14,overnight_open,0.0069275079245580415
2024-10-14,lunch,0.00014625228545240486
2024-10-14,closing_auction,-0.0013971104151282348
2024-10-15,overnight_open,0.0014705885003224416
2024-10-15,lunch,0.0001468644443821494
2024-10-15,closing_auction,0.0
2024-10-16,overnight_open,-0.0020639842208514825
2024-10-16,lunch,0.00014738393541765374
2024-10-16,closing_auction,-0.0014016453181831757
2024-10-17,overnight_open,0.0023595350867433584
2024-10-17,lunch,0.0006676805767535906
2024-10-17,closing_auction,-7.361872863791794e-05
2024-10-18,overnight_open,0.011565053509283607
2024-10-18,lunch,0.0010984586070275177
2024-10-18,closing_auction,-0.0019747675095510894
2024-10-21,overnight_open,-0.0020520344320488224
2024-10-21,lunch,0.00029220542248964534
2024-10-21,closing_auction,0.0
2024-10-22,overnight_open,-0.0030106128404703233
2024-10-22,lunch,-0.00014696156981414254
2024-10-22,closing_auction,-0.000813158425882309
2024-10-23,overnight_open,0.00014789617715342242
2024-10-23,lunch,7.396723254967184e-05
2024-10-23,closing_auction,0.0010345083313808559
2024-10-24,overnight_open,-0.0014781968693108945
2024-10-24,lunch,0.000148235991970238
2024-10-24,closing_auction,0.0007476635862306695
2024-10-25,overnight_open,0.0007471050029987865
2024-10-25,lunch,7.485310082450743e-05
2024-10-25,closing_auction,-0.0013553198370105078
2024-10-28,overnight_open,0.001280072461227283
2024-10-28,lunch,0.0003008197360431081
2024-10-28,closing_auction,0.0006007810333902144
2024-10-29,overnight_open,0.0019500493691717452
2024-10-29,lunch,0.00014944332389778216
2024-10-29,closing_auction,0.0008963251272333891
2024-10-30,overnight_open,0.0019392860556772598
2024-10-30,lunch,-0.0002249634443892165
2024-10-30,closing_auction,0.0044809634350360195
2024-10-31,overnight_open,-0.0016406894574598886
2024-10-31,lunch,0.0005231102760995049
2024-10-31,closing_auction,0.0
2024-11-01,overnight_open,-0.002832440772605684
2024-11-01,lunch,0.0
2024-11-01,closing_auction,0.0008271610051645962
2024-11-04,overnight_open,0.000976672629381298
2024-11-04,lunch,-0.0007572889419088022
2024-11-04,closing_auction,-0.0009854831559798303
2024-11-05,overnight_open,-0.0001516990294171587
2024-11-05,lunch,0.0
2024-11-05,closing_auction,-0.0009851097678407854
2024-11-06,overnight_open,0.004010144215603924
2024-11-06,lunch,0.0006780938289590837
2024-11-06,closing_auction,0.0011938518057286742
2024-11-07,overnight_open,0.0009689562119119291
2024-11-07,lunch,0.0
2024-11-07,closing_auction,0.0005995653331072971
2024-11-08,overnight_open,0.0020208831397723103
2024-11-08,lunch,-0.00022608237030616402
2024-11-08,closing_auction,-0.00022656043596512142
2024-11-11,overnight_open,-0.0007555723819978567
2024-11-11,lunch,7.61643627313414e-05
2024-11-11,closing_auction,0.0018196987355073185
2024-11-12,overnight_open,0.00105996375763007
2024-11-12,lunch,-0.0016788770732207806
2024-11-12,closing_auction,0.0015278841780531714
2024-11-13,overnight_open,-0.0030581063588208846
2024-11-13,lunch,-0.0008463817686812976
2024-11-13,closing_auction,-0.004122143241547397
2024-11-14,overnight_open,-0.0008417830992575808
2024-11-14,lunch,-0.00015336247250369582
2024-11-14,closing_auction,-0.0019317704883090668
2024-11-15,overnight_open,-0.0007737542942520259
2024-11-15,lunch,0.0001561036531424352
2024-11-15,closing_auction,-0.003443421777760389
2024-11-18,overnight_open,-0.0020403365784959406
2024-11-18,lunch,7.917342943844496e-05
2024-11-18,closing_auction,-0.0014127621845887411
2024-11-19,overnight_open,0.0
2024-11-19,lunch,-0.00039371629312870985
2024-11-19,closing_auction,-0.0005543895916752067
2024-11-20,overnight_open,-0.0029354616659828187
2024-11-20,lunch,0.00023578417997389384
2024-11-20,closing_auction,0.002207158392475611
2024-11-21,overnight_open,-0.0015760444554657658
2024-11-21,lunch,0.0005510292578517064
2024-11-21,closing_auction,0.00023416461879619227
2024-11-22,overnight_open,0.009476535110553415
2024-11-22,lunch,-0.0003854604372592871
2024-11-22,closing_auction,0.0027000980724430565
2024-11-25,overnight_open,0.0008470987376516813
2024-11-25,lunch,0.0007707129475915242
2024-11-25,closing_auction,0.0010017338537541781
2024-11-26,overnight_open,-0.0013872834594863502
2024-11-26,lunch,-7.630966465602655e-05
2024-11-26,closing_auction,-0.0017582086094856174
2024-11-27,overnight_open,-7.651402123162233e-05
2024-11-27,lunch,-7.650816728406257e-05
2024-11-27,closing_auction,0.0005353933356695573
2024-11-28,overnight_open,0.001909782483364055
2024-11-28,lunch,0.0006104074659239302
2024-11-28,closing_auction,-0.0016837597732731555
2024-11-29,overnight_open,-0.0003830683823897844
2024-11-29,lunch,0.0003044140053950374
2024-11-29,closing_auction,0.0003794346469352362
2024-12-02,overnight_open,0.003559665969549069
2024-12-02,lunch,0.0
2024-12-02,closing_auction,0.0011426396215602757
2024-12-03,overnight_open,0.0009131725769639856
2024-12-03,lunch,0.00015181417973601525
2024-12-03,closing_auction,0.0006090134171182637
2024-12-04,overnight_open,-0.0014470129328858323
2024-12-04,lunch,-0.00030557677854285237
2024-12-04,closing_auction,-0.0011505274519379633
2024-12-05,overnight_open,0.0006904753045816215
2024-12-05,lunch,0.000685322699581343
2024-12-05,closing_auction,0.002456546439513359
2024-12-06,overnight_open,0.0005203107115563247
2024-12-06,lunch,0.00022302345555767525
2024-12-06,closing_auction,0.0
2024-12-09,overnight_open,-0.0013421819925567202
2024-12-09,lunch,0.000372897793037225
2024-12-09,closing_auction,-0.0013424823018636741
2024-12-10,overnight_open,-0.0011948324922336877
2024-12-10,lunch,0.0001490312968480022
2024-12-10,closing_auction,0.0014903132415589992
2024-12-11,overnight_open,-0.0007448789916104893
2024-12-11,lunch,-7.44130669689912e-05
2024-12-11,closing_auction,-0.0003734548349787101
2024-12-12,overnight_open,0.0021640991991369726
2024-12-12,lunch,0.000370658664683343
2024-12-12,closing_auction,-0.0005224465544069799
2024-12-13,overnight_open,-0.003514942107444497
2024-12-13,lunch,-7.484189652872773e-05
2024-12-13,closing_auction,-0.0007487832622411232
2024-12-16,overnight_open,-0.0017993707059132426
2024-12-16,lunch,-7.502156873614313e-05
2024-12-16,closing_auction,-0.0007487832622411232
2024-12-17,overnight_open,0.00022469385556836825
2024-12-17,lunch,0.0
2024-12-17,closing_auction,0.0012780515215581017
2024-12-18,overnight_open,-0.0015037596818662875
2024-12-18,lunch,0.0003006388598369009
2024-12-18,closing_auction,-0.0015015017835970255
2024-12-19,overnight_open,-0.011333706509849176
2024-12-19,lunch,0.0
2024-12-19,closing_auction,-0.0002285801373813656
2024-12-20,overnight_open,0.002663522749656436
2024-12-20,lunch,7.592149720844172e-05
2024-12-20,closing_auction,0.0010602045673133997
2024-12-23,overnight_open,0.004078863574821028
2024-12-23,lunch,0.00015047776719383842
2024-12-23,closing_auction,-0.0006774813010829888
2024-12-24,overnight_open,-0.001130156458584776
2024-12-24,lunch,0.0
2024-12-24,closing_auction,0.0010547729449236554
2024-12-25,overnight_open,0.004357960161826634
2024-12-25,lunch,-0.0002960331578754435
2024-12-25,closing_auction,-0.0006663951969984646
2024-12-26,overnight_open,-0.00014814814841896965
2024-12-26,lunch,-0.0002966478811429643
2024-12-26,closing_auction,0.001555959266236978
2024-12-27,overnight_open,0.0011099190898591635
2024-12-27,lunch,-0.00014784151416642264
2024-12-27,closing_auction,-0.004956181318005285
2024-12-30,overnight_open,-0.001929929340114576
2024-12-30,lunch,0.0
2024-12-30,closing_auction,0.0003717610362903402
2024-12-31,overnight_open,-0.00014868783017508094
2024-12-31,lunch,-7.426385952683322e-05
2024-12-31,closing_auction,-0.0005943978182285918
2025-01-02,lunch,0.00022410637676422291
2025-01-02,closing_auction,0.00260194177200506
2025-01-03,overnight_open,-0.0012629547386546363
2025-01-03,lunch,0.0003003228493178277
2025-01-03,closing_auction,-0.0018110478840770935
2025-01-06,overnight_open,0.0005285611932623165
2025-01-06,lunch,0.0004526252340401962
2025-01-06,closing_auction,-0.0017423586847954086
2025-01-07,overnight_open,0.0014395577740791054
2025-01-07,lunch,0.0008288438104009123
2025-01-07,closing_auction,-0.0009097801992190049
2025-01-08,overnight_open,0.0
2025-01-08,lunch,0.00045592705956953687
2025-01-08,closing_auction,0.0018921481520379623
2025-01-09,overnight_open,7.561150810741032e-05
2025-01-09,lunch,0.00038001140491507356
2025-01-09,closing_auction,0.0026661604062361063
2025-01-10,overnight_open,0.001368405261426074
2025-01-10,lunch,-0.00038183970833184357
2025-01-10,closing_auction,0.0
2025-01-13,overnight_open,-0.0056503884996951395
2025-01-13,lunch,0.00023263929382583688
2025-01-13,closing_auction,0.0011549568175095622
2025-01-14,overnight_open,0.001230485427885139
2025-01-14,lunch,0.000386652751984888
2025-01-14,closing_auction,0.0003873116745422948
2025-01-15,overnight_open,0.0010836753131106274
2025-01-15,lunch,-7.685508976619988e-05
2025-01-15,closing_auction,-0.0006168080380598557
2025-01-16,overnight_open,0.005691009745702979
2025-01-16,lunch,0.0
2025-01-16,closing_auction,-0.0003859960676327273
2025-01-17,overnight_open,0.010293530740659161
2025-01-17,lunch,0.0003052270149604531
2025-01-17,closing_auction,0.0014395577740791054
2025-01-20,overnight_open,-0.0008331755831344014
2025-01-20,lunch,0.00015118300731804582
2025-01-20,closing_auction,0.0
2025-01-21,overnight_open,0.0
2025-01-21,lunch,-0.00022662889615422509
2025-01-21,closing_auction,0.0011346016874666245
2025-01-22,overnight_open,0.0033207577685969783
2025-01-22,lunch,0.0
2025-01-22,closing_auction,-0.0008326710295266572
2025-01-23,overnight_open,0.0006813278585983783
2025-01-23,lunch,7.471328779288645e-05
2025-01-23,closing_auction,-0.0034295120469651254
2025-01-24,overnight_open,-7.468538783852691e-05
2025-01-24,lunch,-0.00029852974324247263
2025-01-24,closing_auction,0.0013402831492583592
2025-02-03,overnight_open,-0.009720429460508067
2025-02-03,lunch,0.00015126304672630295
2025-02-03,closing_auction,0.0015945939063575572
2025-02-04,overnight_open,0.007106705649372209
2025-02-04,lunch,-0.0015838899113955794
2025-02-04,closing_auction,0.0
2025-02-05,overnight_open,0.002030304867075952
2025-02-05,lunch,-0.00015016142381248953
2025-02-05,closing_auction,-0.0011991307739802818
2025-02-06,overnight_open,0.0023220114549006745
2025-02-06,lunch,0.00044716053808136386
2025-02-06,closing_auction,0.00037323181861251395
2025-02-07,overnight_open,-0.001568510610254785
2025-02-07,lunch,-0.00037312041028374204
2025-02-07,closing_auction,0.0
2025-02-10,overnight_open,-0.008072396028967853
2025-02-10,lunch,0.0004499775087176717
2025-02-10,closing_auction,0.0003758692019445037
2025-02-11,overnight_open,0.0020272560158406954
2025-02-11,lunch,0.0
2025-02-11,closing_auction,0.0013501352185941356
2025-02-12,overnight_open,0.0031432446175683484
2025-02-12,lunch,-0.0002985965982172247
2025-02-12,closing_auction,-0.0026291094956341454
2025-02-13,overnight_open,0.0012778593838696968
2025-02-13,lunch,0.0003000750210064394
2025-02-13,closing_auction,0.00044869878108471295
2025-02-14,overnight_open,0.007374609756397991
2025-02-14,lunch,-0.00029713267192323724
2025-02-14,closing_auction,-0.0005215512542321548
2025-02-17,overnight_open,-0.0006709658431911912
2025-02-17,lunch,0.00029817368838140336
2025-02-17,closing_auction,-0.000524089406672789
2025-02-18,overnight_open,-0.0009740382143492445
2025-02-18,lunch,-0.0005977733122783726
2025-02-18,closing_auction,0.00014938751148184517
2025-02-19,overnight_open,-0.0006724196151602522
2025-02-19,lunch,0.0002230068769695974
2025-02-19,closing_auction,-0.0004461630056164638
2025-02-20,overnight_open,0.001412167167676864
2025-02-20,lunch,7.414822233036845e-05
2025-02-20,closing_auction,7.407681769368311e-05
2025-02-21,overnight_open,-0.0029673612278020007
2025-02-21,lunch,-7.398912363250014e-05
2025-02-21,closing_auction,0.001848361030466971
2025-02-24,overnight_open,-0.0015523935847250843
2025-02-24,lunch,-0.00044267375667558936
2025-02-24,closing_auction,0.0008054183118901778
2025-02-25,overnight_open,0.0
2025-02-25,lunch,-0.00044104675810513455
2025-02-25,closing_auction,-0.001469723956506997
2025-02-26,overnight_open,0.0019836174450399285
2025-02-26,lunch,0.00022038567582330799
2025-02-26,closing_auction,0.0011755199355273876
2025-02-27,overnight_open,0.0008073691216207908
2025-02-27,lunch,0.00022129605814506141
2025-02-27,closing_auction,0.0016876402728778477
2025-02-28,overnight_open,-0.003157472241767101
2025-02-28,lunch,-0.0003695901287588896
2025-02-28,closing_auction,-0.0005893620326774966
2025-03-03,overnight_open,0.0035309732139971323
2025-03-03,lunch,0.0007347538905133328
2025-03-03,closing_auction,-0.0006610599234456433
2025-03-04,overnight_open,-0.0038280376546008387
2025-03-04,lunch,0.0002951811695847498
2025-03-04,closing_auction,0.00029265437727162805
2025-03-05,overnight_open,-0.0007317965932142287
2025-03-05,lunch,-0.0005111168013136097
2025-03-05,closing_auction,-0.0008786060017535253
2025-03-06,overnight_open,0.0014639147688291349
2025-03-06,lunch,0.00021849167997763756
2025-03-06,closing_auction,-0.00043614160755319495
2025-03-07,overnight_open,-0.0005090724083614929
2025-03-07,lunch,7.260318731199208e-05
2025-03-07,closing_auction,-0.00014437306023786222
2025-03-10,overnight_open,0.0021634103772163586
2025-03-10,lunch,0.0
2025-03-10,closing_auction,0.0007199942711493629
2025-03-11,overnight_open,-0.007876047794929137
2025-03-11,lunch,0.00021692758319263617
2025-03-11,closing_auction,0.001509759803652568
2025-03-12,overnight_open,0.002081166203824671
2025-03-12,lunch,0.000431344363265758
2025-03-12,closing_auction,-0.0014393669271653292
2025-03-13,overnight_open,0.0005040141230648445
2025-03-13,lunch,-0.00036045128891151545
2025-03-13,closing_auction,-0.000793622205356892
2025-03-14,overnight_open,-0.0013000146276943955
2025-03-14,lunch,0.00014392630997789226
2025-03-14,closing_auction,0.00014441475943933915
2025-03-17,overnight_open,0.0018754964741556637
2025-03-17,lunch,7.199164899983174e-05
2025-03-17,closing_auction,0.0003596992952706692
2025-03-18,overnight_open,0.003374864079968438
2025-03-18,lunch,-7.191916289185644e-05
2025-03-18,closing_auction,0.0003604253057580697
2025-03-19,overnight_open,-0.0013703078124189852
2025-03-19,lunch,-0.0002176515407438367
2025-03-19,closing_auction,-0.0011612717228965804
2025-03-20,overnight_open,0.0021038130288539175
2025-03-20,lunch,0.00021858719894672898
2025-03-20,closing_auction,0.00014530659717518375
2025-03-21,overnight_open,-0.0010175898537630244
2025-03-21,lunch,0.0
2025-03-21,closing_auction,0.0001455815987431073
2025-03-24,overnight_open,0.0018179839934228644
2025-03-24,lunch,-0.0002910996309035321
2025-03-24,closing_auction,0.002521161068904711
2025-03-25,overnight_open,0.0007191657987054193
2025-03-25,lunch,0.0002882259711553251
2025-03-25,closing_auction,0.0002884962154882593
2025-03-26,overnight_open,0.0010811201456648696
2025-03-26,lunch,-0.00021706884785489716
2025-03-26,closing_auction,-0.001596517029965188
2025-03-27,overnight_open,-0.0015990699729524268
2025-03-27,lunch,-0.00014521164622923377
2025-03-27,closing_auction,-0.00014546512499286348
2025-03-28,overnight_open,-0.0006548550457762102
2025-03-28,lunch,0.0003652968077152075
2025-03-28,closing_auction,-0.0028528602795168533
2025-03-31,overnight_open,-0.006172405517669086
2025-03-31,lunch,0.000368174960898435
2025-03-31,closing_auction,0.0011771631730148311
2025-04-01,overnight_open,0.0021300827033696734
2025-04-01,lunch,0.0
2025-04-01,closing_auction,-0.0008049468072110922
2025-04-02,overnight_open,0.0014630580517603152
2025-04-02,lunch,0.00036431200082336773
2025-04-02,closing_auction,0.0005834305883113796
2025-04-03,overnight_open,-0.02062536285062755
2025-04-03,lunch,0.0004623208589049811
2025-04-03,closing_auction,0.0
2025-04-04,overnight_open,-0.030485069915972437
2025-04-04,lunch,0.002587114386646294
2025-04-04,closing_auction,-0.0008677474610688024
2025-04-08,overnight_open,-0.018881261969625262
2025-04-08,lunch,-0.001662510773613414
2025-04-08,closing_auction,0.0
2025-04-09,overnight_open,-0.05144961591892652
2025-04-09,lunch,-0.001981307449198919
2025-04-09,closing_auction,0.01367542679967549
2025-04-10,overnight_open,0.06649966983281508
2025-04-11,overnight_open,0.016211892013614553
2025-04-11,lunch,0.0024864037673561247
2025-04-11,closing_auction,0.003448939996699883
2025-04-14,overnight_open,0.006406367243028673
2025-04-14,lunch,-0.00015253203202240085
2025-04-14,closing_auction,-0.0021995533916278876
2025-04-15,overnight_open,-0.005940159116255568
2025-04-15,lunch,-0.0014566644964640444
2025-04-15,closing_auction,0.00022943673382738567
2025-04-16,overnight_open,-0.0014539891599236058
2025-04-16,lunch,-0.001453210703561753
2025-04-16,closing_auction,0.0024837019908464466
2025-04-17,overnight_open,-0.002405992856098506
2025-04-17,lunch,0.00023287405500180904
2025-04-17,closing_auction,0.0
2025-04-18,overnight_open,0.0056936369860601
2025-04-18,lunch,0.0008394063600966093
2025-04-18,closing_auction,-0.013474698583360159
2025-04-21,overnight_open,0.003095977705127992
2025-04-21,lunch,-0.00015515903832514792
2025-04-21,closing_auction,0.0015503879074552133
2025-04-22,overnight_open,-0.004969726022950414
2025-04-22,lunch,-0.0018047005565125967
2025-04-22,closing_auction,-0.0007736944293102691
2025-04-23,overnight_open,0.017721303005372058
2025-04-23,lunch,0.0009950630389730167
2025-04-23,closing_auction,-0.0007683442560092923
2025-04-24,overnight_open,0.00260996540265894
2025-04-24,lunch,-0.0012311482010595085
2025-04-24,closing_auction,0.00045917196796651827
2025-04-25,overnight_open,0.005341485420333782
2025-04-25,lunch,7.63737732835293e-05
2025-04-25,closing_auction,0.0014493308917874414
2025-04-28,overnight_open,0.0019038196360737275
2025-04-28,lunch,-0.0003057169085259117
2025-04-28,closing_auction,0.001067642898637926
2025-04-29,overnight_open,0.000152427406742889
2025-04-29,lunch,-0.0003821315343225241
2025-04-29,closing_auction,-0.002523226479209822
2025-05-05,overnight_open,0.003896853068821752
2025-05-06,overnight_open,0.0004556846740961436
2025-05-07,overnight_open,0.0016684366072664092
2025-05-08,overnight_open,0.001734344211833984
2025-05-09,overnight_open,-0.0012554002313413441
2025-05-12,overnight_open,0.004285509735998793
2025-05-13,overnight_open,0.001599883986084811
2025-05-14,overnight_open,-0.0005798782418217141
2025-05-15,overnight_open,-0.000716332408854639
2025-05-16,overnight_open,-0.0022871856157468127
2025-05-19,overnight_open,-0.004634331248667605
2025-05-20,overnight_open,0.0033275493666739464
2025-05-21,overnight_open,0.0006390003412433717
2025-05-22,overnight_open,-0.004108818475360666
2025-05-23,overnight_open,0.0014967395260611083
2025-05-26,overnight_open,0.0014209593865158216
2025-05-27,overnight_open,0.0008467998530145797
2025-05-28,overnight_open,0.003103621028357866
2025-05-29,overnight_open,0.005123357523955642
2025-05-30,overnight_open,-0.0026726700393881163
2025-06-02,overnight_open,-0.0058642906604989406
2025-06-03,overnight_open,0.002752198201717115
2025-06-04,overnight_open,0.0006270247880216943
2025-06-05,overnight_open,-0.0004196684680744038
2025-06-06,overnight_open,-0.0010517091241097566
2025-06-09,overnight_open,0.0011312218400888893
2025-06-10,overnight_open,-0.0011459677518256175
2025-06-11,overnight_open,0.002573819966658011
2025-06-12,overnight_open,-0.0008564088448070558
2025-06-13,overnight_open,-0.009267906930781509
2025-06-16,overnight_open,0.0017178445280922724
2025-06-17,overnight_open,0.0004939839908504011
2025-06-18,overnight_open,0.002108963874820357
2025-06-19,overnight_open,0.0004902819219203506
2025-06-20,overnight_open,-0.009694255925216682
2025-06-23,overnight_open,-0.004292305080724087
2025-06-24,overnight_open,0.0068126784175070515
2025-06-25,overnight_open,0.001379310563505569
2025-06-26,overnight_open,0.0
2025-06-27,overnight_open,0.0039953211512365906
2025-06-30,overnight_open,0.004783063440599547
2025-07-01,overnight_open,0.00013673343837530545
2025-07-02,overnight_open,0.0013696756010605322
2025-07-03,overnight_open,-0.009296669595780066
2025-07-04,overnight_open,0.0
2025-07-07,overnight_open,0.003390523353802491
2025-07-08,overnight_open,0.00020093098088422328
2025-07-09,overnight_open,0.0011237070290412662
2025-07-10,overnight_open,0.001955034835803295
2025-07-11,overnight_open,0.00489900773034589
2025-07-14,overnight_open,0.00319059359157394
2025-07-15,overnight_open,0.0021211562011369017
2025-07-16,overnight_open,6.273328944050228e-05
2025-07-17,overnight_open,0.0030854698961542233
2025-07-18,overnight_open,-0.0032408992808959968
2025-07-21,overnight_open,0.0020126253248751898
2025-07-22,overnight_open,-0.000985403787318627
2025-07-23,overnight_open,0.003859611593807973
2025-07-24,overnight_open,0.0019943801370844584
2025-07-25,overnight_open,-0.0006042296256341651
2025-07-28,overnight_open,0.0010753331581641972
2025-07-29,overnight_open,0.00011812651363332286
2025-07-30,overnight_open,0.0030797683720797608
2025-07-31,overnight_open,0.003382433039404324
2025-08-01,overnight_open,-0.0003111290899681408
2025-08-04,overnight_open,-0.004032888977675857
2025-08-05,overnight_open,0.005969447012739635
2025-08-06,overnight_open,0.0008282553866380966
2025-08-07,overnight_open,0.0024395922880247286
2025-08-08,overnight_open,0.0026634258116518734
2025-08-11,overnight_open,0.0028395116578218377
2025-08-12,overnight_open,0.0
2025-08-13,overnight_open,0.004391850778091597
2025-08-14,overnight_open,0.0023454717425642055
2025-08-15,overnight_open,0.00561721117718973
2025-08-18,overnight_open,0.0029714371651771315
2025-08-19,overnight_open,0.0016274309829466098
2025-08-20,overnight_open,0.0027496717720464207
2025-08-21,overnight_open,0.0030536039868212226
2025-08-22,overnight_open,-0.012923471283528084
2025-08-25,overnight_open,0.009209539269801895
2025-08-26,overnight_open,-0.004102627498351351
2025-08-27,overnight_open,0.002319123009052768
2025-08-28,overnight_open,0.0017856664467229154
2025-08-29,overnight_open,0.002198451246059642
2025-09-03,overnight_open,-0.002151695289545013
2025-09-04,overnight_open,0.0026380267795455895
2025-09-05,overnight_open,0.0025987127138502957
2025-09-08,overnight_open,-0.0016815387325845015
2025-09-09,overnight_open,0.0026631174194836284
2025-09-10,overnight_open,0.0018065863178672857
2025-09-11,overnight_open,0.0
2025-09-12,overnight_open,0.003662021433155083
2025-09-15,overnight_open,-0.0009687315756773218
2025-09-16,overnight_open,0.004308402717784843
2025-09-17,overnight_open,-0.001333511332427918
2025-09-18,overnight_open,0.000693573800044317
2025-09-19,overnight_open,-0.0024807217597074796
2025-09-22,overnight_open,0.0012436803722706768
2025-09-23,overnight_open,-0.0013231161310585623
2025-09-24,overnight_open,-0.0003863667772638588
2025-09-25,overnight_open,0.00021630975641349982
2025-09-26,overnight_open,-0.0015151518050107637
2025-09-29,overnight_open,0.0008691873645869339
2025-09-30,overnight_open,0.00032336297775704053
2025-10-01,overnight_open,0.0017241383581397326
2025-10-02,overnight_open,0.0015010188301239366
2025-10-03,overnight_open,0.0005935198598704881
2025-10-06,overnight_open,0.004352622471366045
2025-10-07,overnight_open,0.001926632374967386
2025-10-08,overnight_open,0.012685379360947888
2025-10-09,overnight_open,0.0007813517782594967
2025-10-10,overnight_open,0.001754114879943078
2025-10-13,overnight_open,-0.007773441912146027
2025-10-14,overnight_open,0.0007446571198224817
2025-10-15,overnight_open,0.0023802450987932076
2025-10-16,overnight_open,-9.891686045955041e-05
2025-10-17,overnight_open,0.0021837320703350133
2025-10-20,overnight_open,-0.0023401343537776944
2025-10-21,overnight_open,0.008933645956514632
2025-10-22,overnight_open,0.0032575030118833456
2025-10-23,overnight_open,-0.000883048131557567
2025-10-24,overnight_open,0.0002572347281064462
2025-10-27,overnight_open,0.006841414508602347
2025-10-28,overnight_open,-0.0008462474720921516
2025-10-29,overnight_open,0.0008240202351209912
2025-10-30,overnight_open,0.0005134788302808095
2025-10-31,overnight_open,0.000518806756124439
2025-11-03,overnight_open,0.00036991043304982635
2025-11-04,overnight_open,-0.0011834957538265254
2025-11-05,overnight_open,-0.002268112901013776
2025-11-06,overnight_open,0.0007950179297768977
2025-11-07,overnight_open,-0.003757384989513818
2025-11-10,overnight_open,-0.0007114906027640492
2025-11-11,overnight_open,0.0021073654649029208
2025-11-12,overnight_open,0.0030806493722373
2025-11-13,overnight_open,0.0
2025-11-14,overnight_open,-0.004519052235462895
2025-11-17,overnight_open,0.0010156898208327051
2025-11-18,overnight_open,-0.0017956170655056534
2025-11-19,overnight_open,-0.002690655557699334
2025-11-20,overnight_open,0.0021188693169487253
2025-11-21,overnight_open,-0.011018811490631787
2025-11-24,overnight_open,0.0012146498813234707
2025-11-25,overnight_open,0.00015697355027912812
2025-11-26,overnight_open,0.0025647079039569174
2025-11-27,overnight_open,0.0024905320817204995
2025-11-28,overnight_open,0.0008845644097341813
2025-12-01,overnight_open,0.00020798668960171862
2025-12-02,overnight_open,-0.002123088077085442
2025-12-03,overnight_open,0.0017960235745114832
2025-12-04,overnight_open,0.001317590014768462
2025-12-05,overnight_open,0.0026267948019911853
2025-12-08,overnight_open,0.0014156430899490947
2025-12-09,overnight_open,0.0009068467546756909
2025-12-10,overnight_open,-0.002795782733519761
2025-12-11,overnight_open,0.003199012067179002
2025-12-12,overnight_open,0.001978137032340025
2025-12-15,overnight_open,0.0012285341929235106
2025-12-16,overnight_open,0.0017645647976175002
2025-12-17,overnight_open,0.0008884476269685519
2025-12-18,overnight_open,-0.0022679932715485743
2025-12-19,overnight_open,0.006874321931146426
2025-12-22,overnight_open,0.00468722689775676
2025-12-23,overnight_open,0.0027503455266990064
2025-12-24,overnight_open,0.0005953562390577895
2025-12-25,overnight_open,-0.0008411053609198825
2025-12-26,overnight_open,-0.005038312030609255
2025-12-29,overnight_open,0.0008122652492485615
2025-12-30,overnight_open,0.0007031995869658641
2025-12-31,overnight_open,0.0024794220774928873
2026-01-05,overnight_open,0.001477468872557766
2026-01-06,overnight_open,0.0034031252788952995
2026-01-07,overnight_open,0.0024218951048630304
2026-01-08,overnight_open,0.0004309003489937582
2026-01-09,overnight_open,0.0033694376041617058
2026-01-12,overnight_open,-0.00029107844769622114
2026-01-13,overnight_open,0.002401307464516007
2026-01-14,overnight_open,0.0004316443317780259
2026-01-15,overnight_open,-0.002859013892308946
2026-01-16,overnight_open,0.003279253116039841
2026-01-19,overnight_open,-0.002983496751349686
2026-01-20,overnight_open,0.004203894788133034
2026-01-21,overnight_open,-0.003133665334019066
2026-01-22,overnight_open,0.0051838457257464355
2026-01-23,overnight_open,0.004303138363732109
2026-01-26,overnight_open,-0.0007710100613245905
2026-01-27,overnight_open,-0.0019173575845158751
2026-01-28,overnight_open,0.001976285228211959
2026-01-29,overnight_open,0.0023427969741743604
2026-01-30,overnight_open,0.0011844249521653666
2026-02-02,overnight_open,-0.0037909604025472936
2026-02-03,overnight_open,0.005719559023341736
2026-02-04,overnight_open,0.001199280575482187
2026-02-05,overnight_open,-0.0009955202415015939
2026-02-06,overnight_open,-0.007430437769766932
2026-02-09,overnight_open,0.008521981511245728
2026-02-10,overnight_open,0.001839080978117736
2026-02-11,overnight_open,0.002793510717777528
2026-02-12,overnight_open,0.0017823551604302186
2026-02-13,overnight_open,-0.0006929664188604529
2026-02-23,overnight_open,0.012554534213302708
2026-02-24,overnight_open,-0.0013708021337786036
2026-02-25,overnight_open,0.0033172380289954555
2026-02-26,overnight_open,-0.00034210590955069387
2026-02-27,overnight_open,9.674922608183812e-05
2026-03-02,overnight_open,-0.01022939199201433
2026-03-03,overnight_open,0.0004961548104759053
2026-03-04,overnight_open,-0.004055342946443757
2026-03-05,overnight_open,0.00986933787926427
2026-03-06,overnight_open,-0.0022890448034714635
2026-03-09,overnight_open,-0.04518930343242006
2026-03-10,overnight_open,0.030229282979350087
2026-03-11,overnight_open,0.0031592160923679773
2026-03-12,overnight_open,-0.00751622718089549
2026-03-13,overnight_open,-0.008889911105937984
2026-03-16,overnight_open,0.004230170633613488
2026-03-17,overnight_open,0.008980244793657048
2026-03-18,overnight_open,0.008752210755340642
2026-03-19,overnight_open,-0.014505031253501539
2026-03-20,overnight_open,-0.011801143832145158
2026-03-23,overnight_open,-0.010543736628282362
2026-03-24,overnight_open,0.018505866197707953
2026-03-25,overnight_open,0.016437807218332042
2026-03-26,overnight_open,-0.0030365792829292284
2026-03-27,overnight_open,-0.003184093408799989
2026-03-30,overnight_open,-0.02580931956125477
2026-03-31,overnight_open,0.007272759329079657
2026-04-01,overnight_open,0.02099629551760534
2026-04-02,overnight_open,-0.008888947417245928
2026-04-03,overnight_open,0.008489653913069528
2026-04-06,overnight_open,-0.0009811938644924058
2026-04-07,overnight_open,-0.002061408997312273
2026-04-08,overnight_open,0.03738356092990709
2026-04-09,overnight_open,-0.005680366422755754
2026-04-10,overnight_open,0.008704267172602368
2026-04-13,overnight_open,-0.007276539382869972
2026-04-14,overnight_open,0.011219303519318843
2026-04-15,overnight_open,0.006044481060752143
2026-04-16,overnight_open,0.004680513225232413
2026-04-17,overnight_open,-0.007704432656030974
2026-04-20,overnight_open,0.0025622360723189345
2026-04-21,overnight_open,0.0042454425326982565
2026-04-22,overnight_open,0.0004503490281024199
2026-04-23,overnight_open,0.0024961469535122465
2026-04-24,overnight_open,-0.003522440573092908
2026-04-28,overnight_open,0.0043577369148762625
2026-04-29,overnight_open,0.0030033748973675575
2026-05-04,overnight_open,0.007565001446249442
2026-05-05,overnight_open,-0.005864827943795952
2026-05-06,overnight_open,0.005722266366227397
2026-05-07,overnight_open,0.004021031021651227
2026-05-08,overnight_open,-0.0038535693159899662
2026-05-11,overnight_open,-0.0023177219453085875
2026-05-12,overnight_open,0.0006373642752475464
2026-05-13,overnight_open,0.0024859265562270226
2026-05-14,overnight_open,-0.0010299924887338498
2026-05-15,overnight_open,-0.0023270481243325906
2026-05-18,overnight_open,-0.007329978088674461
2026-05-19,overnight_open,0.000292997365119866
2026-05-20,overnight_open,-0.0036023627004614913
2026-05-21,overnight_open,0.0030834764905213435
2026-05-22,overnight_open,-0.0059739988575607415
2026-05-25,overnight_open,0.004319017809260631
2026-05-26,overnight_open,-0.0013854529677776873
2026-05-27,overnight_open,4.918718183018314e-05
2026-05-28,overnight_open,-0.0018290125961905187
2026-05-29,overnight_open,0.0032107587910087595
2026-06-01,overnight_open,0.0006481689454856174
2026-06-02,overnight_open,-0.0015079168476769215
2026-06-03,overnight_open,0.0021274448303655017
2026-06-04,overnight_open,-0.0011160149283923563
2026-06-05,overnight_open,-0.0009084027876757638
2026-06-08,overnight_open,-0.006682215813087237
2026-06-09,overnight_open,0.0014960409300645385
2026-06-10,overnight_open,-0.003080875350909184
2026-06-11,overnight_open,-0.0037285841393644168
2026-06-12,overnight_open,0.005769885036405027
2026-06-15,overnight_open,0.009853307677319121
2026-06-16,overnight_open,0.0013221461371718147
2026-06-17,overnight_open,-0.001936701079331666
2026-06-18,overnight_open,0.005038563220787524
2026-06-19,overnight_open,0.0012166685065681836
2026-06-22,overnight_open,0.0018313160067735207
2026-06-23,overnight_open,5.038164094086651e-05
2026-06-24,overnight_open,0.0024575582246239664
2026-06-25,overnight_open,9.954706095528376e-05
2026-06-26,overnight_open,-0.003745042202000412
2026-06-29,overnight_open,0.0006459146126734425
2026-06-30,overnight_open,0.00019898517626098196
2026-07-01,overnight_open,0.00045043918581468955
2026-07-02,overnight_open,0.0008933446422698141
2026-07-03,overnight_open,0.002186879599185998
2026-07-06,overnight_open,0.002237415476574346
2026-07-07,overnight_open,-0.0016052978264247304
2026-07-08,overnight_open,-0.0012514079971240161
2026-07-09,overnight_open,-0.0035070176225029566
2026-07-10,overnight_open,0.0002506831127915192
2026-07-13,overnight_open,-0.0035479003257796442
2026-07-14,overnight_open,-0.002165619078821765
2026-07-15,overnight_open,-0.00010291242162016168
2026-07-16,overnight_open,-0.0018254366557473522
2026-07-17,overnight_open,-0.0035180335316790613
