date,log_density,k6::S2,k6::S0,k6::S5,k6::S4,k6::S1,k6::S3
2023-08-01,6.4571740463788405,0.17472095498024662,0.18221854477161334,0.03593372502783548,0.12786912017785426,0.2983254991683434,0.1809321558741069
2023-08-02,6.417437959789073,0.24561884369260206,0.1303159876517846,0.00913643714607173,0.13045633377320207,0.20309681708218105,0.28137558065415846
2023-08-03,6.339289875550734,0.20790086109697808,0.14230618378816218,0.04878882520652523,0.13530411122661384,0.2250124752135755,0.24068754346814517
2023-08-04,6.388121096198295,0.1601308517796979,0.1632207029776597,0.010649053420169724,0.22567985475211919,0.24045273891138072,0.19986679815897276
2023-08-07,6.244845914451121,0.19066154768636429,0.12313454241320845,0.0295264946316489,0.2673465583720354,0.16824763683629956,0.22108322006044337
2023-08-08,6.360908982200512,0.2412889558475139,0.12594168704849432,0.047117294182431414,0.11579575302444335,0.20567954986371684,0.2641767600334002
2023-08-09,6.310715189414096,0.28895248286026654,0.09950834521793825,0.052318925501894674,0.08490707695869985,0.1536614901346066,0.3206516793265941
2023-08-10,6.295681503042159,0.21346882312385831,0.12441609566122949,0.0268682836521732,0.19497431245363295,0.19958734783030604,0.24068513727879995
2023-08-11,6.225879786361701,0.26098381551898486,0.07655756972162822,0.014953063338369576,0.22337362514465905,0.11701976516509134,0.30711216111126693
2023-08-14,6.149466055183294,0.2862919783192734,0.04404360312116972,0.033120847303071084,0.25345639631082917,0.055463956758248445,0.3276232181874082
2023-08-15,6.485464908735631,0.2427165964469367,0.15489578724103603,0.001348467501957388,0.0908339196778201,0.23058948053041683,0.27961574860183297
2023-08-16,6.485967734315918,0.25057578355256577,0.141721022684309,0.0016331617987714081,0.10105182311434552,0.2126072438808358,0.2924109649691725
2023-08-17,6.707360682823181,0.15883487742418903,0.23767494674711032,0.0007552707303161064,0.0574554529296085,0.3765291378591724,0.1687503143096037
2023-08-18,5.927181121090194,0.21880913400508695,0.07525235328553431,0.177270097268701,0.17472540193354924,0.12270086806294941,0.23124214544417904
2023-08-21,5.5427583341172975,0.0523580357773677,0.003312641391017557,0.2583688270066446,0.6224156311711054,0.003543247433296281,0.060001617220568404
2023-08-22,5.398545166285718,0.07954219708569353,0.011065480494858901,0.3313756221326826,0.48339259606260454,0.014688209513597847,0.07993589471056257
2023-08-23,5.535255265669359,0.09703498387346408,0.013565619525272143,0.20702224301493158,0.5648946893337656,0.02098398463649548,0.09649847961607112
2023-08-24,5.841104891213553,0.14977714571915982,0.00762617830071917,0.06290967152448222,0.6035596244606369,0.00893428264510624,0.1671930973498956
2023-08-25,5.927626033683903,0.16955115567946555,0.014755561982780295,0.11600975649631841,0.4851160446233722,0.01723413063774339,0.19733335058032014
2023-08-28,6.250448746039601,0.2930334313087019,0.053305963486656976,0.0034137783231093888,0.23950974060517982,0.06476462009063653,0.34597246618571537
2023-08-29,6.499384899921954,0.2544954028799487,0.1392954771882427,0.0011463779552487857,0.06523254053143929,0.2509456335033268,0.2888845679417936
2023-08-30,6.382390759337619,0.33199927228186993,0.07280911775095154,0.0010049189259925255,0.10574880530066845,0.09780896003414527,0.3906289257063723
2023-08-31,6.409722468527262,0.273884472073539,0.10808507299576665,0.0018403953503661466,0.1316075117994213,0.14833319184234725,0.33624935593855976
2023-09-05,6.525706449170378,0.24613762089559843,0.1659298806626876,0.0008105386306150478,0.045512817930920754,0.25222928829773605,0.28937985358244206
2023-09-06,6.535125810181431,0.18902545273464588,0.1828090159791035,0.002191847011962171,0.11137171998547876,0.28490991910028235,0.22969204518852726
2023-09-07,6.2093796550159475,0.18159670837097672,0.10620178586540112,0.0376071950137257,0.30873163626919325,0.1691887787108461,0.19667389576985717
2023-09-08,6.310920820889118,0.2869413267046875,0.0905058917270162,0.031457450863418876,0.1277810235212368,0.13356024122160245,0.32975406596203816
2023-09-11,6.004401525032292,0.2366563299351095,0.04766470925224468,0.10897043294782198,0.2791689034747757,0.075047907055733,0.25249171733431514
2023-09-12,6.125401963736091,0.24201415027005935,0.041595657059124026,0.02854113802843194,0.3386429943178026,0.06452206719010929,0.2846839931344728
2023-09-13,5.995025885674055,0.22868746909649343,0.03774072795360913,0.0927344944086181,0.3470847507510402,0.053480227865997855,0.24027232992424127
2023-09-14,5.822690502270876,0.16312361592795555,0.01355522388334421,0.12495205646935273,0.49009271301515134,0.0161312153630028,0.1921451753411934
2023-09-15,5.982542593197683,0.21434645641418582,0.013518434958332316,0.060948022034019146,0.4394894372351389,0.015071561757385672,0.25662608760093814
2023-09-18,5.791988449716361,0.10121151689232905,0.005717436441654842,0.07841181707782442,0.6976547322027712,0.0068570283015278195,0.11014746908389267
2023-09-19,6.245003846761037,0.2367343493341281,0.09036540063358604,0.048110594467525046,0.20506706093042626,0.16419696005824683,0.25552563457608773
2023-09-20,6.3933314082348,0.29319306314132276,0.08786847125861233,0.0023697678191203137,0.15084891734986874,0.1251983119748153,0.3405214684562606
2023-09-21,6.46264713577175,0.21142046113577767,0.15295064947222048,0.003974413777103385,0.15104142577613763,0.25593779444212045,0.22467525539664038
2023-09-22,5.6677348863927515,0.10560583440331642,0.010101144776144636,0.2214560833120346,0.5364100106483843,0.015369825185671456,0.11105710167444854
2023-09-25,6.026697710636653,0.27984993205684466,0.023275539428298273,0.08634874189931617,0.2701451611831125,0.028260496432154957,0.3121201290002734
2023-09-26,5.615879820768302,0.07999267745313196,0.003691857279319036,0.19840966538455435,0.6234523902691734,0.003981324121465402,0.09047208549235584
2023-09-27,5.716250019544913,0.06706207762170781,0.0033772380033600348,0.09375203696592076,0.7444777701012388,0.002770063721256761,0.08856081358651591
2023-09-28,5.520491575280139,0.14319147558933837,0.006113665331879336,0.3129858214168522,0.3911009592792349,0.00644468875992372,0.14016338962277144
2023-09-29,5.973239559941923,0.20045282726709462,0.013384724780277045,0.02351977654164282,0.5005816695745368,0.012709750767463703,0.24935125106898506
2023-10-02,6.110829076371031,0.26620256453571717,0.033424384336482135,0.02756430027235964,0.3276241769664678,0.052628263570136814,0.29255631031883644
2023-10-03,5.579304608133729,0.034163004990008655,0.0010082996349971695,0.20431879495969812,0.7194869946133949,0.0008673493860664666,0.040155556415834605
2023-10-04,5.804881711311555,0.09812020493893686,0.006766187122939096,0.05301295278976144,0.7127055087456383,0.007768770223916177,0.12162637617880812
2023-10-05,6.098133615454425,0.2786521069308888,0.031541334115660104,0.02194233079707008,0.3250335306649696,0.041789284200841256,0.3010414132905701
2023-10-06,6.235550620986214,0.2967482313668031,0.053854782084761334,0.026668072573315004,0.1929825157229422,0.07599682672831759,0.3537495715238608
2023-10-09,6.155464230058276,0.2903683713988633,0.024156258476062377,0.009082665223065665,0.3120315857652326,0.029940750234242145,0.33442036890253396
2023-10-10,6.290039050836636,0.29784325506988385,0.07597447736300698,0.008750116170678631,0.17177094421612568,0.10676094595914518,0.3389002612211597
2023-10-11,6.684092718352423,0.12570876112609686,0.22346490677689576,0.0017643404213910088,0.11870523013020144,0.3686971958627835,0.1616595656826315
2023-10-12,6.614625266405842,0.11003226228821222,0.23462162319596302,0.006680673405668153,0.13980475880275153,0.39258684032506697,0.1162738419823381
2023-10-13,6.350342043381416,0.14871557191147913,0.17326615636843218,0.05595083160794146,0.16919057214290498,0.28413326859940297,0.16874359936983932
2023-10-16,6.314803497754169,0.2459075861273963,0.10987839239407718,0.04210253982472025,0.13839329860155863,0.1954958866848394,0.2682222963674083
2023-10-17,6.451133170892955,0.19484473339205388,0.1518228868856255,0.01034465597623724,0.1640939688634601,0.24026378144624969,0.23862997343637357
2023-10-18,6.0016186481634906,0.24400928994569923,0.04255992144167056,0.13020147505702817,0.24116886852164557,0.07224482847082664,0.26981561656312986
2023-10-19,5.8741242918578225,0.16666172856418465,0.008665146746156201,0.06467212988859862,0.5777378146228095,0.009595266339371702,0.17266791383887936
2023-10-20,6.050871364277286,0.18547749993102183,0.06198961276799166,0.037120635159005835,0.4107515460011058,0.08878364750447197,0.21587705863640289
2023-10-23,5.834881455355027,0.16731778411070822,0.0485308544537993,0.25872835329390526,0.2701461078888874,0.09094192545047462,0.1643349748022252
2023-10-24,5.936586958751666,0.1508613493038042,0.0243428489999936,0.06187987726876095,0.5628150913164921,0.03890871802750113,0.16119211508344808
2023-10-25,6.243172908619694,0.29850730797832004,0.062109710357032014,0.009833110249136677,0.2007209774915647,0.0929782953421771,0.33585059858176947
2023-10-26,5.106190653451914,0.011147979473073718,0.0004929341548772023,0.5762099034023365,0.3957371077487707,0.0005941123373568046,0.015817962883585144
2023-10-27,5.593457049907207,0.05942009673319321,0.0024004612307397828,0.19982204116230035,0.6710887299140088,0.002400111726770265,0.06486855923298765
2023-10-30,5.775801823517553,0.10184229647406501,0.00768665806857853,0.06826337378748182,0.6980873330606572,0.008436981311332905,0.11568335729788456
2023-10-31,5.741849310215176,0.1357181152161594,0.007132057877342594,0.15550045216841524,0.5449074004860026,0.008163175185981275,0.14857879906609878
2023-11-01,5.964513524847328,0.24301215756841124,0.01734194730313169,0.06316659530821442,0.39973822592874825,0.02105074289831232,0.25569033099318206
2023-11-02,6.133283057356224,0.21125519779354973,0.06951420738707727,0.049878368587357266,0.2959065205717245,0.10329004040266242,0.27015566525762885
2023-11-03,6.087531288443576,0.2964460331567665,0.03160493349130512,0.047837758781055714,0.2546972166899665,0.037314361391134684,0.33209969648977145
2023-11-06,6.327979854413729,0.24973284540052942,0.10515484371975138,0.006006181998531855,0.1730182295851094,0.16154670993705056,0.3045411893590274
2023-11-07,6.347498297489838,0.2902231163478533,0.087530164742053,0.002667402804265623,0.16000937634782725,0.13400427425126005,0.32556566550674076
2023-11-08,6.202515782195593,0.19231762934326432,0.12158142779774403,0.13155453897641772,0.1374190183576646,0.1996367171056506,0.21749066841925876
2023-11-09,5.956307246248865,0.20260543798142905,0.022102302441271916,0.06281708244541509,0.439335574568379,0.03487920943159164,0.2382603931319133
2023-11-10,5.959410265135819,0.24783078646910764,0.023483630539062616,0.09631556621203934,0.3079578388491531,0.03169417963758748,0.29271799829304984
2023-11-13,6.077657199010491,0.22607542989847854,0.05907376121379024,0.1169682409465889,0.24125635686128383,0.0946099686150937,0.2620162424647648
2023-11-14,6.221170140899876,0.19927659091466512,0.09985777666879478,0.044172515094495844,0.26184406089414575,0.16593357571865947,0.228915480709239
2023-11-15,6.163721099323848,0.23195003544342818,0.06606647774613107,0.0692394578309615,0.2862664830015103,0.10569795773114413,0.2407795882468248
2023-11-16,6.394106967305506,0.1964458953427795,0.13212256739514075,0.004529785188257747,0.21350051960355357,0.2238005866389555,0.22960064583131296
2023-11-17,5.923906817429094,0.2276990885094845,0.07344874018700714,0.2104372839332481,0.14133919532885292,0.13161545893165688,0.21546023310975046
2023-11-20,5.419268431263289,0.025791403442884383,0.0013307440119136353,0.2607824910984634,0.6722056958424786,0.0012066284413342657,0.03868303716292574
2023-11-21,5.832250183081645,0.15067864275435597,0.008760721054543402,0.07489014072570012,0.5882925516550274,0.01061750113875498,0.1667604426716181
2023-11-22,6.0781486718735485,0.21363173563282165,0.062330755644972896,0.0776471150818228,0.3120611220852851,0.10876599963312958,0.22556327192196798
2023-11-23,5.949488248518033,0.23817579139997075,0.01895180385639146,0.047198725749604376,0.42538550632676986,0.025393487370942023,0.24489468529632155
2023-11-24,5.79328454896426,0.15618692764520145,0.008921049834633422,0.10552525015452327,0.5468424990341169,0.011284595685720935,0.17123967764580406
2023-11-27,6.248730704151593,0.23839248119865322,0.08127420578512741,0.045511930963459186,0.23503383234733294,0.13420923814777155,0.2655783115576557
2023-11-28,6.141367722766734,0.19912814386496805,0.08649371091281985,0.058135764394805584,0.2793321598269635,0.15382020456120943,0.2230900164392336
2023-11-29,6.4319238434086525,0.1528519791645901,0.172533193565469,0.010640065749946059,0.20164204350764495,0.275089452900054,0.18724326511229591
2023-11-30,6.2064904758316,0.24453411035093697,0.08826915536091857,0.07132205812308147,0.18887890956718184,0.12938485114199944,0.27761091545588173
2023-12-01,6.252524639271884,0.16821305027269337,0.1365044005382538,0.07687044399104721,0.2040645723449715,0.23102322957142543,0.1833243032816087
2023-12-04,6.090512420606791,0.14561269703774102,0.10641107029888239,0.108197525774345,0.29405862604552735,0.16791361391922915,0.1778064669242751
2023-12-05,6.365190027190568,0.23064784684861445,0.12875071084826137,0.057809972747212154,0.1043940789038283,0.22103388934553783,0.2573635013065459
2023-12-07,5.904466561897526,0.14460924162800584,0.03820306374462877,0.1024754733719096,0.5022454207820469,0.04960117154652744,0.16286562892688153
2023-12-08,6.338044998316337,0.2066821151355159,0.12566008782622642,0.015271725315207254,0.19868295067287503,0.20194774599174298,0.25175537505843243
2023-12-11,6.636207215804706,0.14769409261340033,0.2232626809593593,0.0007434514235129542,0.06344589601840753,0.38631167960707175,0.17854219937824817
2023-12-12,6.667586467385137,0.14728490145321574,0.23441412769255074,0.0015613059120580654,0.04449741777726799,0.40425696337209677,0.16798528379281075
2023-12-13,6.614063531137024,0.13259058842440738,0.21325884695461894,0.00829046087250595,0.1260154540427184,0.37756806876674665,0.14227658093900267
2023-12-14,6.558676386285625,0.16908166692903911,0.1943977931915627,0.0024108829161969343,0.11409891534167962,0.3309929118458032,0.18901782977571843
2023-12-15,6.4683777784602166,0.2198737087342605,0.1470359665552226,0.004597162445908177,0.13165943761526386,0.23494740084963175,0.26188632379971316
2023-12-18,6.170710430836832,0.2337529732410712,0.08062175767406506,0.0306831337591105,0.2676713007421648,0.12809617430604017,0.25917466027754826
2023-12-19,6.50005260833589,0.2186067700750703,0.15954642124852159,0.0055679919186423016,0.10587752322761684,0.2684113823272749,0.24198991120287408
2023-12-20,6.786768754922248,0.07161138653953865,0.28685941774640733,0.004280047447794711,0.07242810449744055,0.48326065548954045,0.08156038827927832
2023-12-21,6.871296858807598,0.09006846711628193,0.28799011713982536,0.0009383708940759792,0.0448767257546755,0.4748897754730414,0.10123654362209984
2023-12-22,6.775959620637171,0.13203655942055295,0.25425373883095975,0.0010404309735325076,0.041841068831970786,0.43118661458211205,0.13964158736087193
2023-12-25,6.307122190785782,0.23102190159456054,0.11365408435658673,0.009024392030665934,0.20368138284210324,0.16483075968882568,0.2777874794872579
2023-12-26,6.776154767188049,0.10236365335006202,0.27901044838047706,0.0015307058134809343,0.04195315402211405,0.45550703832135436,0.11963500011251156
2023-12-27,6.827625092797656,0.10433317492456214,0.29093149510331073,0.0023997435586553023,0.021622166592653074,0.46678781328384145,0.11392560653697731
2023-12-28,6.64958326196295,0.12899471968086929,0.24293414851194442,0.020616906178117622,0.07569916948773975,0.3875041741264628,0.1442508820148661
2023-12-29,6.589083304116095,0.15640098960139098,0.20329325229109207,0.0028342009327500324,0.15002247311821382,0.31050729454652853,0.1769417895100246
2024-01-02,6.545591118043587,0.1737324078741454,0.18129312123854552,0.002492605860996205,0.13762360725175618,0.3097102420821422,0.1951480156924145
2024-01-03,6.640690543384865,0.14489545962268582,0.23546281112023457,0.0019170059091214435,0.09657196317834872,0.354906999912138,0.16624576025747143
2024-01-04,6.201058498981402,0.14465591964251126,0.1236389328468901,0.04905130201787939,0.30704070323632143,0.17374126321247654,0.20187187904392126
2024-01-05,6.308646171372593,0.2918203560867828,0.08842129759764825,0.005515992474735129,0.1513730411717863,0.1315866871809628,0.3312826254880847
2024-01-08,6.355569354215347,0.2693391227094182,0.11156932818079222,0.005298006421482733,0.1437852207223689,0.16850692319315394,0.301501398772784
2024-01-09,6.633545819322963,0.16077970725469903,0.21794592150663974,0.0011023987950710486,0.09241597424835167,0.35008174201920067,0.17767425617603785
2024-01-10,6.520007495492353,0.17286312062284612,0.18948789466863306,0.006065947880261972,0.12081146057110194,0.2995622743935392,0.21120930186361772
2024-01-11,6.338842138336161,0.27334272107125823,0.10066431523466482,0.003981618546689632,0.1820913757549222,0.1426192993968026,0.2973006699956625
2024-01-12,5.936733405695319,0.15737789414720865,0.024654535907141138,0.07295641981186134,0.5096910414993039,0.023627619401945972,0.21169248923253906
2024-01-15,6.375239468943506,0.30616035445548545,0.10198496986287357,0.0016502992814743825,0.11359154182693666,0.13960091598693808,0.33701191858629187
2024-01-16,6.5894055216194936,0.17491620301387645,0.20715555749471865,0.0015866937584685958,0.07565185383468065,0.3258208479018119,0.21486884399644374
2024-01-17,6.287450919237281,0.2811659088069493,0.07156077515156194,0.007075494790582743,0.22588420293874173,0.10384903133481432,0.31046458697734997
2024-01-18,6.55882759734985,0.18667257113949387,0.1881453169159944,0.0015151544900421018,0.11346266282814592,0.28643443028302334,0.22376986434330032
2024-01-19,6.450096463071595,0.23004333219747036,0.1640493253632064,0.0014632245726163855,0.10517054040392221,0.24830213516240277,0.2509714423003819
2024-01-22,6.551464468484533,0.2017349313630895,0.18668821205216163,0.0009734609536799404,0.06951465710213263,0.3124659158614743,0.22862282266746203
2024-01-23,6.544834019057533,0.21818466768180933,0.16556987068985737,0.0014445405916304536,0.08733531982200364,0.2877971320745213,0.23966846914017795
2024-01-24,6.562655635024254,0.1852989663721847,0.19451386756537922,0.002561505369282117,0.09309589656832681,0.3119156492092072,0.21261411491561996
2024-01-25,6.384796772853854,0.29159254166105786,0.10117622597774018,0.004571359450870149,0.12096637961171908,0.16437463683932477,0.317318856459288
2024-01-26,6.715780202594798,0.12252376818030944,0.26175913978068494,0.0009163072296849295,0.04652928210987681,0.42671712900336073,0.1415543736960832
2024-01-29,6.846959735379139,0.1225368185865961,0.2663713437432628,0.0002836469591887015,0.01815280164128197,0.46641093928348826,0.12624444978618218
2024-01-30,7.1491111307987705,0.040686292746743034,0.33365343970745354,0.0001041790115934218,0.004726942236537896,0.5704473266066509,0.05038181969102125
2024-01-31,6.6097859312672105,0.14517257221890661,0.20162177707234974,0.003403587738931568,0.1212079117782902,0.38012147811632785,0.14847267307519407
2024-02-01,6.619142099053314,0.20902745290848446,0.20382429763646162,0.0004524583321583857,0.03519529068862369,0.3081137190367514,0.24338678139752043
2024-02-02,6.725751803761136,0.15366377059219555,0.24334961163412175,0.0006266534019978465,0.029299449560224167,0.4039097470396261,0.16915076777183458
2024-02-05,6.544550268734862,0.09405127076460294,0.23422012952152943,0.0900463642034831,0.07787876537934647,0.372440367226636,0.1313631029044021
2024-02-06,6.679091162476399,0.17029049585090172,0.2311106185994893,0.0002557463356207642,0.02388600027677608,0.37525012896361587,0.19920700997359625
2024-02-07,6.815416032500565,0.13668241285779675,0.245867488820284,0.0004646431759827948,0.04553051439013299,0.39488209427776255,0.1765728464780409
2024-02-15,6.902627644921955,0.1356386000662459,0.2700123551351859,0.0003390373792967361,0.0272199670851751,0.43677518975007723,0.13001485058401913
2024-02-16,6.695776885741134,0.14373494695929948,0.22600656110373,0.001736531516875676,0.07148016022658171,0.37499329888598315,0.18204850130753003
2024-02-19,6.458823292757147,0.165438531185908,0.17623109279275692,0.004333156395125095,0.18418385091529504,0.26798952373899965,0.2018238449719153
2024-02-20,6.805188596193336,0.11758545477130479,0.2817303574263189,0.0001401574218663563,0.010909116170527878,0.4615125958607161,0.12812231834926605
2024-02-21,6.452235601590696,0.27663663421024126,0.12351968421998548,0.0006036284872076161,0.06614136937331101,0.19154419347233237,0.3415544902369223
2024-02-22,6.7283702453490095,0.13559644514541896,0.2501722069429714,0.0005635785603882507,0.03110575812088206,0.41638681860335947,0.16617519262697983
2024-02-23,6.28651832389728,0.24031613541686267,0.11880010530577303,0.08464378475370052,0.09301081665470101,0.17728840855798528,0.2859407493109775
2024-02-26,6.54175549395642,0.220508369831702,0.1679049013177433,0.004450872491266775,0.08110595601062245,0.26903865084429807,0.25699124950436736
2024-02-27,6.4429182371834575,0.22257335437961284,0.14751446470712362,0.002962625199632842,0.15254459848668325,0.21500212609516536,0.2594028311317821
2024-02-28,6.241017534200905,0.20332550728809565,0.0859233655242265,0.017018774761222086,0.29327981874100745,0.13724069573350536,0.2632118379519429
2024-02-29,6.265882235848078,0.25776247121501705,0.08476999354138984,0.01548640879906656,0.23169795068466173,0.14308471654245827,0.2671984592174066
2024-03-01,6.422903325758242,0.2593664125227185,0.12410316627636511,0.0018497867629289934,0.1340509039741407,0.18357209492589419,0.29705763553795245
2024-03-04,6.518765278046086,0.3123022019364709,0.118348188953821,0.00032029224089891265,0.04122735099688382,0.18159090033932895,0.3462110655325964
2024-03-05,6.6906446931619765,0.11892374723104293,0.24849525214298288,0.0010249279763638246,0.05253814961978685,0.42597448499608326,0.1530434380337403
2024-03-06,6.326318928835934,0.19140565254147474,0.15392080590944449,0.09698053813093399,0.11046901513644755,0.2453144784735513,0.20190950980814787
2024-03-07,6.314809286122007,0.3307532330614841,0.05193427312392406,0.003909823447940012,0.1696932700264195,0.06340681674211501,0.38030258359811736
2024-03-08,5.76777981780378,0.1296018540676682,0.01583305394799477,0.11563072999240022,0.5791730339537627,0.021258505289460057,0.1385028227487141
2024-03-11,6.261987195838631,0.3005725419484836,0.06447879410150134,0.04233072227190474,0.16411156339162106,0.10771198714770537,0.3207943911387839
2024-03-12,6.341325918062382,0.2542020505682931,0.09556005543667113,0.006670703649709144,0.17481120139326123,0.1498407533940071,0.3189152355580583
2024-03-13,6.307194567104021,0.20491238506724088,0.11875518112186986,0.015683426349128223,0.22351232418775693,0.17694258873033764,0.26019409454366643
2024-03-14,6.090821326565176,0.3326478592528472,0.026839437249363732,0.09089921901581478,0.1549549312315955,0.030512030074870404,0.3641465231755084
2024-03-15,5.982705304843731,0.21389200111517834,0.02930932682984076,0.07902687651083228,0.4003087928582013,0.041514048386880525,0.23594895429906673
2024-03-18,5.365422941363545,0.02502827562972425,0.0010753026544959318,0.4929253840101111,0.45056435841712134,0.001117432455764284,0.02928924683278312
2024-03-19,6.0500294251374545,0.2651037288692452,0.02069988529443785,0.017768048421341436,0.3644326623464348,0.022431260007853285,0.3095644150606873
2024-03-20,6.071774371555966,0.1798672792714248,0.06253647209881465,0.032266501276143326,0.40369840315363315,0.09458648737079169,0.22704485682919243
2024-03-21,6.126319440312486,0.25129523761106837,0.03445377868134319,0.02655190511746554,0.3412996254601162,0.04507939848091523,0.30132005464909145
2024-03-22,5.891460222988608,0.16855558117035058,0.022045343396646717,0.0993031066832816,0.473514678426543,0.03231961391232559,0.20426167641085252
2024-03-25,5.995864672222746,0.21338812593357942,0.02555517254798335,0.016012517500456944,0.4812241313349737,0.03376857737475944,0.23005147530824713
2024-03-26,6.206192601673122,0.30731590963224026,0.04829178553568567,0.007856132940641865,0.20557937094664108,0.059314414251352615,0.3716423866934386
2024-03-27,6.395663186653065,0.26518550345431763,0.11158345603291689,0.002817032174118948,0.11925727286447417,0.17960824531008704,0.3215484901640853
2024-03-28,6.350099062101658,0.24330199827940566,0.10398999250800166,0.0035045456309763154,0.20095652260578534,0.17108100636289025,0.27716593461294076
2024-03-29,6.471491811487823,0.2668281341923803,0.14356114954359356,0.0009073543688000536,0.08909993092588953,0.21401327267142542,0.2855901582979112
2024-04-01,6.278169968784761,0.23203408856123237,0.09316916401132991,0.00716871101299422,0.26941368647358777,0.14470520204478576,0.25350914789606993
2024-04-02,6.025385341076305,0.25734637643482405,0.0206750268740117,0.022832787678043337,0.36939854687853696,0.02840833210400061,0.3013389300305833
2024-04-03,6.257619337628972,0.2080729485289731,0.11848743281512518,0.041610471347150305,0.21874983195388983,0.18725329534902724,0.22582602000583435
2024-04-04,6.304460671784943,0.20984445649693192,0.11443697569910283,0.032360429246309566,0.22495830909820416,0.18935356456027508,0.22904626489917643
2024-04-05,6.2513015717420855,0.26003345476760875,0.06364788562125709,0.01630593096145304,0.2649131874148232,0.0875316752785306,0.3075678659563273
2024-04-08,6.271018895814679,0.2939880592792105,0.06553960159527271,0.007442874598553754,0.1929700211670434,0.0931597860067948,0.3468996573531248
2024-04-09,6.68291876279512,0.18056514591100764,0.22075593542959207,0.00015367882080400788,0.019014232420837662,0.3566174541340975,0.22289355328366114
2024-04-10,6.658619700120018,0.18644479800184496,0.21337567021494505,0.0009801044248420724,0.04309949703908882,0.3499303611913129,0.2061695691279662
2024-04-11,6.560601419694439,0.16543590188039198,0.21557064098181125,0.007001023014106863,0.09684427706635271,0.31450616662826275,0.20064199042907446
2024-04-12,6.504106104164313,0.17713345191337465,0.1702074171282841,0.0036589942962494777,0.12289534610674134,0.2972225773744659,0.22888221318088456
2024-04-16,5.495610462521826,0.06081085621291209,0.004116700436450109,0.3324795088342184,0.5269496962210997,0.004383794485744133,0.07125944380957568
2024-04-17,6.0454023075774135,0.295235914735181,0.024200742720775173,0.11521333525670427,0.22307116383428832,0.030772272388940057,0.31150657106411117
2024-04-19,5.706610344124139,0.09725183112297507,0.005166047366196006,0.1655790293210318,0.6242270273372398,0.0060300993814585415,0.10174596547109876
2024-04-22,5.915502655995665,0.20647182345300544,0.0169986159819744,0.0599563646226696,0.44397749611772874,0.01973435434978659,0.25286134547483524
2024-04-23,6.07645579014167,0.31601662501913996,0.02685255947246342,0.10104126831426834,0.16707102761244194,0.0341665140432236,0.3548520055384628
2024-04-24,5.9486531747773705,0.1968543964691854,0.015980197169011376,0.06062786594542731,0.44623107952062874,0.013799293139552422,0.2665071677561947
2024-04-25,6.395215724144199,0.33928637229253916,0.0658531805295834,0.0018996458411429363,0.10048235738676746,0.10547659129453235,0.38700185265543474
2024-04-26,5.973325507307142,0.19523379320704884,0.04341139874718991,0.0777117736462116,0.3798747712434443,0.0701196476105221,0.23364861554558328
2024-05-02,6.3436924876887435,0.22169604836280885,0.12129151922822737,0.010278874251228736,0.2158212319942787,0.18743392051176988,0.2434784056516865
2024-05-03,6.680973604529871,0.14073483333654194,0.25085401724246714,0.0009415924291168254,0.06742977356698913,0.38265530096988726,0.15738448245499767
2024-05-06,6.513350351800338,0.18872919655008238,0.18239498303955923,0.001548049304928001,0.12045556351542268,0.2654589129057619,0.2414132946842458
2024-05-07,6.536309615524954,0.17103820735366446,0.18989652602860002,0.0025092112137018586,0.1326408254056532,0.30934973398129995,0.19456549601708045
2024-05-08,6.297116653517009,0.28158022191370513,0.07804405588033145,0.014336628773035928,0.18334733176244808,0.11759901196279611,0.3250927497076833
2024-05-09,6.329128861624638,0.2935778853129163,0.07314672658119209,0.006209941299301229,0.15775754714531512,0.12845580497902837,0.3408520946822469
2024-05-10,6.154163587085765,0.2597402241693264,0.040286252296880744,0.020889762671910266,0.3428049810855659,0.05492755087407193,0.28135122890224473
2024-05-13,6.446394897472689,0.2583592924734154,0.1352354612027457,0.005878901093398266,0.09609774917760738,0.21485806324106965,0.28957053281176365
2024-05-14,6.4552740114264395,0.22493345697095124,0.1404542427864381,0.0021031028228772615,0.14439860320442466,0.22519049863850887,0.2629200955767999
2024-05-15,6.516531187527383,0.18690579812698435,0.19270704588930274,0.001727022146748992,0.12476524660148644,0.27168138441577994,0.22221350281969757
2024-05-16,6.544336994990194,0.22749386475037733,0.15945019028788954,0.0012068580296890217,0.08594994335841415,0.23962861196378407,0.28627053160984595
2024-05-17,6.716930537386859,0.12927700346751445,0.25374556419383026,0.0014380867854396073,0.05657742571311329,0.41500948718766156,0.1439524326524408
2024-05-20,6.678399848773353,0.13847778680716383,0.24641740169636256,0.0006122930143949019,0.04335647728155943,0.4176155534701753,0.15352048773034394
2024-05-21,6.676757959450752,0.12487644020453562,0.22843999512967156,0.0031198008708610025,0.11094750383568529,0.39955911377654,0.1330571461827065
2024-05-24,5.956724644333296,0.20330534807024517,0.03171347671449821,0.1148682766580322,0.3778982624247783,0.03645152437077174,0.23576311176167442
2024-05-27,6.282982767727303,0.3089809608140742,0.06420426415748513,0.004755286203526203,0.18595052147977814,0.09416133646478139,0.34194763088035496
2024-05-28,6.577883979746143,0.18615467432582603,0.20015212452726194,0.0010251159532044076,0.07783665935139879,0.3081587427870973,0.22667268305521146
2024-05-29,6.387091934402221,0.2298516708120532,0.13441662320725314,0.016602385537870468,0.1546644477354989,0.21535492964853126,0.24910994305879303
2024-05-30,6.311946609260731,0.19992201825289416,0.11965038759125271,0.027883034012582842,0.22474971099337387,0.2105080421566338,0.21728680699326264
2024-05-31,6.477737379248885,0.20051905034551148,0.17028345177203477,0.0027954761249528765,0.14482383569605756,0.26573384132073735,0.21584434474070593
2024-06-03,6.380336142476783,0.20511449193743028,0.14089789247892753,0.016172680240375412,0.193627544926303,0.2052103633730113,0.2389770270439525
2024-06-04,6.549181696351894,0.24746120309456676,0.15815300386561798,0.0006936715220232039,0.06897968208942948,0.23687482375241048,0.28783761567595206
2024-06-05,6.490707930264951,0.2342700904134643,0.15055146187245735,0.0023092093051889683,0.11561099987122825,0.23998483998470613,0.257273398552955
2024-06-06,6.430938643127288,0.20266141864770054,0.16234685958952794,0.007336085775331012,0.15309997318655025,0.24962101732886047,0.22493464547202974
2024-06-07,6.347187677197441,0.24430511234535499,0.10986230077136745,0.006396939069995924,0.18377949608050134,0.18763035182834067,0.26802579990443964
2024-06-10,6.631107445194906,0.17509173186113394,0.21404257772715746,0.0008302680169847066,0.06843288452959836,0.3484488223980656,0.19315371546705987
2024-06-11,6.590552771097468,0.16547153799725783,0.21317542730046618,0.0026426142840336193,0.07934769959096609,0.36912697513352355,0.17023574569375274
2024-06-12,6.524727609022401,0.2073679725672054,0.17733206918062833,0.027314034066159447,0.054505701835692616,0.25983415574876473,0.2736460666015495
2024-06-13,6.562999296640103,0.18968568227113616,0.18797505543576498,0.000970254688099259,0.06642316557186163,0.3250578366190605,0.2298880054140775
2024-06-14,6.586399778987543,0.2022934582861794,0.20132132591423926,0.0007423278255563844,0.06506773558846166,0.3239207322545433,0.20665442013101998
2024-06-17,6.288621650185968,0.2946404553725451,0.07316428929205943,0.010479726059291863,0.1949918764215624,0.1072487780190258,0.31947487483551545
2024-06-18,6.673746243633544,0.09926770235903709,0.2548942191085215,0.004292676379112431,0.11044947005676993,0.4138652347223696,0.11723069737418952
2024-06-19,6.300906043994009,0.2560953976266668,0.09968459511647887,0.061455990241359865,0.11126290787747406,0.16136409210704528,0.3101370170309751
2024-06-20,6.267953411995164,0.28423566703298714,0.0548886354529705,0.004068413103794462,0.2572704210175464,0.0783468581775062,0.3211900052151953
2024-06-21,6.383984363504071,0.19549739471429756,0.16317469412555366,0.011618550106842528,0.17481521735873196,0.23794862129018074,0.21694552240439358
2024-06-24,6.019936022420773,0.23860241911302954,0.031497465641974004,0.06965627970223635,0.3626059020485639,0.04592378716946457,0.2517141463247316
2024-06-25,6.233066738136287,0.34287343297522416,0.04750886153186908,0.027176348070019042,0.1483219863454352,0.06688062770217246,0.3672387433752801
2024-06-26,6.274719635795046,0.19005427883627582,0.11446086597349811,0.02413403195317545,0.276759216596643,0.18663798579326085,0.20795362084714678
2024-06-27,6.394441465869368,0.24111002771094975,0.10915676648489085,0.0027106500421866875,0.19668924312608263,0.1716802882378352,0.2786530243980549
2024-06-28,6.401787805713336,0.1823008500898845,0.15118010126063608,0.03296217442273585,0.1533485778427585,0.28164893192561,0.19855936445837502
2024-07-01,6.486266402876555,0.26809112586751277,0.12512666052964033,0.0014305049952305414,0.0968537478562032,0.20312485668606636,0.30537310406534685
2024-07-02,6.345959155065269,0.18959856481889853,0.14290838617528434,0.004720814270540649,0.21881229789943724,0.2069091723394821,0.23705076449635715
2024-07-03,6.736109025904189,0.14210343031477937,0.23567356340481557,0.0011497947249200665,0.08182021658037672,0.3673795390595298,0.17187345591557848
2024-07-04,6.610744668515422,0.21789892402176855,0.18508552068326004,0.0006793363467833011,0.049755480441430515,0.2983206159864428,0.24826012252031474
2024-07-05,6.591774090895774,0.21503399166293533,0.1929385698096397,0.0007891819702882907,0.04861355120919217,0.29698074947022324,0.2456439558777213
2024-07-08,6.560128083107128,0.2152417393001048,0.18492171642628608,0.0006378353326226934,0.059691962260389704,0.30063114351968423,0.23887560316091255
2024-07-09,6.394547042553595,0.2351316677511191,0.1266862217986825,0.002776050279613867,0.16514316269572102,0.19046276411113272,0.2798001333637308
2024-07-10,6.40871179219641,0.27625026277646547,0.10945212207487016,0.002832223724030839,0.11689775629428593,0.18415563251184644,0.31041200261850116
2024-07-11,6.626839131189693,0.15812268161416657,0.22547322919949261,0.0010440968418249986,0.07459349155903355,0.3756490221646475,0.16511747862083473
2024-07-12,6.549933000155378,0.20353092210274337,0.18709578886340283,0.0013145544015585652,0.07685036248476927,0.30234450619371456,0.22886386595381136
2024-07-15,6.721737658571226,0.13695114735850036,0.24232099095255402,0.0008284156809474111,0.06644650291793104,0.40185292293384184,0.15160002015622534
2024-07-16,6.706098723305938,0.17103236131942218,0.23581660556699713,0.0002814661019847584,0.02880586708219407,0.3788918078777798,0.18517189205162207
2024-07-17,6.386923297214888,0.09600305842147562,0.20023495320805706,0.05144246830000932,0.19162989076361633,0.3437751368373715,0.11691449246947025
2024-07-18,6.333644258559975,0.2943069574613359,0.08236830897508028,0.0025748898991087023,0.16461345409887526,0.1348313055845055,0.3213050839810943
2024-07-19,6.230711758250475,0.24273785684333396,0.07489049870830251,0.027612270938100356,0.25510556649105476,0.13311894839849672,0.2665348586207117
2024-07-22,6.104424141659599,0.2820823729041178,0.027409317610854758,0.010480115331167742,0.34273702951725776,0.03279108500768908,0.30450007962891285
2024-07-23,6.4478268910072485,0.2212699420356443,0.16372163516527397,0.04200640915462434,0.0807136099173949,0.2615625001468532,0.23072590358020922
2024-07-24,6.013188943869945,0.20305854672793516,0.03358365892381091,0.04070140966433777,0.4494792265153026,0.053731527974235235,0.21944563019437832
2024-07-25,6.355466239351175,0.26735086939005837,0.10771247064660941,0.00554700215053345,0.14963804951300516,0.1724763948005444,0.29727521349924924
2024-07-26,6.696799838591316,0.15140883978297442,0.2423092556636757,0.0002682323685497363,0.026997835231842775,0.39644318513534377,0.1825726518176136
2024-07-29,6.896610796727732,0.07626651240692293,0.3039960597421227,0.0010554551493934929,0.024434115689748164,0.5051689064688085,0.08907895054300426
2024-07-30,6.829131664487748,0.13046560470587246,0.2615726227434739,0.0021392281282092123,0.0497450473683282,0.41272675407981924,0.143350742974297
2024-07-31,6.66170552546103,0.1605968309075294,0.22561072874180077,0.0010704085838478205,0.07522446974838456,0.34533759671959857,0.19215996529883886
2024-08-01,6.492384602299406,0.12077493881978121,0.198847282744905,0.08792587720932317,0.09401760131558437,0.38406717759599895,0.11436712231440731
2024-08-02,6.192056343281812,0.16381585550584818,0.09634977006012423,0.04703975771538648,0.3511017464707721,0.16070239317946913,0.18099047706839988
2024-08-05,5.665558987897638,0.15229908151027038,0.020171688191079028,0.2812927226532901,0.3599738259587865,0.021575968880522944,0.16468671280605104
2024-08-06,6.0494360659961295,0.2675904533021872,0.01729816370256715,0.020825055411525652,0.3715441418633422,0.02176729255462643,0.3009748931657513
2024-08-07,6.452408293948156,0.2870318244411196,0.11965181572756203,0.0021733420732797707,0.0901055036984444,0.16845922847844955,0.3325782855811446
2024-08-08,6.379297446555558,0.23931122693671647,0.12380533685236668,0.005937770688754344,0.16956040833637645,0.1989139404641622,0.2624713167216239
2024-08-09,6.460597979612104,0.21659486362316535,0.14605423825092337,0.003230896042476082,0.13032344605219628,0.2270653307089856,0.2767312253222533
2024-08-12,6.394654115617476,0.3138993166613907,0.08198010960948607,0.0018032107371272115,0.12199987392437751,0.12456699421579823,0.35575049485182025
2024-08-13,6.603920598231999,0.17249813887792242,0.2164835873179297,0.0015032084477525623,0.07440959999153697,0.3511656198645657,0.18393984550029266
2024-08-14,6.786248512316476,0.14404751539480884,0.2507591994828828,0.00034293252801601346,0.03399681902159913,0.4115972336578036,0.1592562999148896
2024-08-15,6.906416426727033,0.07897134204171898,0.2909851541662073,0.000614482010526777,0.04005334689357967,0.5039534249667621,0.08542224992120509
2024-08-16,6.660360717827714,0.21081222445100434,0.18868572187132795,0.0002987216035949774,0.03733395062820003,0.2908301103045762,0.2720392711412965
2024-08-19,6.62303921157279,0.21595260125937102,0.20502185431402564,0.000170205631766736,0.023508828408334206,0.2941316282671699,0.26121488211933247
2024-08-20,6.722425307464875,0.19456981383892044,0.22281963408017708,0.00016737467857488096,0.021505188629849497,0.34015985064865506,0.22077813812382305
2024-08-21,6.610143214988024,0.21056401472393294,0.18803654779800674,0.0006008926989122514,0.043860255931345335,0.2924900402434451,0.2644482486043576
2024-08-22,6.6590294864331305,0.20225901070714658,0.2089001423297727,0.00023137020586615225,0.02359193222745357,0.3365550623081566,0.22846248222160437
2024-08-23,6.826083775453912,0.12516886230407367,0.2768235554974248,0.00011927303571882115,0.014516910952979542,0.4330772827967762,0.15029411541302695
2024-08-26,6.880105439953391,0.10504456817550331,0.282711698160709,0.00018399631060942297,0.01420962562918974,0.48033685731357484,0.11751325441041363
2024-08-27,6.9090545778956365,0.07166129848639817,0.3083691414986659,0.00011624117605782213,0.008962510682902882,0.5177741919560721,0.09311661619990313
2024-08-28,6.79110081284021,0.10123600328283164,0.2693505058043922,0.0010960611116791372,0.07842279060753458,0.4364171963570084,0.11347744283655413
2024-08-29,6.882040960778485,0.11555563010933151,0.27948337911135296,7.760186356672715e-05,0.009087882850492883,0.45188422951359725,0.14391127655165864
2024-08-30,6.966514792675559,0.06476391550957677,0.3189638208260571,8.49037155042369e-05,0.006132225160679639,0.5316582854832727,0.07839684930490952
2024-09-04,6.624912442275023,0.1439324817012847,0.2195335043425159,0.0038340961529728167,0.08992896276947278,0.3734351357496493,0.1693358192841045
2024-09-05,6.889176735452466,0.06823485990615191,0.29556204227665,0.0023298436003228538,0.052662427698757404,0.5066377920988905,0.07457303441922726
2024-09-06,6.920248722590634,0.07498305733835832,0.309464305112738,7.191028920995527e-05,0.006345878193134331,0.5194103321118633,0.08972451695469609
2024-09-09,6.863622837382815,0.0998223594101422,0.2714878779601253,0.0007865619481203027,0.04607265519126207,0.45445716417615506,0.12737338131419504
2024-09-10,6.609480800830111,0.09187857469267685,0.2009992348026233,0.005736458072692458,0.23000501877809723,0.37673138792514765,0.09464932572876252
2024-09-11,6.540259794990807,0.27120780309029835,0.14544641158777452,0.000515815587265036,0.04268636128196804,0.23476962447474792,0.30537398397794624
2024-09-12,6.92888613874757,0.08752718408216119,0.2974651106248469,0.0001372865135368831,0.01231713007001336,0.5029162415663437,0.099637047143098
2024-09-13,6.692141230875533,0.14017799326606176,0.22905306640993636,0.0012574157657592561,0.06003350419468681,0.4114970218599386,0.15798099850361721
2024-09-16,6.721084156555938,0.16231882181743226,0.21895442274511012,0.0014741476127393548,0.04269348273081489,0.3976927268214636,0.17686639827243975
2024-09-17,6.785802728153047,0.07347543248137872,0.29845305042407194,0.002241977596728243,0.04954661256095904,0.4654912522391542,0.11079167469770787
2024-09-18,6.428533294157993,0.2210217574870952,0.14476384706223364,0.003487060448894443,0.134970751630549,0.22674056905790904,0.2690160143133186
2024-09-19,6.787486410584185,0.13299336267518622,0.2793726508169424,0.0001315321053720048,0.014842761591996366,0.42289638281615555,0.14976330999434745
2024-09-20,6.635462062133002,0.20287659234645278,0.19510702952025744,0.0008437395404410545,0.05953099323154838,0.30694233643903657,0.23469930892226384
2024-09-23,6.7592527683394,0.17619359427954245,0.22479487172041168,0.0001796057024158211,0.020868323174681142,0.3806745946200491,0.1972890105028998
2024-09-24,6.807385859366843,0.11458844131005524,0.25893131774649786,0.00044557534008180845,0.03492638382108209,0.44577379731163336,0.1453344844706497
2024-09-25,6.5257069754215395,0.2524410721379256,0.1564601859509043,0.0006774477711917224,0.058212356485325516,0.23691445920559395,0.295294478449059
2024-09-26,6.408464609601205,0.18856960641694878,0.1533291916033566,0.004659276397257318,0.19897669335666654,0.22576402612693117,0.22870120609883954
2024-09-27,6.370107053961851,0.2827799345260117,0.10088342106628588,0.0017484175919430832,0.15830569736049824,0.1439382167049132,0.31234431275034785
2024-09-30,6.639025020951523,0.1943521974961304,0.21658513901062543,0.00022960390352845614,0.028331795933021122,0.3393870647666007,0.22111419889009387
2024-10-01,6.572447054255198,0.22816709180815012,0.1895148933119502,0.0012408774436209595,0.06739031789479463,0.26506265386088057,0.2486241656806035
2024-10-02,6.697823519150275,0.13479917651161114,0.24621495928842438,0.000689176094628999,0.047376915855312896,0.4044118580803848,0.16650791416963784
2024-10-03,6.224369433899795,0.25432586169474347,0.07623381358861653,0.02624274449699016,0.22026128333449074,0.11884516978013121,0.3040911271050279
2024-10-04,6.240368095855266,0.3024207651269798,0.05159884156574152,0.010319136375816291,0.22121965888962034,0.07700220270638398,0.3374393953354581
2024-10-07,6.485385004570706,0.23270604154603372,0.15210630321390015,0.001906512498475272,0.11479255898752451,0.25497224110114053,0.24351634265292582
2024-10-08,6.523050073639923,0.21301730149591216,0.143322768710955,0.0017546937533840417,0.13721649290218438,0.24673147650707394,0.25795726663049046
2024-10-09,6.478021138352049,0.2732018975022144,0.12843213468473114,0.0017025000929476995,0.07382243619099667,0.19302610525229863,0.32981492627681147
2024-10-10,6.401845702802971,0.2886985247416771,0.10505165235311285,0.001571544542714144,0.12578729373121636,0.15094667405002413,0.3279443105812554
2024-10-11,6.703168649107036,0.16658605627683062,0.22210486990240488,0.0004564249748910466,0.0348197979758643,0.38374660528582377,0.19228624558418533
2024-10-14,6.5051393917506415,0.2531653632397568,0.1362964918432025,0.0025544109091493266,0.09779194877368823,0.24431059630371071,0.26588118893049245
2024-10-15,6.477796623401171,0.2613304690036877,0.14082150842229824,0.0014218629126281303,0.09684751563810404,0.21560599247645512,0.28397265154682677
2024-10-16,6.626774581841979,0.21138852123105947,0.1974845531156323,0.0006667780188798672,0.03906092184833256,0.31160957567726505,0.23978965010883072
2024-10-17,6.728465132076205,0.14404688247988812,0.2179456974927118,0.0008567349407458386,0.06063683175032908,0.40028390340736103,0.17622994992896415
2024-10-18,6.335565032988967,0.226899160033218,0.10617589612184807,0.010959703748190719,0.216204628546547,0.18567118873642185,0.25408942281377433
2024-10-21,6.587071779451927,0.22739071548552658,0.1940481746439403,0.00038062679183401373,0.03745423500920473,0.29049073935891306,0.25023550871058126
2024-10-22,6.81670512723927,0.09016642118727082,0.2895585486506714,0.0012278816092470928,0.04848691770582813,0.47291847854238267,0.09764175230459987
2024-10-23,6.637112270187602,0.13185086993934358,0.24559056164655488,0.003009338383995373,0.08029808890502137,0.39226748222050717,0.14698365890457762
2024-10-24,6.6227362879181015,0.11038748542364103,0.22775444942171946,0.012407579308222222,0.13385448610970066,0.3987218931885358,0.11687410654818083
2024-10-25,6.442839203766643,0.18435212803417084,0.16662403801749776,0.012502083800345506,0.15552991766122862,0.28146761287748706,0.19952421960927022
2024-10-28,6.8547482488392255,0.08478187093786671,0.3129599959936559,8.301059626702145e-05,0.008001656258206149,0.4950301931450243,0.09914327306897988
2024-10-29,6.861822846990737,0.0879371377000848,0.29779066310114577,0.00039363996103403506,0.027609214562532878,0.48866313714328086,0.09760620753192158
2024-10-30,6.773900042647114,0.14780099717769685,0.2347709828033306,0.00016911052808142734,0.01723547014362604,0.4322368047614696,0.16778663458579549
2024-10-31,6.704287135415104,0.1360118322608324,0.23213580877756626,0.0009275429327270966,0.071323513602719,0.4008449159407847,0.15875638648537058
2024-11-01,6.664369913781076,0.1422330412620862,0.21720638751773794,0.004603328690564245,0.1100725792479316,0.3782594734196961,0.1476251898619839
2024-11-04,6.314853650665728,0.35771412412660203,0.042273885638387715,0.0027132710339239554,0.16564465403619427,0.06561817798805102,0.36603588717684105
2024-11-05,6.876842157657035,0.092982528519782,0.3034660608672838,0.0002854257816710351,0.020312456430306682,0.4778222966058588,0.10513123179509774
2024-11-06,6.690146955393559,0.12060594912731333,0.24723569294486858,0.0012119452077658083,0.08986723122003702,0.3867984888308842,0.15428069266913103
2024-11-07,6.6544300850360445,0.19748241560998128,0.21474741401271097,0.00041756806353143787,0.034352188298853795,0.35391796824870897,0.1990824457662135
2024-11-08,6.526703799065377,0.19185921824403532,0.17729690533126144,0.003297492207857412,0.1175088801417206,0.3099245471384236,0.20011295693670167
2024-11-11,6.2785464246768745,0.3066661089127517,0.06552993438022092,0.0029931966063725967,0.20662927691354238,0.10431525662964437,0.313866226557468
2024-11-12,6.267505023631306,0.26532616683775967,0.07736676148269213,0.007913895478263492,0.24099327120530706,0.12352664787818178,0.2848732571177958
2024-11-13,6.211226179932786,0.3201801873770782,0.03334799513349597,0.004111180418057649,0.2503832028365017,0.040935174767901795,0.3510422594669647
2024-11-14,6.215791554389565,0.30589308764982304,0.04986765154520692,0.005059781447944151,0.23139027984207922,0.06875192339459128,0.33903727612035534
2024-11-15,6.324843695354176,0.2883791473773708,0.08540030577383294,0.005066932602275163,0.1538921977026884,0.14113995167555557,0.3261214648682771
2024-11-18,6.138685076378226,0.3115972101141683,0.025681675132400193,0.03301102166930142,0.26684318902301396,0.030801678121558942,0.3320652259395571
2024-11-19,6.0876306079275615,0.2973558570752689,0.03018917234848375,0.012175882113188355,0.29946092065490426,0.035103086802591034,0.3257150810055637
2024-11-20,6.00857825155292,0.1740625780225623,0.02856653753603564,0.020930638785867147,0.5217297961986898,0.04158066599123822,0.21312978346560693
2024-11-21,6.263528742710863,0.2691474267870793,0.0682728535827352,0.008150141013887707,0.21373121716903634,0.09877448449686675,0.34192387695039467
2024-11-22,6.357691747616426,0.20488542434726212,0.12179296748098564,0.004429841462726653,0.24032597172328304,0.18906143709566525,0.2395043578900773
2024-11-25,6.526624366917854,0.2723458296772193,0.1469703838937543,0.0004604125504520666,0.04977871257684987,0.2345626630498668,0.2958819982518576
2024-11-26,6.461374464520161,0.2775152022781285,0.13118814617627036,0.0008593867617095644,0.08041580203714546,0.18789405605410311,0.322127406692643
2024-11-27,6.846293646666353,0.10377025618142247,0.2968665389095858,0.00016407453133356775,0.010438836986538799,0.47018799952322043,0.11857229386789896
2024-11-28,6.569155932936403,0.20229207048644957,0.1757581520092548,0.020029958149499986,0.06696519320038065,0.30908621573896033,0.22586841041545466
2024-11-29,6.541850650416516,0.1675004405410194,0.19404561800132675,0.002897878293917749,0.1429810680679527,0.2895252455517878,0.2030497495439956
2024-12-02,6.648844508679836,0.16297066257974738,0.2387443082357118,0.0004616362968212415,0.03437489645730181,0.39521798188436036,0.16823051454605745
2024-12-03,6.482601511527998,0.22438706175692816,0.1644008916514344,0.0013884619707046565,0.08795190221221384,0.26087974848001777,0.2609919339287012
2024-12-04,6.431527643933412,0.3057210634342162,0.11586027441520556,0.0013806494258611873,0.08905232917459525,0.16719060242909026,0.32079508112103156
2024-12-05,6.151686614951062,0.2548720680742564,0.062040700049670036,0.12357607323613301,0.15503958765043052,0.08239373176559607,0.322077839223914
2024-12-06,6.327089890144,0.3199487423392669,0.05331151074055565,0.0050238193607815675,0.1914524783118835,0.08170790794405064,0.34855554130346167
2024-12-09,6.566012565809156,0.13648146065338548,0.216804948607442,0.005775134384506718,0.1391886038151373,0.3442005114528296,0.15754934108669885
2024-12-10,6.335498742239787,0.3677587092961525,0.047376234117656305,0.0013271923783044405,0.11245242636588909,0.06737603329808982,0.40370940454390786
2024-12-11,6.6935821939204505,0.12985870862085297,0.2538554153679897,0.0006434997661404163,0.045387671713333716,0.42296654723488986,0.14728815729679332
2024-12-12,6.43135671321891,0.274397264410983,0.13185698827746886,0.0015718189503616264,0.10120751660933716,0.20101554119897858,0.2899508705528708
2024-12-13,6.473395748815479,0.248305474242376,0.134236362429696,0.0024791344528381446,0.11911689710693099,0.20759339694124815,0.28826873482691073
2024-12-16,6.617597941003112,0.2024844787322636,0.17917959994047813,0.0009098213340638377,0.06496976378083606,0.3078582370495816,0.2445980991627767
2024-12-17,6.582281732197824,0.2516748516998581,0.1670025578259139,0.0004522846346239449,0.042374147072928484,0.27595460836977753,0.262541550396898
2024-12-18,6.925604473985109,0.07587916528346175,0.3063179646582753,0.00011009862041176602,0.00796180753037629,0.5146606627409568,0.09507030116651809
2024-12-19,6.742035821868001,0.16874415115054314,0.2177873056282415,0.0008245834497347591,0.055521726442915094,0.3646111124791821,0.19251112084938343
2024-12-20,6.834901959340659,0.10798296765931528,0.28231543851390606,0.00016490716308223348,0.01092361421238094,0.46996572193594033,0.12864735051537518
2024-12-23,6.929571914249116,0.07487539213498623,0.3020463853848871,0.00018741459134590598,0.011845016506703056,0.516076590199772,0.09496920118230569
2024-12-24,6.961859200106754,0.07783917360022401,0.3066669912279235,0.00012322785655180044,0.0070611823326328605,0.5191020341541517,0.08920739082851613
2024-12-25,6.36146154394098,0.21181991517648516,0.1285480479138948,0.004008710658677501,0.22524823458329826,0.1877339429698125,0.24264114869783177
2024-12-26,6.991694834197275,0.04966629803590903,0.32809450209549346,5.952354579060867e-05,0.003090460084569546,0.5607001467518449,0.058389069486392504
2024-12-27,6.991926435605163,0.06945095498928383,0.31420195380756716,0.0004215675835284266,0.015222621470038685,0.5214052876462275,0.07929761450335439
2024-12-30,7.067726258234862,0.04480048269147065,0.3237800131516437,0.002011783836180314,0.02176466467065721,0.5518046687167081,0.05583838693334008
2024-12-31,6.945145455525776,0.083150066323894,0.29209101668062254,0.0002804257268093211,0.02066202055124752,0.5029250462553813,0.10089142446204537
2025-01-02,6.6425734769194476,0.165873836786568,0.21873379199720902,0.01706130808457516,0.06001431212163157,0.3461001076965231,0.1922166433134931
2025-01-03,6.589613171471942,0.20710012766511415,0.17478939969360718,0.003544020135389818,0.08258908152351743,0.3132775178743254,0.21869985310804602
2025-01-06,6.716490474412783,0.13334179599179843,0.24489655970538615,0.000915547507491759,0.05661218408679357,0.422838525321316,0.1413953873872141
2025-01-07,6.6989214809350655,0.12176051563322102,0.24283809981832835,0.003620266571841722,0.0855926340094974,0.4154087428882475,0.13077974107886398
2025-01-08,6.453655548060721,0.2902399689454011,0.11291122252621381,0.001570189800821045,0.08238125924502512,0.17647307257797404,0.3364242869045649
2025-01-09,6.420565692915457,0.22218266812673917,0.1431765231113036,0.0022158263894694586,0.15548293942088962,0.2441721225689778,0.23276992038262037
2025-01-10,6.447496340638807,0.23751199982697452,0.1460263318277004,0.0034722609701109417,0.10290627497741252,0.2619070674548551,0.24817606494294658
2025-01-13,6.357369253727948,0.257621282041483,0.09395693092808938,0.0028741702649725353,0.1777608698785391,0.16149069937912716,0.3062960475077888
2025-01-14,6.426005125323024,0.20494086633011302,0.15636712700433175,0.0025623107532808257,0.15279958616081166,0.2598333423060704,0.22349676744539235
2025-01-15,6.509875613310296,0.25353071423971235,0.15805614344693852,0.0006566284871904581,0.053819191725286944,0.2470147209638552,0.2869226011370165
2025-01-16,6.590172002150002,0.22541435623482955,0.17313893617358975,0.0004895616612191436,0.04684688403111356,0.30426455285199044,0.24984570904725756
2025-01-17,6.55567470419638,0.2364871916511035,0.16911699266132668,0.001110337469892686,0.06820043258408916,0.2589326872593667,0.2661523583742213
2025-01-20,6.688207613184214,0.1719245694186125,0.22454751250221305,0.00030197430298535126,0.03144293819071161,0.3679468922401403,0.2038361133453371
2025-01-21,6.672368772613736,0.18430636413536217,0.18636805002750825,0.0032961812257440897,0.08152144771304269,0.3403340579110678,0.20417389898727495
2025-01-22,6.506137695458706,0.29270309669461597,0.132804927571769,0.00045900757482110574,0.04852018333694354,0.21855705349063898,0.3069557313312114
2025-01-23,6.248885494124562,0.2784591846612685,0.06184302728685395,0.005388111862083046,0.20156073311388367,0.08289503780895699,0.36985390526695383
2025-01-24,6.669702106977936,0.19028061959312972,0.2245447175554975,0.0002583377826469596,0.026904349276703834,0.3384433369442611,0.21956863884776087
2025-02-03,6.31949537554134,0.2900322571904241,0.08146729748119823,0.01286906629732671,0.1698266278033582,0.12575296278193226,0.3200517884457605
2025-02-04,6.534491199887427,0.26432653073566315,0.13795537780710643,0.001401130394609573,0.06305013721041001,0.22114981690684668,0.31211700694536415
2025-02-05,6.7030024943264985,0.1757802615127534,0.2149556659439562,0.00031619123821153005,0.031701764446186054,0.3628683262881509,0.21437779057074188
2025-02-06,6.700329225283001,0.14915557948927763,0.23627809721188406,0.0022332859146765136,0.05621116264395151,0.388683317624554,0.16743855711565628
2025-02-07,6.647770670189422,0.21038919429770891,0.19950626378634742,0.0002548886434466569,0.029484794611775545,0.30987930220394516,0.2504855564567763
2025-02-10,6.3970354259865,0.2755063184158921,0.09731133050304956,0.004970416176560563,0.14286691191878015,0.16486302395901478,0.3144819990267028
2025-02-11,6.63970241806513,0.23737533114710396,0.1903742891178455,0.00016124752197211342,0.019165148281640617,0.2903684005497726,0.26255558338166524
2025-02-12,7.008078225896979,0.06150942648539132,0.3098141581800897,0.00013353629810642967,0.006455319249462337,0.5526537013247752,0.06943385846217505
2025-02-13,6.729927867043134,0.17630543016950448,0.23103681217255045,0.0001320952502962143,0.015011477834403493,0.3626056541308543,0.21490853044239108
2025-02-14,6.746400590738935,0.15696859024861756,0.23356383413508633,0.0005592585085772018,0.03196585703524765,0.39904557678543323,0.17789688328703798
2025-02-17,6.810586434216761,0.12339415797492732,0.2718333575744484,0.00010800218216667716,0.009513460359444168,0.46462892451251403,0.13052209739649945
2025-02-18,6.563518280621678,0.22769422938906475,0.1736323529882787,0.0012284176464515014,0.07073444582060365,0.26575706486615236,0.26095348928944906
2025-02-19,6.537518600611991,0.24720473473329324,0.15795281177843978,0.0007306020176349376,0.049736520088544386,0.24771262839322997,0.29666270298885766
2025-02-20,6.813551217234209,0.12675454503465933,0.27618602498771166,0.0003110388120568782,0.022345312699296738,0.43891341392418237,0.135489664542093
2025-02-21,6.716798110594516,0.1707877222600088,0.22961912551315972,0.00018140957190167936,0.019586565825706653,0.3719258366204434,0.20789934020877981
2025-02-24,6.589457133630002,0.20286443682531302,0.18775121419503388,0.0008236975961647419,0.0617534609454827,0.2932622631727398,0.2535449272652659
2025-02-25,6.722875244772815,0.1779245949243751,0.23033704431926696,0.00017917097189705826,0.020706467841579913,0.3819116262389608,0.18894109570392015
2025-02-26,6.929663149691631,0.08432266012530656,0.2961078897395103,0.00010358557697173979,0.008136200781778348,0.5149075650368039,0.09642209873962919
2025-02-27,6.7460577667719885,0.12110568850707061,0.23264228006316914,0.0016479964790073393,0.083960353045252,0.41353196491020144,0.14711171699529949
2025-02-28,6.377765631524664,0.25744592085089324,0.11657373089250614,0.0036398937870299026,0.15905157135116862,0.17800347562667732,0.2852854074917248
2025-03-03,6.586694284529051,0.22978496741109838,0.17809212499037536,0.0005799080872984228,0.048342423085515035,0.29090318362321593,0.2522973928024969
2025-03-04,6.626257815533946,0.12702228199024865,0.22084775655269556,0.0029260742427399847,0.13185953030388,0.35748465568680143,0.15985970122363435
2025-03-05,6.627739581161084,0.24573187306180616,0.1746381160939743,0.00037165121523523927,0.03769393120406398,0.2712522740324613,0.27031215439245904
2025-03-06,6.610205048989135,0.21657245409472517,0.1907291610356347,0.00032980959373250774,0.037419769463703775,0.3047954619382621,0.2501533438739418
2025-03-07,6.652679489465111,0.17160685568715728,0.22871286035998872,0.0006580587722715055,0.05361023664429227,0.33798247865801156,0.20742950987827863
2025-03-10,6.694710358917033,0.1454428324669113,0.22869318340011774,0.001273990122244314,0.07727425423965695,0.3853426140605311,0.16197312571053857
2025-03-11,6.746165399901773,0.14694196233869414,0.260647243238474,0.0006636630300237705,0.029616141500057876,0.38327753618156535,0.17885345371118486
2025-03-12,6.528410426140131,0.2441716793165621,0.1524419245347837,0.0009902625852321516,0.09211427153827408,0.2484752612585424,0.26180660076660556
2025-03-13,6.480306915831277,0.2853498982815836,0.12052682284630757,0.001092784603454519,0.10006865991447739,0.18570607189375404,0.3072557624604229
2025-03-14,6.654205014511871,0.22199030285150811,0.2030088711725419,0.000216271843950066,0.0272517942998292,0.3073638514196627,0.240168908412508
2025-03-17,6.83420118597128,0.10128937997625075,0.3046396084716249,7.064240272413115e-05,0.007035854773688923,0.468474272003985,0.11849024237172626
2025-03-18,6.980327975847484,0.08160158611195412,0.28898654292768805,0.0002175074716277821,0.01879715692698937,0.5226384728216681,0.08775873374007262
2025-03-19,6.740917012469958,0.16303345080629575,0.23982449981074486,0.000246787315280844,0.01669115050410126,0.40523368852655894,0.17497042303701837
2025-03-20,6.80155488348394,0.13574512823455276,0.24866404950291157,0.00025048871948342145,0.023790071824929915,0.4377127789525633,0.15383748276555903
2025-03-21,6.7785891460692715,0.15001967762679017,0.2508486893621865,0.0001796528225287554,0.01834868404665186,0.4039812577464341,0.17662203839540858
2025-03-24,6.630790143203949,0.16804206912237224,0.2257259504066512,0.0004415581944924048,0.03744135173215743,0.3612052976603622,0.20714377288396452
2025-03-25,6.775937718433964,0.13016129276599625,0.26750570874923296,0.00016628126867147182,0.01400353426902707,0.44571978890014413,0.14244339404692805
2025-03-26,6.549715057164588,0.20694276284168234,0.17366852839020347,0.002227762312854201,0.09547375284367711,0.29231482424442284,0.22937236936716004
2025-03-27,6.572341484284967,0.22537143737479967,0.1911054980078341,0.000255093248188324,0.02926228941499153,0.2992069225451589,0.2547987594090275
2025-03-28,6.667780838086719,0.1732164224621296,0.22358226237095194,0.0003103587407706924,0.02943070754716267,0.3807229281001043,0.19273732077888084
2025-03-31,6.913392020072615,0.06631642428490118,0.3140033549588981,0.00011208533269739959,0.007167575972086882,0.5290176894745193,0.08338286997689713
2025-04-01,6.989530637223306,0.05989647476640842,0.31235880341187067,0.0003611666665885061,0.013541553052915123,0.5344363405510643,0.07940566155115304
2025-04-02,6.934098406537415,0.09013548460445689,0.30562082399381435,9.749627286133646e-05,0.008025439507664983,0.49534672227715004,0.10077403334405245
2025-04-03,5.554897843317941,0.037063146816802485,0.016642568920176962,0.3213342485222735,0.5571028309026194,0.02934742199683556,0.03850978284129218
2025-04-04,4.930275628658896,0.0009307534733351919,0.00024542931742234673,0.8942120460763243,0.10112492731700343,0.00021330351587098634,0.003273540300043773
2025-04-08,5.018246986998031,0.006750809117165296,0.01673603273331412,0.8041784379420801,0.13304241456207144,0.030953948772542962,0.008338356872826075
2025-04-09,3.65087598905618,3.641623883355516e-05,2.3517934508789595e-05,0.9805879995401371,0.019098371274992944,0.00011951979903283646,0.00013417521249483707
2025-04-10,7.093626759096047,0.12931144691905794,0.24847290429770885,0.009878459636854972,0.08011440206388554,0.38797037046835575,0.14425241661413687
2025-04-11,5.315111444115121,0.017397390915093066,0.0021927099746425665,0.3989819637548157,0.5575319132846499,0.0015843829253580635,0.022311639145440768
2025-04-14,6.1574859927727905,0.2363140078785417,0.04476594557236509,0.038621994296646055,0.3293327203523995,0.06285682694786321,0.28810850495218443
2025-04-15,5.904185344487952,0.14501377632143195,0.009214044941423482,0.034165279059687394,0.6402902913984382,0.012654036195666839,0.15866257208335222
2025-04-16,6.249964987801895,0.2410121992597777,0.09334205487744116,0.0710075174891815,0.17647294132922445,0.15481768594493767,0.2633476010994375
2025-04-17,6.164176820578766,0.3263979625760264,0.02227692812935372,0.014981411193875858,0.2479916400933188,0.026810847968705143,0.36154121003872
2025-04-18,6.285643327697516,0.2570401238828875,0.08991720803543951,0.01655911330233801,0.20534593749651117,0.14540723490975227,0.2857303823730716
2025-04-21,6.113154015078764,0.2798003030426879,0.017351905863234287,0.006187490554647565,0.37022560945552857,0.01933877384922602,0.3070959172346756
2025-04-22,5.328457486176417,0.14682295233840517,0.08518187973286692,0.3469016642053173,0.12296721492684422,0.13408617291956404,0.16404011587700232
2025-04-23,5.640779944605369,0.032428047456269135,0.00121977916895469,0.11342835663582718,0.8072405300769273,0.001148978568603061,0.04453430809341855
2025-04-24,6.166412599928438,0.31709886268119014,0.023012277327661094,0.005801415617259845,0.2602907838906513,0.030113638522922318,0.3636830219603153
2025-04-25,6.546739020715403,0.2122052928386845,0.17559355720298087,0.0010698226520364192,0.07828114867431539,0.28918150913800705,0.24366866949397578
2025-04-28,6.622961359178224,0.20150940287033112,0.21214128306795346,0.0002151748988514707,0.024458674758384525,0.34110575500336326,0.2205697094011162
2025-04-29,6.884350381052868,0.1103035533176658,0.2928078635017351,0.00010569271455359711,0.00951144389158875,0.4725643486883168,0.11470709788613992
2025-05-05,6.837890182539478,0.12358741659946629,0.25677535281564573,0.001066899346727226,0.05133542386796394,0.4280036117154908,0.13923129565470604
2025-05-06,6.480265082448689,0.15164591101090608,0.1875046932489033,0.00933487862405497,0.17735277115137763,0.3044699172185547,0.16969182874620328
2025-05-07,6.7343879030580505,0.15958196880122222,0.23142289568323188,0.000727116106750435,0.052764112027618534,0.3698758369183844,0.1856280704627926
2025-05-08,6.564918155280389,0.0468565480255997,0.2404475218931823,0.06166308895146963,0.1898750194658045,0.3917300200583061,0.06942780160563776
2025-05-09,6.373472287892358,0.24505294612304582,0.11610002794545862,0.004247821605159372,0.19243137295965643,0.17621742302714946,0.26595040833953026
2025-05-12,6.102111494742167,0.2757891051587254,0.03008275492531309,0.023840120886608935,0.31613529649734995,0.03953680986729297,0.3146159126647097
2025-05-13,6.550038810362582,0.17713889153623588,0.19488718583948683,0.00219126247202604,0.12234101996271182,0.2929736791442102,0.21046796104532925
2025-05-14,6.123248959904915,0.2642016952903144,0.04115324644987315,0.006856494789514018,0.3099245052068849,0.048690835034107094,0.3291732232293065
2025-05-15,6.509422114390143,0.25651589238844064,0.14470982195964807,0.0011653626809930186,0.06602479371168025,0.231842474782176,0.299741654477062
2025-05-16,6.326048275134428,0.31900794414497874,0.07223790720989022,0.0016294208793406339,0.14739403652813757,0.11826883917574414,0.34146185206190877
2025-05-19,6.280030443075813,0.27229939897489175,0.08508643953178326,0.003406864333497814,0.2090467229081652,0.11731441886762077,0.31284615538404126
2025-05-20,6.116816563012759,0.2609116364491468,0.025883823742981437,0.006156827155033009,0.3291159579669749,0.03241788176228079,0.34551387292358304
2025-05-21,6.254508802631394,0.23329840453493111,0.06598214240925623,0.011039721355056393,0.3224225098112719,0.08967291864022171,0.2775843032492626
2025-05-22,6.286338694902746,0.32571604646827085,0.059270165962606515,0.002658401133192052,0.14580196757757477,0.07590746332193354,0.3906459555364223
2025-05-23,6.456367107421285,0.322327096123072,0.09829565526592321,0.0005360982746144108,0.06045799105949643,0.15086286107178448,0.36752029820510945
2025-05-26,5.48061845385292,0.12126978763891992,0.011864921001809432,0.26453732957626325,0.43509406756541086,0.01361955621580845,0.1536143380017881
2025-05-27,6.218721243623314,0.24885441981646206,0.05841625009391403,0.005556368817405505,0.3148225893117828,0.09121905067631632,0.2811313212841193
2025-05-28,6.385500118305951,0.2580246409027765,0.107055669518285,0.006008956182316645,0.16886021228770873,0.16352324141683242,0.29652727969208076
2025-05-29,6.622973472429688,0.2627028833909809,0.15565723435520273,0.00043051907098978315,0.04197726652737533,0.25835779108576595,0.2808743055696853
2025-05-30,6.8166578288079664,0.1210848810131509,0.2688100800647859,0.00010563345442392398,0.01044266757367892,0.45888375338831794,0.14067298450564242
2025-06-02,6.658746752619474,0.20719482755309657,0.20482427798862735,0.00022760139420629957,0.025583249962242226,0.3174440855987343,0.24472595750309328
2025-06-03,6.342461139548682,0.23554742223722683,0.11810131583884874,0.003932715888431831,0.18732982911910886,0.16685773112096497,0.2882309857954187
2025-06-04,6.715579170859378,0.14081739635091386,0.23633565161617653,0.0010981692014663995,0.08464710240507907,0.38898316131779836,0.1481185191085658
2025-06-05,6.761170776440814,0.14107345010864064,0.2620624464659759,0.00017322965358416702,0.011271124166671611,0.43236952918405475,0.15305022042107294
2025-06-06,6.363319885008867,0.31044164882531744,0.07590052799299897,0.015927268957997797,0.12651358360970877,0.12538060736108197,0.345836363252895
2025-06-09,6.577776008987785,0.2459619939268751,0.16215949870535007,0.000887005776606589,0.06330354962213923,0.2876850267591445,0.24000292520988453
2025-06-10,6.315414389771924,0.2951831668456754,0.07534381233027111,0.004090627790407284,0.17266806819653932,0.10492885198566004,0.3477854728514469
2025-06-11,6.522952304761025,0.31435976490008344,0.1106325314329738,0.00024295157578017052,0.03510715139510366,0.17936672545879434,0.36029087523726455
2025-06-12,6.325914576370434,0.16902957214516173,0.13911153533632464,0.058311774444127544,0.2068322015366052,0.23059052539436492,0.19612439114341593
2025-06-13,6.126593212409902,0.26256782595041334,0.040529104724437624,0.013788465873567088,0.34991196229905197,0.060467044773578,0.272735596378952
2025-06-16,6.352026865926337,0.24349353255086284,0.11109095810412499,0.004987362934016635,0.1763582829703578,0.16748645393820077,0.296583409502437
2025-06-17,6.2573994113315,0.297458328399646,0.051111147316519695,0.003996931797171416,0.23434176375167598,0.07190041796767797,0.34119141076730897
2025-06-18,6.414603812356487,0.26523449171047364,0.12024546345120743,0.0013333668014885002,0.11789022902070186,0.18768919506654502,0.30760725394958355
2025-06-19,6.7039383162087045,0.17236572939084457,0.22584396645109675,0.0003393251938234977,0.034304919132960306,0.3482095157183378,0.21893654411293711
2025-06-20,6.530708202549262,0.22628423862026745,0.158809347496814,0.003919508549011093,0.08955915742727459,0.2651306453265465,0.25629710258008637
2025-06-23,6.44225231071587,0.23267813784016136,0.13353682277174742,0.002174124750392506,0.12882413444462085,0.21055843541606759,0.29222834477701026
2025-06-24,6.322944156830678,0.30860935739114354,0.0736334583273078,0.003895315740794436,0.17261754571255747,0.10007079253995595,0.34117353028824077
2025-06-25,6.556818841996166,0.19892207600620546,0.20208640427419688,0.0009958813837231987,0.0724579280271419,0.29637691042371556,0.22916079988501703
2025-06-26,6.559841213793946,0.2003046538655455,0.17887312419729404,0.013708685241868676,0.07557867420163962,0.3097134607851759,0.22182140170847628
2025-06-27,6.573346673529676,0.2173580318714265,0.19036543254618682,0.00035401673341477137,0.034391540789210875,0.29876464319567203,0.258766334864089
2025-06-30,6.877276092749384,0.09395692763214099,0.2957598945080022,0.00012017002486184199,0.008860035609413265,0.49815432820883815,0.1031486440167435
2025-07-01,6.746126948919822,0.1176719566242168,0.2686792515164339,0.00030004390178698433,0.018468978500076342,0.45615493452093053,0.13872483493655544
2025-07-02,6.60673410635219,0.16949458612659074,0.2321355014649792,0.0006498341812405679,0.05060724443503093,0.3430437096108905,0.20406912418126807
2025-07-03,6.407551237430346,0.2180750079430401,0.1418380633731807,0.014280725281468589,0.1752586541619502,0.21370637483851046,0.23684117440184999
2025-07-04,6.746249327778289,0.14948021328610941,0.24517525909212337,0.000390895753995422,0.01782497962554759,0.40411224227723164,0.18301640996499255
2025-07-07,6.554174931115776,0.25470165667722744,0.15301810185493253,0.0004963478518156804,0.05219268060285314,0.23031762758249452,0.3092735854306767
2025-07-08,6.418185318076871,0.3003740380305577,0.09868692809491383,0.0017792804223466386,0.10355338539100248,0.13712290346344197,0.35848346459773733
2025-07-09,6.2767297509649485,0.27264460595454165,0.08131181202084029,0.0031552617740008755,0.20377163545347812,0.10119954100782368,0.33791714378931537
2025-07-10,6.137698285626758,0.2550107815329482,0.05726187007778706,0.03611684284961442,0.2615842509196853,0.06469695724692753,0.3253292973730375
2025-07-11,5.903728409981455,0.14310383412776667,0.015662800681806446,0.021845652957435752,0.6058729997023012,0.01727087906085659,0.1962438334698332
2025-07-14,5.626551117262686,0.06515809796610089,0.00273543339175068,0.2276026092353702,0.6151764319544377,0.0022209894445347914,0.08710643800780572
2025-07-15,6.355565284405585,0.28322620017109856,0.0999821305967955,0.0045103184544276346,0.15094483850637516,0.14161826357139995,0.3197182486999031
2025-07-16,6.547657476983018,0.11130211868729864,0.24320151607499157,0.02760090304982713,0.11559534701273558,0.3562534406105848,0.14604667456456227
2025-07-17,6.226147715780354,0.2519562452683522,0.050109098855018734,0.0042417381052643425,0.30807290606132415,0.06630305820025524,0.31931695350978534
2025-07-18,6.014110614369543,0.187742198172354,0.025361072164203188,0.017943379992673855,0.5205521195222413,0.03150033691097694,0.21690089323755068
2025-07-21,5.914882024358795,0.15865639750033558,0.010683334070136326,0.024456663309177912,0.6295191043112789,0.01670426788411803,0.15998023292495328
2025-07-22,6.134056716130486,0.2648067422278212,0.03530857148076718,0.02112969191594621,0.2952567166656281,0.05435648385071296,0.3291417938591244
2025-07-23,5.822977435506424,0.12928287772687802,0.018042796211974996,0.1124127845074155,0.5618538730167523,0.022793447661633152,0.15561422087534607
2025-07-24,6.0690253750707575,0.2678633571281726,0.034801343771486304,0.05356805259961332,0.29731286847470795,0.049190507626988345,0.29726387039903146
2025-07-25,6.214388764597729,0.2808247241099402,0.054274210498747914,0.005135189665208087,0.24224399531303206,0.07136306376067057,0.3461588166524012
2025-07-28,6.255152073807759,0.26048536923962967,0.06716883258835749,0.00362888205852117,0.26440486940205427,0.08398353118846442,0.320328515522973
2025-07-29,5.392349304560793,0.0441862564595367,0.0013147184049039286,0.3089755778049917,0.6023143925737404,0.0019670915115337063,0.041241963245293674
2025-07-30,5.592933959844601,0.11321779748010914,0.01017124890516641,0.3345715358565482,0.4065939606526648,0.018703721055990028,0.11674173604952137
2025-07-31,5.529733444952613,0.030194378165209156,0.000887964544754324,0.2525741115098549,0.6803064720300304,0.0006199392223141567,0.03541713452783707
2025-08-01,5.983277210469017,0.2264439503587671,0.021593380849812358,0.023856016731585265,0.4678341432259488,0.03023166458165862,0.23004084425222782
2025-08-04,5.944147084949549,0.14996196963586547,0.014094213173430186,0.02360988726068491,0.5788918917050343,0.012107696246260449,0.22133434197872473
2025-08-05,5.155253415423708,0.01960305824016861,0.0007378527457698381,0.3191713525280262,0.6320887990208303,0.0007872261038347439,0.027611711361370268
2025-08-06,5.296286423004346,0.019453158733123272,0.0008381577774952262,0.5085071846290637,0.44207775240986685,0.0007427631567736919,0.028380983293677255
2025-08-07,5.717892155900234,0.05316871751666464,0.0024254331307828466,0.06559314551785016,0.797552874769881,0.0022078999839459917,0.07905192908087535
2025-08-08,5.821700419000763,0.14033071071868744,0.006244915656658954,0.057368800297494145,0.6403722617587468,0.00645863947406632,0.14922467209434628
2025-08-11,5.9324556285675305,0.1386173973916868,0.005812917895519313,0.013136906581443725,0.6819697657797549,0.0037623853239733716,0.15670062702762189
2025-08-12,6.236401247568751,0.3264051240421951,0.036736562870376764,0.0026617094099268455,0.2073838563617675,0.05260983411973138,0.37420291319600235
2025-08-13,5.753725356856379,0.16390595474493855,0.010373296640180734,0.12766701516927106,0.533020996053212,0.013731239799959532,0.1513014975924382
2025-08-14,5.792680467743505,0.1164433089425756,0.009132794030878274,0.05571214068082187,0.6528519297241927,0.012531178067607649,0.1533286485539239
2025-08-15,5.691653811872052,0.06939889464194765,0.0031255212467599953,0.07589659231248429,0.7703099241738309,0.0033400576054748742,0.07792901001950231
2025-08-18,6.07734949444905,0.19025100223387298,0.03305077786076543,0.009727235319998816,0.5123828497625548,0.04166600750335692,0.21292212731945107
2025-08-19,5.9171512989962824,0.1728580144538129,0.028503423992679078,0.059249972241829735,0.5011460902402071,0.04009622239192969,0.19814627667954146
2025-08-20,5.464748031088854,0.04285004882994052,0.0023447097572009703,0.3778683440917811,0.5310922955100785,0.0025983594635183493,0.04324624234748047
2025-08-21,5.82787597718689,0.12479553517833979,0.00795909115203942,0.08577416192019356,0.6286125911982301,0.00954004996168556,0.14331857058951156
2025-08-22,5.021986090729125,0.009193555834588184,0.0004741499316094536,0.7062915290256595,0.26977061496859145,0.0005933479991487019,0.013676802240402712
2025-08-25,5.393378745106186,0.014981570351968315,0.0010028937777094493,0.4079017958441284,0.5529630849487247,0.001002235856977043,0.022148419220492103
2025-08-26,5.564059480132017,0.03321008874650414,0.0015509487273205065,0.2241836415668205,0.6982278512927025,0.002110154533338669,0.040717315133313704
2025-08-27,5.5290501550952635,0.019774801025962838,0.000530209956624742,0.1313649127092189,0.8183774451720401,0.0003784506756775595,0.02957418046047577
2025-08-28,5.52651659802085,0.05639114767072041,0.0034557704636927673,0.27187747056224343,0.5995045464325246,0.004304069008747646,0.0644669958620711
2025-08-29,5.959676964461462,0.16288425392160577,0.009004203808306466,0.012430791736302743,0.6146039226629485,0.008520295519480234,0.19255653235135622
2025-09-03,5.823154271456046,0.08310143928382266,0.0047425431875126834,0.028686849391181622,0.7733592343770297,0.004275803242236857,0.10583413051821651
2025-09-04,6.149061033495511,0.24241538200406867,0.04651588287931834,0.005675457797025184,0.333611200916259,0.07785439376668113,0.2939276826366477
2025-09-05,5.9461558834482435,0.24224626838651464,0.017064889856377687,0.06300040470161303,0.39713558178144354,0.02454118637013152,0.2560116689039196
2025-09-08,5.6386503103373204,0.061325669774787095,0.0025169132612074562,0.1220104113710393,0.7393521584288625,0.0026863141270989303,0.07210853303700476
2025-09-09,5.802546982463799,0.13053536329427406,0.006767895449088657,0.10702087173263776,0.6033783923779106,0.006085051140057015,0.14621242600603188
2025-09-10,5.880908583148253,0.17210153091656205,0.018226073739055014,0.04724539772226563,0.5573165979386097,0.023428003485763883,0.18168239619774373
2025-09-11,5.341345881449125,0.03621557332625021,0.0020833890143015553,0.4548846926485551,0.4684329283358233,0.00257787046285223,0.035805546212217716
2025-09-12,5.533198593664216,0.03651445742425514,0.0020156254331869625,0.16751619223806546,0.7483571195980957,0.0025218400854836154,0.04307476522091312
2025-09-15,5.9773240182075105,0.14598200042082204,0.010676469351372038,0.010295634300024054,0.6447134636370621,0.011298621174188147,0.17703381111653171
2025-09-16,6.0793389779537215,0.2865123321661457,0.029341575442029755,0.05468823091762555,0.2573236966485475,0.0516001951117467,0.3205339697139048
2025-09-17,6.239143441431134,0.29098725555950816,0.04478879395785449,0.005384694900372465,0.25490582500705905,0.058766941371140226,0.3451664892040656
2025-09-18,6.167861368833322,0.22719064817569248,0.05049987052714579,0.010708167485951573,0.3680709109373269,0.09354541476347787,0.24998498811040534
2025-09-19,6.055868013950685,0.22379989316027943,0.01920412595805346,0.008820464161724809,0.48570008003599774,0.025000921299902303,0.2374745153840423
2025-09-22,5.70130212909303,0.1039688778723027,0.006443887467784195,0.16126479015265258,0.6222935757486033,0.007703675601231375,0.09832519315742577
2025-09-23,6.115587020972915,0.2121451851252079,0.06173820099139806,0.026677045679688493,0.37146465807859635,0.08777583305861594,0.2401990770664932
2025-09-24,5.621994666672073,0.06314545344322213,0.004155225224045334,0.10830745333417982,0.7436059807809942,0.004295371627842204,0.0764905155897163
2025-09-25,6.040831581417113,0.19723835328223016,0.016258095486854005,0.008403667258764026,0.5252774769897156,0.022101302224717668,0.2307211047577186
2025-09-26,6.264685524843816,0.2798552019466116,0.08527010962177109,0.04878213506410757,0.11759326255320562,0.14024935232528743,0.3282499384890167
2025-09-29,5.910417601788356,0.16131146924707332,0.010930141917765219,0.024224932549174367,0.5934013050325386,0.014569258788026397,0.19556289246542208
2025-09-30,6.0856960793566435,0.2239784099538298,0.03466745469291096,0.0414604229348565,0.3992597745579713,0.05901305971549148,0.2416208781449399
2025-10-01,6.257819885947719,0.3309809672603094,0.04753104252875818,0.00655499154908198,0.18197205383131151,0.06308326499583887,0.3698776798347
2025-10-02,6.322531275407973,0.28168352684930825,0.09616357780897301,0.043311707180420295,0.09829551868166751,0.1614054971537449,0.31914017232588604
2025-10-03,6.105992182741588,0.29348299526722044,0.03474902191818689,0.028591558301371212,0.26551175746835,0.049293165792190834,0.3283715012526806
2025-10-06,5.778324836062127,0.1328290293052274,0.029339226608414003,0.1912181471954259,0.44598442842440494,0.03722162902250425,0.16340753944402353
2025-10-07,6.319454493167755,0.3283686598929855,0.06424963534609938,0.004121769316421899,0.15262634160045424,0.10061080402340893,0.35002278982063
2025-10-08,6.11800244831364,0.12444471462389654,0.09283642405571259,0.09244484691523998,0.3696008297105441,0.16677352422490035,0.15389966046970638
2025-10-09,6.068871831038164,0.2053980364327168,0.026144198101819425,0.024513812747157315,0.44679961752864106,0.03354127509969749,0.2636030600899679
2025-10-10,6.1652493236293076,0.27880562827681815,0.043533739351804095,0.016719320684427746,0.2661588270869127,0.05362756178995407,0.34115492281008325
2025-10-13,5.939313305229899,0.1472465444336468,0.01576287317058477,0.019496650826275788,0.5957792967060102,0.02034370812056426,0.2013709267429182
2025-10-14,5.7120933607628865,0.10822252813798176,0.011566757424154679,0.1324890341764065,0.6005117323352633,0.01642486353921047,0.13078508438698327
2025-10-15,6.150301418128418,0.3190672989412085,0.02074448290766162,0.004619501082900485,0.2542663474759366,0.024314739672604987,0.37698762991968787
2025-10-16,6.290140896765305,0.3131324558596565,0.056390592623360214,0.0036335656487147573,0.1970647424951219,0.08999075839925874,0.33978788497388795
2025-10-17,6.078133822941104,0.26196805248951194,0.05349487744547363,0.09570792538345918,0.23317350755295874,0.09240184517805752,0.263253791950539
2025-10-20,5.666752635347367,0.13424968843288573,0.013008550202208681,0.14032716353017477,0.5602149560435938,0.01501741986655803,0.13718222192457882
2025-10-21,5.037567020315644,0.01018489789935365,0.0003757103058513649,0.7110108585982778,0.2652119247698679,0.0005676375972516838,0.012648970829397574
2025-10-22,5.326459130167486,0.015789023973578557,0.000642438459735103,0.3118367265224721,0.6484910224511712,0.0005550571291083877,0.022685731463934718
2025-10-23,5.538456631659596,0.0422918899657701,0.002592271755571131,0.19697876108480372,0.6979541052600851,0.002441787366123481,0.05774118456764655
2025-10-24,5.498293297896589,0.023584149666275273,0.0006417875949365015,0.2928382598852548,0.6567965922345488,0.000592618563397532,0.025546592055587118
2025-10-27,5.346783584928374,0.02239466811386739,0.0007332036578784451,0.39610229133972985,0.5493804924856144,0.0005284647561984206,0.03086087964671151
2025-10-28,5.373500050434577,0.015550119812393317,0.0016180555573445104,0.4121269841329768,0.5495462420525551,0.0008876589644445185,0.02027093948028572
2025-10-29,5.807738657867683,0.07996750663478122,0.005772569038126302,0.04295393305991601,0.7564533252199949,0.005135398063217673,0.10971726798396393
2025-10-30,5.720786900360915,0.11830857516812485,0.007195931449717986,0.15421610527766597,0.5903128472599566,0.009298697886870289,0.12066784295766439
2025-10-31,5.790685072535819,0.10533850143679177,0.008562757421718394,0.09015224943332477,0.6736545099229571,0.010991981165101526,0.11130000062010655
2025-11-03,5.46161748587425,0.04504570123068001,0.004602922988115245,0.2704601811812312,0.6202157703469061,0.005604800253799673,0.054070623999267736
2025-11-04,5.540712486746886,0.023258863899056254,0.000784764233993747,0.20186336360376722,0.746290120246657,0.0009633962533275549,0.0268394917631982
2025-11-05,5.662757237350632,0.05216450357225985,0.002108683726683972,0.08754023994160151,0.7994062633955235,0.001799538086225421,0.05698077127770584
2025-11-06,5.8492588011443765,0.11382328335042122,0.023968045280635966,0.08380434069248822,0.6156521656288934,0.04369722880603919,0.11905493624152201
2025-11-07,5.864091663354829,0.2054045050882757,0.0173235801677849,0.09327430556578445,0.44803652384031295,0.02891585840121087,0.2070452269366311
2025-11-10,5.8711692334967065,0.14012991100314134,0.013319691348845896,0.061368442358925905,0.6246020692038546,0.022350834997743665,0.1382290510874886
2025-11-11,5.624625948970424,0.06839825326489592,0.0030496767726157547,0.17550572076784296,0.670799677557317,0.003222813525393092,0.07902385811193535
2025-11-12,5.858420235930622,0.17828918395501644,0.016121776810035567,0.07333962334827353,0.4978296286399893,0.01770493966875145,0.21671484757793374
2025-11-13,5.9907923068662,0.21941432108761583,0.03644904732504532,0.07276143243751795,0.37477820295025255,0.05865949707659767,0.23793749912297069
2025-11-14,6.221712970602719,0.2796050387635061,0.05689587584914984,0.006936585434332934,0.22728790290839454,0.0741367639903673,0.35513783305424923
2025-11-17,6.000144292093294,0.2160999968091037,0.025706693416298575,0.019957475104844472,0.4442860570441076,0.029296947218854813,0.26465283040679083
2025-11-18,6.2475325890806745,0.2823341854385908,0.07124553159205184,0.0035628821256639435,0.22171121588640536,0.106006799800896,0.3151393851563921
2025-11-19,6.425227604755251,0.26699988671876357,0.12980091471744176,0.00848114797451409,0.09222641681434046,0.2069938638390659,0.2954977699358742
2025-11-20,6.363859320029707,0.2168800186451129,0.12189438937377706,0.004166154554492579,0.2288201620210951,0.1750296776303795,0.2532095977751429
2025-11-21,5.8594903936016705,0.1288398536676866,0.0067558514932212,0.06162952298718689,0.6527072748030494,0.006870072635093341,0.14319742441376263
2025-11-24,6.17572118860293,0.23329223229229418,0.05284470240252757,0.005400376565529743,0.3537355514211879,0.06848019601712234,0.28624694130133826
2025-11-25,6.3248756848814285,0.27510302913524937,0.08452651149458193,0.009663515241876846,0.19747922952132774,0.12716389681078785,0.30606381779617625
2025-11-26,6.250785937828827,0.2136167255869968,0.08064119723201908,0.006060504286274506,0.30828339100867935,0.1361083040803968,0.2552898778056335
2025-11-27,6.349163221617827,0.3278089992459144,0.0750851725242953,0.002092731737549487,0.10205099181307169,0.11543534973038733,0.37752675494878185
2025-11-28,6.43691920399403,0.24592219779451718,0.15724528133333568,0.007593097292718354,0.09050996569763448,0.23715980060017117,0.2615696572816232
2025-12-01,6.3900576269704725,0.2945474377718426,0.10588870087111317,0.0018008787312363836,0.11058908811202052,0.14265770835406003,0.3445161861597273
2025-12-02,6.399646314555131,0.24102217937887258,0.12359564356089656,0.002449600500771802,0.13784209480293888,0.19807094547712248,0.2970195362793977
2025-12-03,6.450667523608467,0.1847323260292242,0.1570953442030221,0.005641497069432302,0.1875015963520937,0.23091984535326054,0.23410939099296718
2025-12-04,6.411878933989896,0.2424028316818587,0.11488096043049655,0.002988828785531643,0.14176944380022394,0.20299173184364494,0.29496620345824426
2025-12-05,6.280499614082098,0.3416324070688393,0.05105213452772668,0.002103992159650469,0.15120747875732954,0.0723716260932701,0.3816323613931839
2025-12-08,6.543257958960124,0.2705239244231428,0.1453788488003656,0.0012432787476322567,0.05397247447060802,0.2270383602543114,0.30184311330393987
2025-12-09,6.0187301014722,0.22576792185867822,0.03329704319411604,0.01915000339996413,0.4363067136381662,0.05573239099028684,0.2297459269187886
2025-12-10,6.075899914112667,0.26494648867613146,0.03200633262921005,0.05174068964048551,0.3176002341050674,0.0483922486522735,0.285314006296832
2025-12-11,5.871487034523608,0.17956159387849188,0.009402158602147463,0.09064362287718301,0.5375501463594482,0.010164324910690213,0.1726781533720392
2025-12-12,5.887719657770193,0.16660907178506978,0.013515791769914494,0.0629859975372132,0.5770581238050064,0.01710188684727984,0.16272912825551622
2025-12-15,5.899504694777849,0.14685946075121445,0.01676006265446674,0.06581500493670639,0.579975628403559,0.026380793870357282,0.16420904938369618
2025-12-16,5.697207753453178,0.06158718115782008,0.009085855481720393,0.18144910399322595,0.6606791273400578,0.009171414268094643,0.07802731775908103
2025-12-17,6.004526153781269,0.21235276055823088,0.036122282513767305,0.04339251279125632,0.412372589751496,0.06298300388688596,0.23277685049836358
2025-12-18,6.1244153317109555,0.2809315833408242,0.03410999877875703,0.006704252310348619,0.3164694521167435,0.04237638407271369,0.319408329380613
2025-12-19,6.07209800710011,0.20072385336747495,0.03371256329886027,0.025860711429780275,0.45611345981035645,0.05242655323412465,0.2311628588594034
2025-12-22,5.930115434840774,0.16441396096772148,0.032180553322305926,0.033259377811095094,0.5270846546161846,0.03360286366077868,0.2094585896219142
2025-12-23,6.026533701708063,0.20038579169586557,0.022619411102375725,0.013153727656467534,0.4953351232988194,0.028152591600073662,0.24035335464639812
2025-12-24,6.050038510045032,0.17842739467063487,0.030114639836011474,0.02268948008573528,0.5208368499197168,0.04372440217386387,0.20420723331403767
2025-12-25,6.065300831298587,0.2519813156944944,0.021279785840256134,0.010813845346929075,0.40579860049742367,0.02478169156267098,0.28534476105822576
2025-12-26,5.364260885716332,0.02970057758836083,0.001790376853101107,0.3736771884985163,0.5604806977019023,0.0018114117174440213,0.0325397476406754
2025-12-29,5.741893115809871,0.11071665966934509,0.008217384654048848,0.16821276688600295,0.568632982454119,0.007818840456538844,0.13640136587994536
2025-12-30,6.010475091607012,0.2090405472249693,0.015980432108446324,0.013246910919927322,0.4919614707823261,0.02193493521165733,0.2478357037526736
2025-12-31,6.2518268446886305,0.30552021837976095,0.042611187619746325,0.0026056874612555075,0.21163265320237548,0.06529546294378559,0.3723347903930761
2026-01-05,6.07689058778817,0.28655897189805607,0.03145309739611515,0.094585431268168,0.21614086820393164,0.04205085223777401,0.32921077899595513
2026-01-06,6.015034088090369,0.1992916750304877,0.04299680551023676,0.061060763060152234,0.41483698809250547,0.06546461442168143,0.21634915388493636
2026-01-07,6.013064748188032,0.19239403844576186,0.027974199374093803,0.04289578225544505,0.44793881878470615,0.038522632834057054,0.25027452830593616
2026-01-08,6.037819798379604,0.2201916088070609,0.03483276340622194,0.04460780048482336,0.3947055163510974,0.03653115434021529,0.2691311566105812
2026-01-09,5.775465176181389,0.08768039719456479,0.003818924655866015,0.06836355269995337,0.7433450417511989,0.004347315399445972,0.09244476829897098
2026-01-12,5.704406924494289,0.06874423471055044,0.005399916146311824,0.14709063603540326,0.691416433361901,0.007108879963993643,0.08023989978183979
2026-01-13,6.168536886512276,0.2931095728617943,0.03119385410839837,0.0052180666142136135,0.2966033232035939,0.03805076719653253,0.33582441601546725
2026-01-14,6.041272611465351,0.2168742551681526,0.06590596304099448,0.10241007194854151,0.27350085166034027,0.10243884105555029,0.23887001712642086
2026-01-15,5.787690178034431,0.11334400588952677,0.010504849555516883,0.0629358553918146,0.6644045463797712,0.01596618584880557,0.13284455693456496
2026-01-16,5.889943321921223,0.12269670505423154,0.009068084156139498,0.027223728314680975,0.6647925786538766,0.010099627909692982,0.1661192759113784
2026-01-19,6.001152121552094,0.17616509166174235,0.019106690875672603,0.014010403162521666,0.5617777612380936,0.020844186416555447,0.20809586664541432
2026-01-20,6.020853400086124,0.27325263462591004,0.023678684585230952,0.1293277948509225,0.21985910405484432,0.03533904427367231,0.31854273760941987
2026-01-21,5.727976372116421,0.07341309089457725,0.0035647079468239555,0.055421186731985185,0.7784216954018354,0.00456949286909131,0.08460982615568693
2026-01-22,6.006103096732787,0.22690497337965837,0.018540951977661684,0.03023854633690155,0.43001871014363036,0.021300526678848238,0.2729962914832998
2026-01-23,6.163557915877809,0.31149091617481106,0.031774159785620947,0.01322073588794715,0.27429315893347134,0.0434501172111438,0.32577091200700564
2026-01-26,5.866570064521716,0.20156769559538226,0.015779821084608788,0.04708770943512754,0.5173608896959538,0.019527952685294763,0.1986759315036328
2026-01-27,6.026626938147455,0.210376228679583,0.031372680466363684,0.010663833062441893,0.465566389087539,0.03551406395826717,0.2465068047458053
2026-01-28,5.780847958811968,0.1702631906463267,0.00782601331173697,0.08591231971454544,0.5517030461342127,0.00887148804103095,0.17542394215214718
2026-01-29,6.203963183847892,0.30939259758028337,0.03221282297053992,0.0031076706561350164,0.24873160754895057,0.0426512972518688,0.36390400399222234
2026-01-30,6.453326384265731,0.2568620447104379,0.13889967076994011,0.001837453858105714,0.09615120737095845,0.2069391337363601,0.29931048955419776
2026-02-02,5.648662902444561,0.05269041079880944,0.005925499713543648,0.09525033520536641,0.782288105525515,0.011457971692000518,0.05238767706476494
2026-02-03,6.174648407069135,0.28271878492927194,0.03594300067969461,0.00550757996581695,0.3184396558901629,0.05246014134036074,0.3049308371946929
2026-02-04,5.88612034380768,0.17344789996872595,0.016462089967574495,0.05067547888708941,0.563569427261802,0.02739791436593265,0.16844718954887544
2026-02-05,5.903230790219192,0.17922027827434336,0.010358170551300406,0.026893600329061105,0.5759061562023441,0.009844378756995533,0.19777741588595557
2026-02-06,5.873630967385329,0.08184355535349573,0.004532048797042349,0.02715439982425882,0.7808124461103095,0.0036081709803612123,0.10204937893453232
2026-02-09,6.344653339037849,0.3481000957279339,0.06600459149661755,0.0011004933728676347,0.10980305763102652,0.10379494662324353,0.3711968151483109
2026-02-10,6.120314984040957,0.28989240753867607,0.0383084271472173,0.04172640598935167,0.26656133878822524,0.05698691072450805,0.3065245098120216
2026-02-11,5.833356393089738,0.12179378301649378,0.017685354604236564,0.06417530700576889,0.6089323111774244,0.018599585710485738,0.1688136584855906
2026-02-12,6.712961414196903,0.16940642710350223,0.2288447954966546,0.0007820616309322899,0.06100096208541982,0.3598412579089901,0.18012449577450104
2026-02-13,6.615471588453391,0.18448580555877758,0.21472500039362316,0.0012124647141216213,0.0707861358148122,0.3330533148648389,0.19573727865382654
2026-02-23,6.652854582654812,0.18840969367679522,0.21166536380439266,0.0020352010210861883,0.05864735801478656,0.32869348219236266,0.2105489012905768
2026-02-24,6.557758460792481,0.21573204420977188,0.1879552770528731,0.0007309942825262819,0.04524869559021795,0.30613681825087813,0.24419617061373264
2026-02-25,6.32759045980987,0.26740444359867377,0.10166476571209947,0.004114417452755934,0.18412739621139781,0.14196175853964263,0.3007272184854304
2026-02-26,6.3121638895557,0.3016035297972008,0.06403640185966236,0.005233275757417062,0.17022768124005577,0.09902551364785803,0.359873597697806
2026-02-27,6.36683392591692,0.269323835241381,0.1047259338543006,0.015654566106860272,0.1674842982920788,0.15462796831369435,0.288183398191685
2026-03-02,6.061914804949843,0.25206582086119944,0.022453789925999237,0.01673088266884139,0.38774341010206287,0.023725797934553698,0.2972802985073434
2026-03-03,5.680476958810718,0.09874780395692544,0.007219552033002363,0.22370434895231073,0.5609333754114753,0.007865200080253147,0.1015297195660331
2026-03-04,5.361056230961913,0.01732298941787065,0.000291240104121026,0.44936353502821014,0.5160643320593719,0.0003505606332246044,0.01660734275720181
2026-03-05,5.695849053666795,0.17188465860495675,0.011460832222714849,0.33207499815972585,0.2929883660368116,0.01406575345405813,0.17752539152173277
2026-03-06,5.560609759868161,0.0326050269005882,0.0013234539294823234,0.1609790130648379,0.7602880413838893,0.0011005607418281685,0.04370390397937418
2026-03-09,5.328174322375134,0.020794896427243574,0.03699536520519723,0.6107463371945053,0.23807880174725893,0.06862161796537268,0.024762981460422252
2026-03-10,5.335368618094536,0.008627456211645365,0.0004370739398709118,0.47336347399193446,0.5019636008609795,0.00037809483295166607,0.015230300162618164
2026-03-11,5.591172915210357,0.053764903805726336,0.0028131574917800717,0.23241107400823088,0.6413423284158118,0.003008827635105443,0.06665970864334549
2026-03-12,5.743552867290543,0.04381503348017034,0.0031456914104518743,0.06766707942002767,0.8207898952290944,0.00302853133070792,0.06155376912954779
2026-03-13,5.708479643226073,0.07987765073237722,0.006504408253601222,0.12678230415678574,0.6677664859790821,0.0044211481869293,0.1146480026912244
2026-03-16,5.876497776360955,0.13437502390014439,0.009409943324002887,0.06870304191652997,0.6218009891991472,0.012135008072302784,0.15357599358787283
2026-03-17,5.776401748041398,0.12066343796174243,0.008191626005728973,0.10415270219055062,0.6116067262212774,0.008086594159866532,0.14729891346083407
2026-03-18,5.702840518030518,0.1222456470461812,0.007395606281149604,0.20576700496660003,0.5260575592017682,0.008262133350754526,0.13027204915354643
2026-03-19,5.896675477764906,0.14066352315415082,0.007923349889264691,0.028920099722944223,0.6363616294011181,0.00706252991285238,0.17906886791966978
2026-03-20,5.744253050934458,0.06971415021908449,0.004769012202107436,0.06368109548760546,0.7718543210963188,0.006261066914018126,0.08372035408086559
2026-03-23,5.494972718212109,0.012816199960412585,0.0001874958983506149,0.16940809450831693,0.8010037572775649,0.00023651752013909515,0.016347934835215874
2026-03-24,5.741855745544572,0.027785086784084964,0.0010017286220945954,0.031108770617899212,0.902339704661844,0.0008295999229664353,0.036935109391110804
2026-03-25,6.097612174021285,0.21724214735984473,0.0416249325480874,0.009138393023700625,0.42203835879826346,0.053126433754742484,0.2568297345153613
2026-03-26,6.048281476447494,0.2597974797041806,0.021938370303921602,0.01598936465135811,0.3983258511462146,0.028215125292785095,0.2757338089015399
2026-03-27,5.935118052091857,0.18668290843694746,0.016423379016634532,0.034892033400749096,0.5251439321613909,0.021786041624675047,0.21507170535960296
2026-03-30,5.642877915314638,0.06315903942863638,0.002923448673142903,0.10606964941179961,0.7467483026493918,0.0031244276438423335,0.07797513219318687
2026-03-31,5.809615796097734,0.09587109804786446,0.005872179503094913,0.04439613063616742,0.7261059036149011,0.006698046156485352,0.12105664204148675
2026-04-01,6.170943560639863,0.24481387500576537,0.05360375494244384,0.007801443356748466,0.33084285026259797,0.07599300207649874,0.28694507435594563
2026-04-02,6.114105635153679,0.25041897996961526,0.03130831410536995,0.009959074797852217,0.4055084678492483,0.04207487643356067,0.26073028684435356
2026-04-03,6.282703790631142,0.2665765546703419,0.07105081703337048,0.007586072815391454,0.26271357356405844,0.1218521382275717,0.270220843689266
2026-04-06,5.918854015118658,0.14267437794322466,0.010610798711600467,0.017279220296698414,0.6437590758538552,0.011250025185821704,0.17442650200879953
2026-04-07,6.023445308534852,0.23580020805545632,0.01679653628518768,0.014866792510773772,0.44980070198008076,0.020985105647834085,0.2617506555206674
2026-04-08,5.8920390733386805,0.062458388002380794,0.009772726711433317,0.017552260325493896,0.8174927897304108,0.010054323648582409,0.08266951158169873
2026-04-09,6.128804087620588,0.26553271992815475,0.020639706205895288,0.005238525194585267,0.3892016470037174,0.02773091425258385,0.29165648741506345
2026-04-10,6.16617957036399,0.2696477144187295,0.03603466788578458,0.006155633605133317,0.34579832922218634,0.04346216483239688,0.29890149003576943
2026-04-13,6.193146224114536,0.1817481443360942,0.07311673507269871,0.01041592745186717,0.41788105681953563,0.09531281382820386,0.22152532249160045
2026-04-14,6.243135406842418,0.2696305781656792,0.05485964560052691,0.006095059770056305,0.2950721435118719,0.09277366322172513,0.2815689097301406
2026-04-15,6.384349435530815,0.2485879911969865,0.1028597298635843,0.009060362951063841,0.19723555037884355,0.15905798111270103,0.28319838449682083
2026-04-16,6.62105821813221,0.2216598284710742,0.1893690841002702,0.0005046699972800095,0.04634487351151495,0.2872520927185372,0.2548694512013234
2026-04-17,6.066761375159161,0.17661098941219922,0.04530027584886277,0.012775788066699963,0.4881462687987199,0.060269004671133816,0.21689767320238432
2026-04-20,6.275285731743636,0.34532413178307175,0.04366744772684295,0.0022559254180626142,0.14407356582961803,0.06276779460570635,0.40191113463669825
2026-04-21,6.346509864502106,0.31163691288569073,0.08681271069636694,0.0016795785116686794,0.13360169227017937,0.12265394953071111,0.3436151561053831
2026-04-22,5.958110349202689,0.20273957862408035,0.017792389872883917,0.0340919527878362,0.49192723628370316,0.025938077553977566,0.22751076487751878
2026-04-23,5.737973981232834,0.09855363198343413,0.012145209614661584,0.15951518063817588,0.5925444701536153,0.021323914194341025,0.115917593415772
2026-04-24,5.957971330155765,0.15995771478759493,0.007497971300202764,0.014371665575788171,0.6212866847370189,0.006296547706572029,0.1905894158928232
2026-04-28,6.066447141032765,0.16687860147674577,0.03283400049225766,0.011654906439313936,0.5446695872193946,0.04369652923019823,0.2002663751420898
2026-04-29,6.339177101999676,0.2869220049256886,0.10110477258928414,0.002916516222992503,0.15612688071208114,0.14139641873098283,0.31153340681897074
2026-05-04,5.979792344117198,0.21747740881177408,0.015602854130478305,0.026772423575436535,0.5014082293735003,0.021385894661359466,0.2173531894474513
2026-05-05,6.206797878351545,0.21422783111518806,0.05871727178947126,0.009042251268253426,0.3685510511836193,0.08197116893922284,0.26749042570424514
2026-05-06,6.32065496173093,0.27671434849461685,0.08189735765375163,0.002848088601764644,0.18352847227690386,0.13304333308121952,0.32196839989174353
2026-05-07,6.0014344850100745,0.19426873906727984,0.01659299739506779,0.018835619570097648,0.5011922401467379,0.017107877158527053,0.2520025266622898
2026-05-08,6.370851793883328,0.22156366560378757,0.12342369811407738,0.015519020470698282,0.17791954767399998,0.19632556567568737,0.2652485024617494
2026-05-11,6.204028610509826,0.2706747227584666,0.05562067132293736,0.008748091936520526,0.2944209771399773,0.06995277496494895,0.30058276187714933
2026-05-12,6.298466898619987,0.24461934500071716,0.0960696019892931,0.00846363359474138,0.23806422620894355,0.14492376491908085,0.2678594282872239
2026-05-13,6.047798296413189,0.25601724893682953,0.030211439742819115,0.02620141402452953,0.3574982257573065,0.045478057092636186,0.28459361444587916
2026-05-14,6.0321372258792385,0.17320062676985437,0.03707150395500769,0.017485918761798794,0.48533663574355623,0.0493084298525888,0.23759688491719413
2026-05-15,6.272704754551295,0.2944855931025567,0.07003040941781902,0.0031140180624430022,0.20480006536612763,0.09923620096148998,0.3283337130895637
2026-05-18,6.254124075406707,0.3374352523802597,0.04454655112466957,0.0021338554767503025,0.16046556618181923,0.061810751728877775,0.39360802310762344
2026-05-19,6.19898612900448,0.23959279279388898,0.06565202461968721,0.009723244900252953,0.32941236478532676,0.1030589355421071,0.252560637358737
2026-05-20,6.126093577601685,0.21208186806688642,0.05154647121431681,0.01064445674684395,0.416468609388801,0.08601463660078552,0.2232439579823663
2026-05-21,6.261397187836202,0.3708138198426029,0.030649187495964132,0.0020202178609571493,0.15494780626215776,0.04136384895221831,0.40020511958609967
2026-05-22,6.015148220102269,0.19510788756753322,0.016038555340613048,0.012705889255283282,0.533273174890638,0.020533228921528136,0.22234126402440427
2026-05-25,6.312452385533753,0.32367874785907524,0.06928448807273338,0.0015663628045593796,0.1375978179285484,0.1105322342004626,0.35734034913462104
2026-05-26,6.473143896946803,0.22415474366143645,0.16500428700378583,0.001117485415073807,0.08811190123964308,0.253569494081577,0.26804208859848383
2026-05-27,6.445340527595633,0.2743476539285733,0.11612323610141988,0.0014180775041301263,0.11283245975737531,0.20620358602079597,0.28907498668770537
2026-05-28,6.347177747433774,0.31143396186329125,0.08396387096009444,0.0014497294938628615,0.11265617717144574,0.14672616994309964,0.3437700905682061
2026-05-29,6.308028024652562,0.310005096561194,0.06622662179306013,0.0028582337827913426,0.17776741473747978,0.0936218172341365,0.34952081589133827
2026-06-01,6.380434073219795,0.29841036539007815,0.10525793997169346,0.0036828259407452896,0.11869727394107914,0.17589989732937314,0.2980516974270308
2026-06-02,6.435304826087748,0.207243298369844,0.14617961068552132,0.0038045805722604926,0.16118178333013866,0.2510445804119714,0.23054614663026407
2026-06-03,6.336386703797283,0.3113331687626316,0.08296687801683589,0.009297396335138753,0.14851783244812514,0.1235271383301895,0.32435758610707904
2026-06-04,6.344072034948473,0.2149441106533825,0.12280734620181546,0.007394968760557909,0.20394619914344417,0.1955196052261491,0.2553877700146509
2026-06-05,6.548693079441937,0.2310073070867262,0.17700245829077768,0.0004935432526243057,0.046837527054772315,0.27985716724017473,0.2648019970749248
2026-06-08,6.233015069315688,0.3171393368742967,0.05104540846374714,0.0036768015989183567,0.22599378919835147,0.07136065209394374,0.3307840117707426
2026-06-09,6.4950736452172935,0.23232258253946766,0.14457454841114653,0.0017341218687177034,0.12276247168348821,0.23353268052543708,0.2650735949717428
2026-06-10,6.476687057596787,0.20144228539601544,0.16630352913494487,0.0023335371107073284,0.12013319462772998,0.252273714766991,0.2575137389636114
2026-06-11,6.59635469320148,0.26137196589043016,0.16198603368694178,0.0005834728083624858,0.03449519393507999,0.2558307977269682,0.28573253595221737
2026-06-12,6.462540366309562,0.15434560088047658,0.2058767987276379,0.03768430983918339,0.11322043147390815,0.3222866964411576,0.1665861626376364
2026-06-15,6.205377476940314,0.3316287728811627,0.028656541066932963,0.004567692695319219,0.254754104668796,0.039610414678717766,0.34078247400907136
2026-06-16,6.69083829556201,0.17958269889299605,0.24025305563885996,0.0003563719930435403,0.017346960969544602,0.37323341803513443,0.18922749447042142
2026-06-17,6.621990952933172,0.20009649180799646,0.19595317944503043,0.0004334893322706321,0.04001151883025281,0.3208027184127462,0.24270260217170342
2026-06-18,6.714590823336267,0.19659209140409548,0.22078860662662686,0.00015863456206227845,0.0191921186602305,0.33286745067944423,0.23040109806754067
2026-06-19,6.559649826772002,0.16935508740100624,0.20481244320874126,0.0021486072087080104,0.09430108752935339,0.34303350054744614,0.186349274104745
2026-06-22,6.520750064322045,0.24778691947678516,0.15356488952715314,0.002631445039275883,0.06325074623563828,0.22555580338980769,0.3072101963313399
2026-06-23,6.4468408378245785,0.220958885356616,0.14914316872033564,0.002826682583759547,0.16224621655961938,0.23616741368978098,0.22865763308988846
2026-06-24,6.307910105038784,0.26223301396760507,0.08007874917827441,0.00273469301034489,0.2274054122445435,0.10500706810381838,0.3225410634954138
2026-06-25,6.669330208419703,0.21197348224081672,0.19659467948979184,0.000517641675248224,0.028260121610551865,0.329305527838463,0.2333485471451283
2026-06-26,6.496602502457692,0.2968728950924609,0.12243263377569001,0.00031277054123254877,0.04090270449115608,0.20260029257471954,0.3368787035247409
2026-06-29,6.649032132742587,0.16532300878038897,0.22537503326351077,0.0008326554637713584,0.056435740970505355,0.37567385233636397,0.17635970918545957
2026-06-30,6.721992706040734,0.14596662897504323,0.25067668476012184,0.0008512582432759572,0.03868457775424314,0.41223161563943866,0.15158923462787716
2026-07-01,6.805473284176715,0.10486353041458718,0.2934182137688553,0.000242355020256914,0.019475814969962594,0.4491014669493445,0.13289861887699353
2026-07-02,6.720099318667561,0.1610563139015762,0.23518373961845154,0.000719050745048537,0.03885356880369382,0.3831696645296818,0.18101766240154804
2026-07-03,6.593705578753488,0.2260131427927105,0.18086513387350434,0.0005160816597933648,0.030803135550848508,0.3003897394132267,0.2614127667099166
2026-07-06,6.529227404634758,0.20660363055558845,0.18597197743621638,0.01526444824318172,0.08938376139948892,0.29659634730727996,0.20617983505824458
2026-07-07,6.401143922648469,0.323697467739536,0.08718003947611033,0.0007632077472128881,0.07536648393780006,0.15304663173923885,0.3599461693601018
2026-07-08,6.473121696813769,0.28031259676316406,0.1110597586201901,0.0015075324185299663,0.08617605450771625,0.19099923515805192,0.3299448225323478
2026-07-09,6.728255955790046,0.1430978135357961,0.24969170093406542,0.00010935920665470644,0.011498315746113968,0.42674416393818654,0.16885864663918324
2026-07-10,6.650869956789284,0.15292134046804665,0.22312961308202112,0.0017782333797248288,0.0879175893005179,0.380870865613955,0.1533823581557345
2026-07-13,6.3583409853796695,0.21281233376057984,0.1253391923601968,0.018185582126434053,0.20021414611430935,0.23671767002456834,0.20673107561391163
2026-07-14,6.112092506816711,0.30078169947074895,0.020532061995426138,0.012696262149426027,0.3220348973179093,0.025819916491723494,0.31813516257476615
2026-07-15,6.076472928637582,0.2769821803051165,0.02447651338773787,0.01111991185039313,0.37357080567230594,0.033853065803174,0.27999752298127256
2026-07-16,6.066334649593172,0.2602542643405297,0.020591346766934606,0.008481733379643138,0.4019051594037684,0.02796030605289967,0.2808071900562245
2026-07-17,6.385535223469991,0.26644234250997517,0.08544932887501157,0.005861912827780035,0.20144617531608616,0.1291062293437839,0.31169401112736317
2026-07-20,6.087760004419777,0.23985475381457833,0.05444559630483728,0.07758603512784405,0.2814899061941309,0.10011140932564155,0.2465122992329679
2026-07-21,5.873178285328018,0.12894624936083868,0.006418621532134475,0.03775923399404941,0.6814766551220172,0.008071401959358973,0.13732783803160134
2026-07-22,5.6927667904358605,0.09204636758588167,0.011323529014367426,0.1570980130781343,0.6241633138042744,0.013746987201246837,0.10162178931609535
2026-07-23,5.69259220858297,0.06238406239262601,0.002260235663640455,0.08914559691618373,0.7794651393007165,0.0031882592065210573,0.06355670652031221
2026-07-24,5.813323190007579,0.09377893796364659,0.004245656520122439,0.04728905918634719,0.7378893701784256,0.004594285866117641,0.11220269028534051
2026-07-27,5.9703393552203545,0.2266247321766997,0.02519754381296359,0.034903945174959636,0.4410541990500697,0.03195208237826749,0.24026749740703987
2026-07-28,5.77076631829344,0.04794148309982155,0.002158481889253065,0.04672464337416733,0.8407219019657012,0.0017911294305729883,0.060662360240483874
2026-07-29,6.153463187277864,0.2400531647495296,0.04679740289727864,0.010122041015090134,0.3544550684665384,0.07043599365023825,0.278136329221325
2026-07-30,5.994411004652339,0.153944264606606,0.018632705833418355,0.009727599600998353,0.5877832205164104,0.020894203270313175,0.20901800617225372
2026-07-31,6.1560165227074215,0.22932023334126364,0.047670588025665206,0.008746236790833065,0.3978584439456244,0.06797498800542888,0.24842950989118473
