date,log_density,k7::S0,k7::S4,k7::S3,k7::S2,k7::S6,k7::S1,k7::S5
2023-08-01,6.45722262624255,0.45307709680644803,0.04311186111269397,0.046280640470127275,0.15111736384852284,0.036020782942724386,0.17393749847573706,0.09645475634374642
2023-08-02,6.417644585774373,0.30388607671224377,0.05955237415041148,0.05775279309496962,0.23840794892290454,0.0082152462375471,0.23994098297953806,0.09224457790238544
2023-08-03,6.3397615968603525,0.3606223732161313,0.048007309519828255,0.048436604589686426,0.18988970796170418,0.04832930318428837,0.1861821819485641,0.11853251957979744
2023-08-04,6.392577090541717,0.39428168513033673,0.0489947431087474,0.03994917218392243,0.16356449926174546,0.008452720308210187,0.14457001509503842,0.2001871649119994
2023-08-07,6.250352980407046,0.28755446733386575,0.056686284544610076,0.054345142134500236,0.18325744940262792,0.02062130366157407,0.1798613866837673,0.21767396623905466
2023-08-08,6.355184679682583,0.2984734158356639,0.046093314524447475,0.05321915899715813,0.22473395645706531,0.04076643266769985,0.23490878164545215,0.1018049398725132
2023-08-09,6.311193694196088,0.19069755474663969,0.06393745005499557,0.07027207356198614,0.2833312022085273,0.05015360756462459,0.2860479161357407,0.05556019572748606
2023-08-10,6.295982153983875,0.28058792416222983,0.04697838493988322,0.054510016106682234,0.20833804436371237,0.022419516483646585,0.20489979966037655,0.1822663142834692
2023-08-11,6.22563094123386,0.15732946327814357,0.07414663682697949,0.06903108334754644,0.25406060751827625,0.011558458543204317,0.24065157666001427,0.19322217382583565
2023-08-14,6.152932250435741,0.07201256248312257,0.07584678649193939,0.08421125243948296,0.279197228206152,0.025058301488989073,0.2693670853954959,0.19430678349481803
2023-08-15,6.4858785673195145,0.37431519092778803,0.04824735465072405,0.05792450609538045,0.2386925067447464,0.0008485392169715959,0.2235126775086333,0.05645922485575618
2023-08-16,6.48700646103954,0.29819711142783356,0.06901449031957688,0.05348881346267685,0.2504061231412049,0.0010954415285096186,0.263400640843671,0.06439737927652715
2023-08-17,6.7073080795646165,0.6103550124575179,0.0378155919470537,0.04143908301899856,0.13128431938339657,0.0004507244442840242,0.14405309457657978,0.03460217417216951
2023-08-18,5.940976767803268,0.19269636086016745,0.05180384053203654,0.07681779443332472,0.19984179581849604,0.17053079862396084,0.19323254596275152,0.1150768637692629
2023-08-21,5.543959106506457,0.006555132582103082,0.037091666816499884,0.028253543056947845,0.06575198807736798,0.19199559946099837,0.05918504367828436,0.6111670263277985
2023-08-22,5.413015190005999,0.0267326443206795,0.02455877569256593,0.040274993021595554,0.06934434637607809,0.3047076700277542,0.06755600876117114,0.4668255618001556
2023-08-23,5.54772511924803,0.02844796051183092,0.031862206289694064,0.04367971228244926,0.07003900662744168,0.19597738825883565,0.07617388551713075,0.5538198405126178
2023-08-24,5.844609740829584,0.013644090350023423,0.06761562534349279,0.06072871841224004,0.16869286051346874,0.057949512847543315,0.1686874314099259,0.4626817611233058
2023-08-25,5.921088427650845,0.030690341734870664,0.05196561274647781,0.046775888154815516,0.1513629341516484,0.09116041405355703,0.15656828874344958,0.471476520415181
2023-08-28,6.25895098650328,0.08500122363359873,0.08604833533863748,0.0742922390403083,0.3003106967821846,0.002427343383412702,0.2811292444718455,0.17079091735001264
2023-08-29,6.498086554890498,0.341669539969767,0.06145739479646307,0.05589580910143159,0.24818082884246612,0.0007563540169579095,0.2521155464786279,0.039924526794286444
2023-08-30,6.375370372144014,0.12737216071784907,0.07759411019818076,0.07076271967330701,0.3226713945126733,0.0009131088663049626,0.3118150971380704,0.08887140889361446
2023-08-31,6.406175078165853,0.194596681742051,0.06994422459736774,0.057522739188627776,0.29412923938542385,0.0016166165958265012,0.2719665403353692,0.11022395815533396
2023-09-05,6.524190956875745,0.3730480245438976,0.05688610429528177,0.05394170651205903,0.24821601852293482,0.00039146313319514387,0.24360593218467572,0.023910750807955905
2023-09-06,6.538324559872517,0.423259881794343,0.0574720720714025,0.0478562076366082,0.2080859986004681,0.0014684243094361751,0.19506906464883736,0.0667883509389047
2023-09-07,6.219738788718834,0.2679602005495085,0.05516515323898363,0.06560068405056628,0.18622786741226782,0.02442784569939959,0.17836275120337328,0.22225549784590093
2023-09-08,6.3110719653357075,0.20360694263769025,0.06373353485392418,0.06608450791910969,0.27174801100712365,0.024400739210938445,0.2696615632140053,0.1007647011572085
2023-09-11,6.0110563993857244,0.08958507402622441,0.05647436754249491,0.07211628546847702,0.21493710599672416,0.10408142492856295,0.21140423715288653,0.25140150488463003
2023-09-12,6.130693483179042,0.08911687819903423,0.07741101773985792,0.07402083137500283,0.247718636119795,0.024540411182958268,0.22847514474958228,0.25871708063376947
2023-09-13,5.988000121448398,0.11323532278614641,0.0650776071546824,0.07566898419193234,0.1860302800440687,0.08126603745148211,0.186822398937347,0.291899369434341
2023-09-14,5.827455156898291,0.02477735841819924,0.0521748566098633,0.05523206146424997,0.16236993902175706,0.11675476839640925,0.1489736794587467,0.4397173366307745
2023-09-15,5.9857288634017145,0.02351321454089176,0.0712723268661178,0.06782528121166219,0.21704315487518486,0.04461608121600919,0.1957934323115718,0.3799365089785624
2023-09-18,5.797449052372446,0.008666113968473848,0.030817334049504572,0.04405833658151337,0.0874960639932336,0.06372703498444919,0.08752575482873899,0.6777093615940865
2023-09-19,6.238084385854799,0.24040280913564718,0.0631832612954518,0.06212103262697139,0.20162750473809457,0.040066554787461045,0.21574439734958817,0.17685444006678586
2023-09-20,6.392116160328967,0.1735316768669547,0.0709482677664853,0.05959895364771288,0.28729766909004617,0.0017771088120122165,0.29531368480035,0.11153263901643876
2023-09-21,6.465513308787263,0.4144383146510772,0.04362170102100718,0.051038747338790415,0.1777819162760999,0.0029054309715328057,0.1964158409829078,0.11379804875858472
2023-09-22,5.673207088511954,0.018915834977500115,0.02930975313180809,0.04051560023046729,0.10328654367503684,0.15322353928067234,0.11118355099947033,0.543565177705045
2023-09-25,6.020439588149624,0.03606104054041905,0.07798385037950324,0.07911563938645423,0.2543975443010018,0.07859756454927323,0.25500507020816643,0.218839290635182
2023-09-26,5.616071213782356,0.0058618644673723895,0.0393053179578371,0.03201376049449511,0.06485550964382279,0.16959602146532152,0.0627725481093934,0.6255949778617577
2023-09-27,5.711897673436992,0.0037551619596367376,0.04529002977762371,0.032390550616775655,0.06841149927528668,0.07412647209907035,0.06045617642239096,0.7155701098492159
2023-09-28,5.537759556474254,0.007605907334165305,0.033112455291809666,0.06547420359251158,0.12421064234464453,0.26701174235819686,0.11862634926952989,0.38395869980914216
2023-09-29,5.967521041229742,0.018270957287211342,0.09091742155221537,0.06946255560548523,0.20904808790754104,0.01711685884250719,0.18623967709010122,0.40894444171493866
2023-10-02,6.115906858760614,0.05901260315963735,0.07889586177449999,0.07179293425562147,0.24073760006606693,0.020736080665346192,0.26722213156349744,0.2616027885153306
2023-10-03,5.579354718060432,0.0011195604833262533,0.01851411553818225,0.017367095873205778,0.025176455442390718,0.1839923311203129,0.02668085298728203,0.7271495885553
2023-10-04,5.802393713082469,0.008728148473307646,0.05144897179088455,0.039750617313553935,0.09400283298550476,0.04220209466735521,0.08653686190373645,0.6773304728656574
2023-10-05,6.095443993691934,0.0663608728729126,0.07726460156812599,0.08130075343322721,0.2479461691689848,0.0152882728813905,0.25638565150108567,0.2554536785742732
2023-10-06,6.238233761239671,0.11404510678964319,0.08843937905049536,0.06658284520126102,0.2825620730665944,0.01807791040184249,0.27571463907969296,0.15457804641047057
2023-10-09,6.150640757408628,0.03915096897349758,0.08248339178897651,0.07597848866975491,0.25864592247655277,0.007679823477179256,0.25393738318286246,0.2821240214311765
2023-10-10,6.3015151764410415,0.13694292083517792,0.08207056275733247,0.07834993003699105,0.2874260542260766,0.005994746002365498,0.2884106948724984,0.1208050912695581
2023-10-11,6.689645862196934,0.5736265834798739,0.05035587055092096,0.037811835709910556,0.1482682423141606,0.0008947094593155575,0.1268100528014278,0.06223270568439053
2023-10-12,6.6105952356797815,0.6089771679627555,0.026233620032488466,0.033750753419430915,0.0986243018644429,0.006036377433262149,0.10143048866749964,0.12494729062012046
2023-10-13,6.343130644174318,0.40457943494275844,0.037028334398004174,0.041358470499859565,0.15964059474204675,0.04490194804096151,0.15924830750381222,0.15324290987255734
2023-10-16,6.315461796444955,0.2775390134134254,0.052840203159187756,0.05843306624417557,0.2229253147832639,0.041495657418366985,0.23591316856873765,0.11085357641284269
2023-10-17,6.461355835894953,0.3576129570906922,0.05720235871149731,0.0534649037379857,0.20614106115680067,0.008619006124428775,0.1871308895342269,0.12982882364436849
2023-10-18,6.020863562258551,0.09075494603818171,0.07994086374163632,0.08053537991560676,0.24155163802854798,0.11867580822597444,0.25120771482777504,0.13733364922227773
2023-10-19,5.8811583056832575,0.010615278826620809,0.04457332262760045,0.06010073617045306,0.13897772464176614,0.044617723823654726,0.14417826100234696,0.5569369529075578
2023-10-20,6.066826073147553,0.11338902776686759,0.089067963309271,0.06341323897686406,0.19121095944728117,0.026061328848405747,0.20465381336944224,0.31220366828186824
2023-10-23,5.8338801657310615,0.1255210257362508,0.03313889277428309,0.053172360820935946,0.12894446657114747,0.22741301801659505,0.14627620751159176,0.2855340285691959
2023-10-24,5.942814469489862,0.04586220052403098,0.05345946975769775,0.054902468915138426,0.15001535217303416,0.04973091088581441,0.15177510035665204,0.4942544973876322
2023-10-25,6.241160133962399,0.13390670685822537,0.07760830060310839,0.0740013676428757,0.27119777998927214,0.007265435371838086,0.2759181135629359,0.16010229597174444
2023-10-26,5.113877628659078,0.0007316008672432401,0.008126130508788642,0.0047475523162978294,0.007276620249336392,0.5128069175877545,0.007424807885472713,0.4588863705851066
2023-10-27,5.594179294621468,0.003508270711561049,0.029075537599148604,0.033696815095215514,0.057862065763806377,0.17894051023529778,0.054235727105036664,0.642681073489934
2023-10-30,5.769874790383924,0.012992441457044061,0.04232762827331788,0.03924472802200845,0.092026766730239,0.05617589317183944,0.0920480322640514,0.6651845100814998
2023-10-31,5.746886263647324,0.013356025764813092,0.06382930466665698,0.06516625431982812,0.14041398326817206,0.14385713743933773,0.1381772212310021,0.4352000733101899
2023-11-01,5.967750757956182,0.033587150270953894,0.08025125737806782,0.08315515019808879,0.2072404614038854,0.0507281658801516,0.2230902855276456,0.3219475293412069
2023-11-02,6.1347853667033965,0.1410882560229453,0.07818580504351784,0.05854647724595254,0.23651586992887247,0.04400317258584263,0.21113610212303457,0.23052431704983467
2023-11-03,6.087062699059712,0.0517845027279733,0.08563542687618403,0.08804538794436298,0.266958672161768,0.040968601598344874,0.2587006580183195,0.2079067506730473
2023-11-06,6.321857463451481,0.21803348863241495,0.08922598014482994,0.06780226501064372,0.24693421032879265,0.004205552131851263,0.2351943844149818,0.1386041193364857
2023-11-07,6.3568072471784625,0.1862516056320006,0.06593541071318165,0.0734576863674495,0.28442218733115116,0.0017064175576817536,0.28430873055668293,0.10391796184185238
2023-11-08,6.21358252607481,0.28510624071739665,0.05602014613158018,0.053388695408780426,0.19275139556587062,0.10915089808529213,0.1948240965852658,0.10875852750581422
2023-11-09,5.97414664510823,0.036732546513280985,0.07034721341676035,0.07912838645013028,0.22282945854258557,0.05435325805203133,0.20842820121071226,0.3281809358144992
2023-11-10,5.974841635775435,0.03996657090204073,0.08515819619198399,0.07822002541659115,0.2613796448596492,0.08333632788621846,0.2479865479767241,0.20395268676679237
2023-11-13,6.082362198159288,0.12751808006715973,0.07711606077330527,0.06602540544642974,0.2117916590251192,0.10568336838369081,0.2227702821854275,0.1890951441188678
2023-11-14,6.244255668196845,0.2219605556534635,0.06949919470079795,0.06848706887047135,0.21818257560533308,0.023672924623551212,0.2168908473689404,0.18130683317744248
2023-11-15,6.180882134787028,0.13909699747353255,0.06815866904032716,0.07048115141922197,0.22428535019481863,0.04944496789674776,0.253558144278342,0.19497471969700994
2023-11-16,6.397926536841983,0.30357473021276926,0.06066275207080267,0.053352621617036,0.20848485760568533,0.0033612793218164736,0.22080888096092,0.14975487821097022
2023-11-17,5.9357003120989695,0.19706716022836676,0.03338860431384543,0.060251115105362865,0.1713886302751947,0.20211466816178827,0.20501740322115386,0.13077241869428813
2023-11-20,5.421225162491292,0.0016454489616346535,0.01548575285103722,0.007090023338284337,0.01971675298560552,0.2385622907314369,0.017301101950653812,0.7001986291813476
2023-11-21,5.833333169029142,0.014785357213127601,0.05184531050944833,0.05174315030491859,0.13442550410990378,0.0496208992597755,0.13091815800717352,0.5666616205956527
2023-11-22,6.088818307405449,0.13301789152836585,0.05033271500714441,0.05873848785806158,0.1871255750775521,0.06540370487726127,0.20936546674514564,0.29601615890646915
2023-11-23,5.949632864623634,0.037974398690421546,0.058334976673754486,0.08223930687191343,0.20619753358272455,0.040818413112241776,0.2049347201263954,0.3695006509425488
2023-11-24,5.798984260100638,0.01476289370643266,0.05730448009431083,0.06308320133276589,0.13795662316686916,0.0962496378939996,0.1448169058763212,0.4858262579293007
2023-11-27,6.257033287099454,0.198495621741349,0.060376638097445194,0.06274968144435376,0.23067500521505716,0.04372734271907668,0.23833082195631014,0.16564488882640804
2023-11-28,6.143330839326316,0.20602769639662172,0.07072464515509595,0.06613587564815848,0.20503008725305732,0.04844778874332923,0.2066024047822176,0.19703150202151967
2023-11-29,6.43034559058309,0.424205970616557,0.048053406054571625,0.03556782962802987,0.16528881799327158,0.009251486632644421,0.15819395955960153,0.15943852951532392
2023-11-30,6.206230903678139,0.21470416133602552,0.054614825713508404,0.05108066731706984,0.22173790048854128,0.06843431635413802,0.22717190426237624,0.1622562245283407
2023-12-01,6.253229644245112,0.35210357221442184,0.04688662293303159,0.04685896893728715,0.16315040321203342,0.07360592782950114,0.16866197481412198,0.14873253005960294
2023-12-04,6.1069517579871,0.254062800279309,0.07090386266918886,0.051817124368601405,0.1789316491551456,0.0798523739943766,0.16769041123971204,0.19674177829366649
2023-12-05,6.360186848179997,0.3330558314204944,0.05480467082388416,0.0551223079178711,0.20469296858776428,0.04753390746236388,0.21040485584035976,0.09438545794726247
2023-12-07,5.897127871577382,0.09057463431555851,0.04816765284686839,0.045665026240834995,0.118331006029877,0.09457344268281384,0.10959747733602307,0.4930907605480242
2023-12-08,6.3515952592464435,0.25403523623004587,0.06928414670829965,0.06328403511668826,0.24732247775741,0.01133854935547238,0.24067817873079675,0.11405737610128708
2023-12-11,6.637830666159234,0.6217157794922815,0.03944549277372485,0.03039797888584318,0.13415722980223668,0.0005619785167900976,0.128799886674284,0.04492165385483971
2023-12-12,6.669094043124773,0.6068452958581325,0.035294896293411225,0.03860637222353542,0.14597626079146955,0.0012105908873759196,0.1399099700592137,0.032156613886861654
2023-12-13,6.616935830388924,0.5896720458743058,0.021920530789744652,0.03375406808548785,0.11531876372624766,0.006879591723863229,0.12036350356499156,0.11209149623535931
2023-12-14,6.5608684659399925,0.49616983809181836,0.04155607846982604,0.04326141105252854,0.16178991545300833,0.0019143615185147377,0.1653773999214913,0.08993099549281265
2023-12-15,6.471400074681242,0.35783067024841,0.06014830087786453,0.057490653786796395,0.22423890827798773,0.0033911216410005434,0.2083150230053484,0.08858532216259242
2023-12-18,6.171266994834057,0.15516623538819557,0.05300169061572887,0.06755278356432458,0.2335001182438156,0.029469097406257628,0.23009318001229773,0.23121689476938004
2023-12-19,6.497178388477254,0.3895105305314632,0.048373951362120075,0.04881075964111701,0.20550564410409902,0.00549798870323361,0.2147154728790609,0.08758565277890616
2023-12-20,6.781718081316906,0.7854708049489075,0.017402004288533425,0.014792432240524345,0.0601013850312103,0.00289100429721922,0.06070676526972621,0.05863560392387904
2023-12-21,6.882938137787432,0.7658325601360632,0.021749301156226867,0.02692407031855977,0.088692301076041,0.000241687813117143,0.08398556041935451,0.01257451908063754
2023-12-22,6.780556732808038,0.6896117512919057,0.029622160561897252,0.03715053335065881,0.10816321804954737,0.0005131044618525517,0.11315863512697105,0.02178059715716733
2023-12-25,6.314144987655957,0.2456632842124293,0.08882243051420348,0.06133881327280345,0.2466448332012467,0.0037863697227267282,0.24519398891058997,0.10855028016600034
2023-12-26,6.786428324687375,0.7225331871023162,0.026889955121994324,0.028912418987518663,0.10955115629558942,0.0005806413916152978,0.09858816171796124,0.012944479383004902
2023-12-27,6.827088558394741,0.7790616031267708,0.01947798729311149,0.02296410656078688,0.08088399399253625,0.002562590361679454,0.08067129687951527,0.01437842178559993
2023-12-28,6.656720663288495,0.6014862648593619,0.04402558399910818,0.03281548208549607,0.12246368870358262,0.01598144910458517,0.13915967622615558,0.04406785502171064
2023-12-29,6.596736543073094,0.49449566719223736,0.04575540187759782,0.04643173883642473,0.1664545461547095,0.001424875814320926,0.16965001105496813,0.07578775906974153
2024-01-02,6.546373259757236,0.4764211032632971,0.04938825944474914,0.051205739257111485,0.16185079144116699,0.0017819853116920051,0.16318230680052448,0.09616981448145877
2024-01-03,6.643506422302147,0.5761914077710625,0.048197625215854384,0.04365199950359208,0.13520413100154885,0.0012392501275666518,0.13960142528132283,0.05591416109905275
2024-01-04,6.206647388550452,0.29219072703639765,0.07960634140385127,0.037970420465987954,0.16891139530974236,0.037322863309069046,0.1408115516501977,0.24318670082475405
2024-01-05,6.316435782612212,0.16715328863633483,0.08071835945447849,0.07532578052794257,0.285524067601074,0.00413933333732105,0.30227160416456417,0.08486756627828483
2024-01-08,6.364996946904268,0.2342025797495946,0.06882225764913966,0.07481005176745266,0.26547684638697044,0.0035752843635281054,0.25474970976987366,0.09836327031344087
2024-01-09,6.6429238342675045,0.5618201811264512,0.039748037930277584,0.04255602106340197,0.1558673313360101,0.0005196300671623593,0.15816511010652182,0.04132368837017498
2024-01-10,6.528630613919568,0.47793789583877605,0.04732153097756238,0.04431066516729913,0.1821896031488199,0.00429138697696467,0.1589770449600758,0.08497187293050204
2024-01-11,6.350194134281022,0.2243529292015922,0.07163037533529522,0.07549141514657566,0.24541909501228915,0.0027667118575780505,0.2590277614582097,0.12131171198846007
2024-01-12,5.932480623785873,0.046477315268066845,0.06961673394688773,0.05482564812163118,0.17579003397901047,0.05927387160030214,0.14937620660190215,0.44464019048219944
2024-01-15,6.375719592150619,0.19001016436441767,0.07038965260577906,0.0809730950011191,0.2979106264410712,0.0008678430583545141,0.299902146841151,0.05994647168810743
2024-01-16,6.586677738703091,0.49662236135762916,0.05737086448556628,0.037295311504507475,0.18843826209936915,0.0007692839005911982,0.1824300045499357,0.03707391210240109
2024-01-17,6.290787754460195,0.14357731739132157,0.06615073672124543,0.07059838280501514,0.2628529097354996,0.004987375214163306,0.2729229318848087,0.1789103462479463
2024-01-18,6.564352522912002,0.4688399459103857,0.04625541960743872,0.04295482582968145,0.19016527915018175,0.0008638667798263872,0.18389752052100913,0.06702314220147687
2024-01-19,6.447042760547244,0.4090204542882251,0.06286849075975377,0.05903317575654366,0.19135247022096802,0.0009826728398893917,0.2131637746437884,0.06357896149083164
2024-01-22,6.5534584234316915,0.5007719597492118,0.04867123432204861,0.04906439626655166,0.18135622320426084,0.0006292800443595718,0.17947210168009317,0.04003480473347427
2024-01-23,6.542569992185701,0.4063715023501629,0.051999322164468724,0.059500926650877285,0.2137944686198812,0.0007678766883500854,0.21929561879669826,0.04827028472956159
2024-01-24,6.568564213134793,0.4791750841451971,0.049438205613588866,0.0494391255546123,0.18523978318128126,0.001158613360126005,0.1856080927926617,0.04994109535253281
2024-01-25,6.3871547005171205,0.2255274379282624,0.06418974987701513,0.07008938707866849,0.25913911391991806,0.00430407426184871,0.28101220391237824,0.09573803302190892
2024-01-26,6.716593273008325,0.6878931131254407,0.03058467476090334,0.02692586869446632,0.11557948009232223,0.0004312969949492818,0.11880572758336103,0.019779838748557144
2024-01-29,6.845006729003214,0.7304386646680455,0.01793043517008675,0.02911275816591632,0.10285637259202621,0.00018840416240487965,0.11136130668756512,0.008112058553955297
2024-01-30,7.1575833648244815,0.9185787590455956,0.007851158263359593,0.007478289286390882,0.035368226860887315,8.879965463411588e-05,0.029139259012600654,0.0014955078765318671
2024-01-31,6.615902822422926,0.5555085590498946,0.027903640428672008,0.05311258479173832,0.13668921593319533,0.002289720576295467,0.13668081773241128,0.087815461487793
2024-02-01,6.615552207424067,0.4960453360796761,0.04872924640997382,0.04278914932568964,0.19677185995124616,0.0002495778062005687,0.20000970327938372,0.015405127147829968
2024-02-02,6.730627406494012,0.6087484636788274,0.030245513016949315,0.034630179619214344,0.15390030098941102,0.0003993926520750303,0.15848961439867795,0.013586535644844964
2024-02-05,6.54824832462934,0.6207658303274809,0.053962344872409286,0.018623250690935844,0.08876787640128407,0.06649079795279653,0.0768982289134654,0.07449167084162787
2024-02-06,6.677721063631814,0.5792538712701438,0.03799903683259747,0.03776251298882359,0.16907125120833097,0.00015582715732314562,0.1656387020206346,0.01011879852214641
2024-02-07,6.821417966113044,0.6558789013871817,0.043744474071480535,0.031051912794702614,0.13015605979353262,0.0002935348318989502,0.11399315512815864,0.024881961993044845
2024-02-15,6.907253293855396,0.7035552694291705,0.020368871347429054,0.03906570650952615,0.10367831803448821,0.00021588278474156915,0.11847570386095867,0.01464024803368593
2024-02-16,6.70165331316113,0.587390842002437,0.04461492758884124,0.03915010780322487,0.1583645007359783,0.0010380453236498014,0.1330698324979711,0.036371744047897774
2024-02-19,6.456104045946014,0.42867559493542473,0.04422583145847148,0.040881282326697556,0.16905747936498516,0.0032996208008777964,0.15634870985497487,0.15751148125856837
2024-02-20,6.804077270153529,0.7506095019614065,0.017453334404831503,0.02463593818110693,0.10099171117036138,0.00010740890517679766,0.10161327910314141,0.004588826273975417
2024-02-21,6.453262431899014,0.2864204014084912,0.085436717346145,0.0681955432697113,0.26932874450053673,0.00037633467297500204,0.25418807950378536,0.03605417929835537
2024-02-22,6.727400316374036,0.6388618414512431,0.028986660459084764,0.03144387727341374,0.1557745341954182,0.0002874927166747456,0.1324887250013191,0.01215686890284631
2024-02-23,6.296496288475097,0.27459597392692464,0.06487361267039464,0.06200599408227665,0.23701904493411682,0.0770339631383417,0.22456189546224406,0.059909515785701466
2024-02-26,6.54007509920669,0.4119319634388798,0.05524934143406275,0.05130830971519573,0.22034479372084953,0.004213721560439672,0.21862094412779104,0.03833092600278147
2024-02-27,6.4564770189888305,0.33516263921966555,0.06522872770554274,0.05700967340593995,0.21784930166355446,0.0018829939613605657,0.2230645115603827,0.09980215248355402
2024-02-28,6.238877003313203,0.18028867086926964,0.07438496123504791,0.05027674785112069,0.2387544439842334,0.015443995531807237,0.21657378723791937,0.22427739329060176
2024-02-29,6.282996157838051,0.20437314123334527,0.06970071872076761,0.08379757128166904,0.23034486962050643,0.009423667974980331,0.24995979674001625,0.15240023442871506
2024-03-01,6.426555740443129,0.26770736960739,0.060468035482408054,0.06790280727721852,0.2644158568704007,0.0011660585760041255,0.2571615038274638,0.08117836835911481
2024-03-04,6.5162578488677685,0.26530448973035065,0.05657075072444661,0.07276260885211003,0.2925683430536889,0.0001985952092308961,0.292057988689114,0.020537223741058944
2024-03-05,6.683072538170303,0.6688620327351055,0.04404999714854701,0.02534726798057306,0.12263479561868647,0.0006110046955754936,0.1088829801415938,0.029611921679918732
2024-03-06,6.336634740755501,0.3702053613241311,0.03085966414764692,0.052659972144598534,0.17208008060927282,0.08351094961611104,0.17991680474521432,0.1107671674130253
2024-03-07,6.3239823137868,0.07248741380150195,0.08192583742773331,0.07973909496634188,0.3199051767597013,0.002784183634587966,0.3118266675888522,0.13133162582128144
2024-03-08,5.77100337453872,0.02923149892650111,0.03594899170416182,0.049223610580121265,0.10819342134454285,0.09174439875379864,0.10635063748440375,0.5793074412064706
2024-03-11,6.2704044103200385,0.14047437472419186,0.061667869052803706,0.07672325790840002,0.2663116095662256,0.040538370069891236,0.29503114837077354,0.11925337030771396
2024-03-12,6.3384451316983235,0.19043709501345316,0.0734559651706675,0.062083251144179945,0.2821893540333422,0.004835628451436872,0.24987064719962096,0.1371280589872993
2024-03-13,6.317554487419183,0.269288425039723,0.06700116704796331,0.04858783614176331,0.22189495414260335,0.011631787963318154,0.20496621684276656,0.17662961282186232
2024-03-14,6.072715404131685,0.05606141280364315,0.07502820006438354,0.09440591249035249,0.28284747057477855,0.08412848681054018,0.27199523978420675,0.13553327747209537
2024-03-15,5.98032259787973,0.06325175106001138,0.05503615146698502,0.05794746514825844,0.18439831920402433,0.07521692888580539,0.19084382211874384,0.37330556211617155
2024-03-18,5.355658329380302,0.0015260223503821072,0.015780823049511363,0.0207032688252678,0.031216312661451896,0.407584532603022,0.029827494297634125,0.49336154621273065
2024-03-19,6.037593682560396,0.034053143022884175,0.07337730489537661,0.07812550466687887,0.23146995749023652,0.014205665167000253,0.21693045966167795,0.35183796509594567
2024-03-20,6.080451704537681,0.1599704610145811,0.10326003791463594,0.06046714188212683,0.19929077405224635,0.020357351999784844,0.17748834837134372,0.2791658847652812
2024-03-21,6.142109517952424,0.052978474966280865,0.09996362180315961,0.08781884994416064,0.2847059430292328,0.01477863720684361,0.27689338841282607,0.18286108463749642
2024-03-22,5.889870183054528,0.04637940815145803,0.06817348747370595,0.05975776273739994,0.1716837320297322,0.08110291300376649,0.15850412242637493,0.41439857417756243
2024-03-25,6.004165595438975,0.05199482406463609,0.07610657809646998,0.08429626646663009,0.2009704452216649,0.011036214769482971,0.2065654805987638,0.3690301907823521
2024-03-26,6.2127515172439,0.08074415509712136,0.11833902283196254,0.08185337017911713,0.30321802748160603,0.0053780589517293505,0.29381115576671485,0.11665620969174872
2024-03-27,6.397443030460976,0.21800727478957965,0.06553725968344015,0.06758869261012829,0.2963560598027708,0.0017040998137956783,0.27533259483316075,0.07547401846712473
2024-03-28,6.353500327405625,0.25673661490893596,0.06660553762804702,0.06554984803053147,0.23443913650251558,0.002490876952490367,0.2306441685444424,0.14353381743303725
2024-03-29,6.472696881288824,0.31390956587086344,0.051217250368368536,0.07716893311604588,0.250060446503939,0.0005715302282183984,0.25107057531013705,0.056001698602427714
2024-04-01,6.2855695418305135,0.2104201845379111,0.06327358744236701,0.07100228861880063,0.21958376253292308,0.004970105591866944,0.22764743558026274,0.20310263569586853
2024-04-02,6.029426188860977,0.03746200306296811,0.08941357855631789,0.08431562477137813,0.26131795078086045,0.015315622137780325,0.25309926080725975,0.2590759598834353
2024-04-03,6.259503122611414,0.3172550393656844,0.051538767584108205,0.062424613108497985,0.17734316903559877,0.0376520908435608,0.17551390673116593,0.17827241333138394
2024-04-04,6.306818657740268,0.28876099138333244,0.04896341653272674,0.05586330392994916,0.19083016378921924,0.022935854950339278,0.20559781263521687,0.18704845677921628
2024-04-05,6.2602235190965905,0.11474200909755401,0.08435629638833407,0.06659785968780767,0.28897128652074133,0.01147793363140897,0.2815106533560714,0.1523439613180825
2024-04-08,6.2720033215952755,0.12140440364486367,0.07872715981192621,0.077202879798429,0.2945810087751108,0.004926113908647079,0.28306019902215346,0.1400982350388697
2024-04-09,6.677150243681411,0.5303269427609424,0.03933019679944784,0.03500505836134064,0.19974908118988235,0.00011625695992106637,0.1869811167099158,0.008491347218549885
2024-04-10,6.657286046796548,0.5734038491212096,0.03599326965759733,0.04337555355130921,0.1561150002825925,0.000682698094421221,0.16212571446888063,0.02830391482398954
2024-04-11,6.565005553006093,0.5454880482891501,0.04630167158197694,0.03786976403400145,0.15151229490284368,0.005020874950699358,0.14483520536318834,0.06897214087814012
2024-04-12,6.497798763263565,0.45274531497206394,0.06436627122034726,0.036036243644686626,0.18357448342050428,0.0025063782713258946,0.16942081547608767,0.0913504929949843
2024-04-16,5.496037684701476,0.0053551393678704816,0.02911512003514318,0.03270577101001729,0.06646783618499273,0.3101374758429909,0.06346468740568402,0.49275397015330136
2024-04-17,6.037438772032382,0.042958383993993036,0.070555668495405,0.08410327178211437,0.25114905948125293,0.1046290924374598,0.26765120879428234,0.17895331501549255
2024-04-19,5.70592907770683,0.009836070404686342,0.04902010979730216,0.05181738450634475,0.09835566411493017,0.1536592130574941,0.10634327247198669,0.5309682856472558
2024-04-22,5.9271197031662926,0.027115127391872978,0.10666501344718317,0.07562868529592032,0.220218462007047,0.05298570028562003,0.2075961261679138,0.30979088540444266
2024-04-23,6.069581215807125,0.045995131303385804,0.08049252427587988,0.08603280194550486,0.27922470394649596,0.09079898466126471,0.2717827963815008,0.14567305748596798
2024-04-24,5.9743812925362745,0.025081214848358232,0.12030729248876798,0.08002838743084101,0.27107033316923596,0.04599977069585793,0.2261794964252263,0.2313335049417126
2024-04-25,6.400272908641228,0.14423841725522132,0.07684854967975378,0.07874329887661563,0.3179700762688454,0.00112953227924083,0.31609826990360357,0.06497185573671949
2024-04-26,5.976579516898115,0.10592590253663677,0.0714302988375712,0.053951535192026515,0.19163901680460546,0.0613140016508545,0.19052803254034964,0.3252112124379559
2024-05-02,6.347331988225297,0.25125884226082035,0.061766928132021975,0.05705380661270021,0.23409250024482003,0.006002947083326415,0.24029194175765947,0.14953303390865155
2024-05-03,6.678265882084066,0.6524845544275829,0.03108959933053137,0.03854310906599102,0.12160408528317324,0.0005915095945946392,0.11373591110012943,0.04195123119799735
2024-05-06,6.522452517934449,0.41869137419771235,0.07398001822779801,0.04669870816552172,0.2146967017424078,0.000693457159889144,0.19340652849467996,0.05183321201199103
2024-05-07,6.5411835946850765,0.4574928349950751,0.04434607103913086,0.04534196732967387,0.19009667921364795,0.0013159249284549032,0.19354595866997254,0.06786056382404483
2024-05-08,6.296205552405878,0.16626137285572914,0.07886380536796866,0.0721548285495901,0.257064879710503,0.012507899036763422,0.26455639938528364,0.14859081509416197
2024-05-09,6.332300205441455,0.19195213362679933,0.06759670225613004,0.07621599926151099,0.2749800954256372,0.004363141321120021,0.25544716321778316,0.12944476489101928
2024-05-10,6.155482741485281,0.08015619235761687,0.0519623278256056,0.06356067480577571,0.22579805774403833,0.015594893777510959,0.23642060879510765,0.3265072446943449
2024-05-13,6.444536000040007,0.3084926543134456,0.05964806937441226,0.06622663123050605,0.24881047719316818,0.004760817461654156,0.2507171050860604,0.0613442453407534
2024-05-14,6.459298255514443,0.3363301959602758,0.06324105091539534,0.053537521584034395,0.2202863421440092,0.0015821263766763972,0.2173172991810461,0.10770546383856278
2024-05-15,6.516161457175698,0.4635424957700534,0.05069185820026772,0.04473046851810754,0.17922938029602214,0.001122776058410349,0.17896892091457797,0.08171410024256082
2024-05-16,6.554832706083648,0.357467098157479,0.07947749424263686,0.05190685267545028,0.24459868111460795,0.00040045580474963745,0.2401522705215972,0.025997147483479074
2024-05-17,6.721857584269623,0.6686978482478256,0.02549635122535495,0.03555795054542807,0.12680455776389515,0.000600402543281547,0.12176379711054032,0.021079092563674427
2024-05-20,6.679820330956889,0.6681892750934776,0.03728679368618683,0.034937568388272826,0.11356559998290536,0.0004208783424695586,0.11831515136669561,0.02728473313999221
2024-05-21,6.680731935878326,0.6068551025561039,0.024184371576905516,0.03801422023870696,0.12214177518536452,0.002295114643362506,0.12460655741970904,0.08190285837984763
2024-05-24,5.961705936326368,0.06057289057887008,0.05752498993635089,0.06138554772403714,0.19125556275631075,0.09291497107705937,0.1802503701342627,0.356095667793109
2024-05-27,6.283108949651081,0.11734462330951163,0.07047049774850732,0.08015840968775191,0.2867666918486463,0.0035407620208313373,0.28964997104070844,0.15206904434404303
2024-05-28,6.58164584417584,0.4830434775400072,0.06310769592423672,0.045548840643130896,0.19270369240297094,0.0004675067390202911,0.18202319258033264,0.03310559417030128
2024-05-29,6.386271992686373,0.3275370797087992,0.05304380669869844,0.05854717799934617,0.20241709833001104,0.015503421147095593,0.21825651674047045,0.12469489937557911
2024-05-30,6.312163702084336,0.31625816093518205,0.036533666842245946,0.04852087203040834,0.18127790953591755,0.021001568154032056,0.18884635769974698,0.2075614648024671
2024-05-31,6.474980469228848,0.4118814908769579,0.04893700678994027,0.053993956852464234,0.17723536920630242,0.002047109218961168,0.19425249211150872,0.11165257494386527
2024-06-03,6.395217244491004,0.32053445960771415,0.07150176430817483,0.05648577232191982,0.2101928661284376,0.009539478488803509,0.20701448029368016,0.12473117885126989
2024-06-04,6.5522270633782,0.37753720594678314,0.0628973318923737,0.06410451359483213,0.23512220322904284,0.0003144789662958138,0.22693448574061936,0.03308978063005306
2024-06-05,6.503481962505867,0.36915811077479277,0.06433758226223432,0.06607078326989486,0.2249213012398394,0.0007598461162068934,0.23826753824999425,0.03648483808703752
2024-06-06,6.436107297402072,0.3643256471134147,0.05102055317627231,0.052237035499866136,0.19450104594344372,0.005575491111149063,0.20089495297916368,0.13144527417669033
2024-06-07,6.352184068888193,0.2516589487064023,0.054417737089354185,0.07270572612833928,0.2406687137311632,0.005182458129197691,0.248060726748651,0.12730568946689233
2024-06-10,6.63547668868455,0.536367356835095,0.0349130131444542,0.04516479341651545,0.1718846565155997,0.0005363171811052134,0.17034497100512033,0.04078889190211018
2024-06-11,6.588847801214685,0.5845309264946034,0.035421036679801024,0.048227431534348116,0.1377642917053396,0.0017636721085195748,0.14106898155704892,0.051223659920339344
2024-06-12,6.525825648536117,0.42354016675791667,0.07246098962075338,0.045026682396384854,0.2212123756216849,0.024045160448503487,0.18930351978405635,0.02441110537070039
2024-06-13,6.567265296760609,0.5057836542210808,0.06067753086439832,0.047899071256334955,0.18473650820614415,0.0004353851296979565,0.17443667042746838,0.026031179894875398
2024-06-14,6.588833150836033,0.5260836991683604,0.04222034541442523,0.05982782072165106,0.16448140690829804,0.00042593223277678815,0.17007494139780927,0.0368858541566792
2024-06-17,6.288644375089405,0.15320778964426307,0.06374796196311695,0.06999153844162417,0.2664465180548342,0.008053454260904404,0.2833305874569041,0.1552221501783531
2024-06-18,6.678437543954317,0.6796852285146391,0.031844929434508513,0.030506197502385833,0.09365234541105648,0.0031257970572133743,0.09699829967461536,0.06418720240558141
2024-06-19,6.29989644985365,0.25476456589860336,0.06462394846367851,0.055883148757624304,0.2558552725685015,0.05242878842414821,0.24367570225929544,0.07276857362814868
2024-06-20,6.2745949780624555,0.10016931838118923,0.07545687290529342,0.08550835549208761,0.2766601686967916,0.0027248994921083057,0.2746464952532843,0.18483388977924556
2024-06-21,6.3906287453410275,0.4014244040668756,0.03861199590903478,0.06214358364349542,0.18563125683811596,0.008459129260600056,0.17350384474254799,0.13022578553933026
2024-06-24,6.015585060659609,0.0637086702885858,0.0565968896792038,0.06657457482085419,0.19016414017737876,0.06087115906928362,0.2059800560298201,0.35610450993487375
2024-06-25,6.23467259977019,0.0887411403787686,0.07784465188339088,0.0865070530081667,0.2906140080641119,0.021021457008051407,0.3128085219361341,0.12246316772137635
2024-06-26,6.272489526172438,0.2954643323510072,0.05168723886108148,0.05833912756119613,0.17324882267527675,0.020780127792311674,0.1676155908246816,0.2328647599344452
2024-06-27,6.401702943574932,0.23859981400183658,0.06497200863287575,0.06285330917287389,0.24348290777034592,0.0020278899766121893,0.24051169196527553,0.1475523784801801
2024-06-28,6.40681958314488,0.430166969542885,0.044392932658444316,0.04387505108143037,0.15560214733117997,0.0333795766613127,0.16875737599718327,0.12382594672756436
2024-07-01,6.493176322502912,0.2999792426634612,0.06865437952289084,0.06367781623813734,0.25457515231558514,0.0007966993486101056,0.2589097839688726,0.05340692594244285
2024-07-02,6.364017804892565,0.3416001321703795,0.07296286699308263,0.05346562030832999,0.19930192766443527,0.002967955370678565,0.18370077629945572,0.14600072119363836
2024-07-03,6.743604253720315,0.6237999760003863,0.045130025306018964,0.03660437114433017,0.13177536402184603,0.00045496937473356216,0.1282777327346551,0.033957561418029886
2024-07-04,6.611915609149851,0.45250049144095994,0.04742927771702026,0.04775916801090194,0.2092576541657275,0.0004493150250691354,0.21440520176499941,0.028198891875321784
2024-07-05,6.596774942947428,0.46839765444082715,0.053940530924715534,0.04953521991526683,0.20170520012896592,0.0003888064312704375,0.2050518915153042,0.020980696643649925
2024-07-08,6.558052444141596,0.45505150695653124,0.04444208977006495,0.05889637335338818,0.2022468499035171,0.0004959673594636178,0.19496378061199834,0.04390343204503653
2024-07-09,6.397010780530423,0.2835335687777389,0.07520109963593107,0.06693974298241627,0.2421289915506234,0.001497975511534383,0.23432796266605233,0.09637065887570366
2024-07-10,6.414358724773941,0.2661979245380912,0.06057296775218712,0.07006194076422118,0.25791787829001217,0.0018957653927069021,0.2570819639423798,0.08627155932040159
2024-07-11,6.621756127831094,0.6194100228433415,0.024459523385664872,0.03243775021179356,0.11938497493470451,0.001166120861487794,0.12550514342770827,0.07763646433529958
2024-07-12,6.549852689544949,0.4615469801361392,0.0532044410078383,0.06116194307356617,0.19164804338220137,0.000832966813338507,0.18348785719244226,0.048117768394474236
2024-07-15,6.726941011683641,0.6532675159272403,0.02376449349876476,0.038835706669779736,0.12331130990001093,0.0005254420763531183,0.11636550957494148,0.043930022352909666
2024-07-16,6.708856207826571,0.6177551872032149,0.031992234897360985,0.03923155225051944,0.14222611420977616,0.00021664177643028408,0.1490399915685517,0.019538278094146676
2024-07-17,6.392593312283032,0.5373173709147682,0.03681335222445577,0.03162794131389772,0.1091316324559594,0.048572397023812476,0.09452408668846099,0.14201321937864558
2024-07-18,6.329380064180207,0.17022057404372443,0.06919198607337748,0.09359191483359228,0.27045029057788306,0.0019743284057464165,0.26423017183569175,0.13034073422998457
2024-07-19,6.255053228940887,0.1740506867673713,0.06716147076479977,0.07382186909075765,0.23518425405526946,0.02040624225184324,0.2478814251265602,0.1814940519433984
2024-07-22,6.114196443467247,0.043131530524463585,0.09218663983862371,0.09232555315877707,0.25857293890317157,0.006988280020008934,0.2700675028469545,0.23672755470800064
2024-07-23,6.443770621115317,0.39863097978336265,0.03632362807551622,0.05088473724937077,0.19468319933064382,0.03845407168777371,0.21468249931332026,0.06634088456001255
2024-07-24,6.029843207126585,0.07246037193199605,0.07117628501514223,0.07269927102777761,0.20403257409978512,0.025192277583120294,0.21402651101847076,0.340412709323708
2024-07-25,6.353251752413074,0.24033088609745976,0.06265882537984613,0.06886128082923852,0.2595632101344182,0.0038145036965745115,0.2568352555489215,0.10793603831354133
2024-07-26,6.697638453125706,0.6139448484724667,0.04078280754858803,0.03157829215662878,0.1529217672611329,0.00016662042206340959,0.14741667961713018,0.013188984521990075
2024-07-29,6.8969655012717785,0.8192055108745018,0.01770287641853369,0.015784654710409657,0.0651795185547136,0.0010672911741700804,0.062241734988349805,0.018818413279321385
2024-07-30,6.837899507231234,0.6660791802005013,0.028996195875647283,0.033842065220449614,0.11864179417918568,0.00137824068958675,0.11832872909491875,0.032733794739710616
2024-07-31,6.662967066341428,0.5521237715677204,0.046075114249694925,0.04228394364575176,0.1594819033457842,0.00064466898055952,0.15371226323709652,0.045678334973392694
2024-08-01,6.494494064415652,0.5940888173755642,0.017486373042772736,0.036925673539198144,0.0842355183223075,0.06726474492035082,0.09671665946737598,0.10328221333243057
2024-08-02,6.204552850036695,0.24049100504724025,0.05662479145383368,0.06621853819185408,0.17632257146821528,0.029672295175009966,0.17031093555856322,0.26035986310528353
2024-08-05,5.672752979907509,0.033470985925781446,0.048826538474779364,0.06283539907292839,0.14752267298687657,0.20888652654072803,0.14110303067156635,0.3573548463273398
2024-08-06,6.061868560657743,0.025346778074102603,0.09054041891773484,0.0823190509435443,0.2484347086415943,0.015695554627960528,0.24370253009396,0.29396095870110345
2024-08-07,6.4582137545013545,0.23709443764150856,0.05755217679025172,0.0667236727334949,0.3005867684463938,0.0013667748765020618,0.2883123261306783,0.04836384338117065
2024-08-08,6.372816411224982,0.30866610984492715,0.050762619150892425,0.06305504539864794,0.21041424685597618,0.004992159583855262,0.20788425508782737,0.1542255640778737
2024-08-09,6.458785939981828,0.3641735149729082,0.0709011702491807,0.048952584462796205,0.231130225890152,0.0019783164768204407,0.20937124358460665,0.07349294436353579
2024-08-12,6.394465892874502,0.1895898558472958,0.0758305994753407,0.08094850340847967,0.2925432712919465,0.0010738377272038252,0.29056414153561205,0.06944979071412143
2024-08-13,6.600139367142971,0.5477804034171708,0.03703790070097491,0.042241590194087436,0.15743920611621168,0.0009172775106461947,0.16747798567687258,0.04710563638403635
2024-08-14,6.788744621391132,0.660260079167259,0.03319750304556065,0.035613193791524916,0.1285291170237598,0.00017838975075577397,0.12681511059801376,0.015406606623126071
2024-08-15,6.907930898027999,0.7929495457219976,0.019775703580506624,0.019488127548977274,0.06918623851589285,0.00043121743141658926,0.07247889854784967,0.025690268653359414
2024-08-16,6.65349787432802,0.4792497356254847,0.05998429144877908,0.03884183602559305,0.2089357468816985,0.00019976565948535,0.1933357101792358,0.019452914179723554
2024-08-19,6.627112462981287,0.5237771617422969,0.04154146990342493,0.0401460142507662,0.19978876851287464,9.235915131861296e-05,0.1857901490003694,0.008864077438949257
2024-08-20,6.727770899786916,0.5566756981886478,0.031435933053558004,0.040176216879284084,0.18403578360226233,0.00010903186543461015,0.17862845285221382,0.00893888355859935
2024-08-21,6.614720198176164,0.44659784419806026,0.06351565648718197,0.04571987348807838,0.21959780135073742,0.0003140626754591831,0.20632202457112597,0.017932737229356895
2024-08-22,6.6607347084764505,0.5425766390860952,0.03555369034286129,0.04477383226473341,0.1839852470552102,0.00016279599569463468,0.18124127231718584,0.01170652293821939
2024-08-23,6.826625292824909,0.7155771725398978,0.023402394659329494,0.023393420590122494,0.11856847044778658,8.03297145032788e-05,0.11269010381453755,0.006288108233822806
2024-08-26,6.882594546397732,0.7616124696448572,0.016906570271525385,0.024793745259098957,0.09850735521149478,0.00013980062937993156,0.09045727225897318,0.007582786724670549
2024-08-27,6.908271170524983,0.8352364908786226,0.01770518290688224,0.012124896931744672,0.07089041417340564,9.015421772309729e-05,0.06052680281468671,0.003426058076935022
2024-08-28,6.809283016846767,0.7097431951708809,0.025456254223054624,0.03517153055425567,0.09861659427378813,0.0004803704954872201,0.09047498703005934,0.04005706825247412
2024-08-29,6.885186360889064,0.7439935966334594,0.021132323319482647,0.02055164000042687,0.10974416620135008,6.731869736547862e-05,0.10046884013551988,0.004042115012395609
2024-08-30,6.96880019255766,0.8583191152873367,0.012328720136572761,0.009898218534979943,0.059248007056490214,7.774203420118517e-05,0.057682714926105945,0.002445482024313235
2024-09-04,6.624896839632119,0.5865745453810697,0.03465474272143852,0.043276459388037376,0.1494251594531351,0.002190779981157557,0.14627578515911535,0.037602527916046374
2024-09-05,6.893786381550175,0.815444450509623,0.010568937905984753,0.019223692921079474,0.05785667290207388,0.0015686794360812702,0.050882278934135244,0.04445528739102243
2024-09-06,6.926987645064173,0.842202132297756,0.012381583870081337,0.014806458474413696,0.06696219217649396,5.886146855772149e-05,0.061223227882949476,0.002365543829747747
2024-09-09,6.876434156428618,0.7309754979131734,0.04162100296629872,0.02182044891064222,0.0983956017005673,0.0002816414605134421,0.0951223228111173,0.011783484237687625
2024-09-10,6.612507085364962,0.5759879260742912,0.022768640481418186,0.031050662910856557,0.07907117802408163,0.004614410164925991,0.08436374480375958,0.20214343754066683
2024-09-11,6.546385419949397,0.32647645238178197,0.05449871039808645,0.06492995830074445,0.2615674931285636,0.00027733708293142096,0.2734162465225594,0.018833802185332718
2024-09-12,6.9354692662630955,0.8155814714983779,0.01817798242182549,0.019317936864224835,0.07116041354552509,8.451758171836477e-05,0.0702183686589062,0.005459309429422186
2024-09-13,6.6888064070276245,0.6247818122779615,0.036936689114925,0.038466057787202954,0.132790291950906,0.0006383227608002199,0.13184808106810206,0.03453874504010223
2024-09-16,6.725479326150926,0.6264279737585281,0.025341381588799037,0.03546108695338526,0.14408332554734324,0.0009292392883331876,0.14511025258215554,0.022646740281455593
2024-09-17,6.784029421527918,0.7655967656758745,0.03754247059423547,0.01664938778663335,0.08456678653027629,0.00150441501555525,0.0640783533869516,0.030061821010473593
2024-09-18,6.437052016280064,0.3476855993226506,0.056848482430150074,0.0534079175664463,0.23214900698556987,0.0020090967710932974,0.21771713826933478,0.09018275865475509
2024-09-19,6.785152273553985,0.7164034065062641,0.023578403697586427,0.028739648358283788,0.11193322103905759,9.44811068124079e-05,0.11196862735257201,0.007282211939423696
2024-09-20,6.65550915439051,0.47887555070726795,0.053617920432248646,0.054856402800853785,0.2001728778580579,0.00031240673901477097,0.19458487097405122,0.017579970488505736
2024-09-23,6.76709636557669,0.6144394712705223,0.028858190249220268,0.03779226637249808,0.15612749530980458,0.00011229606160675791,0.15313144846293314,0.009538832273414812
2024-09-24,6.817377922929027,0.7146100113698672,0.03527345657878686,0.023244251013089322,0.10906832789945548,0.0002852151941888936,0.0967700171360045,0.020748720808607693
2024-09-25,6.526106952189963,0.3395214479701298,0.06525636315395747,0.061542739660005154,0.25275282462580845,0.0003694006687183156,0.2508298693150846,0.029727354606296226
2024-09-26,6.4214814868511905,0.38954181103915,0.061349269342319185,0.0482763715627732,0.18203952394258063,0.003260848957438952,0.17571134942563307,0.139820825730105
2024-09-27,6.372419899910155,0.20562706642009182,0.06410203437732116,0.07694534331188925,0.2528159081112895,0.0016440373872003346,0.25032626600826574,0.14853934438394217
2024-09-30,6.633973347814431,0.5124405466854083,0.03976771385007807,0.037692850073283914,0.1919271576480171,0.00017370181986987678,0.20047038229906036,0.017527647624282387
2024-10-01,6.575837280164209,0.4917200761368799,0.039543099520827484,0.046132123934247024,0.18169495078864306,0.0006961042548875547,0.19799887717705686,0.042214768187458125
2024-10-02,6.694992261089786,0.6409794844061937,0.037881895658869534,0.031219471064963183,0.13694522254081837,0.00033348399460411145,0.12931233753604668,0.023328104798504397
2024-10-03,6.232445222938838,0.1878821918215354,0.08032540631916864,0.07010590944515216,0.24146764796934136,0.018425122988953227,0.22924326315410729,0.17255045830174193
2024-10-04,6.2521666325578895,0.09097874492111659,0.07222381846196102,0.08776797962789323,0.29528849269038404,0.008466171001816155,0.2962788123282028,0.14899598096862612
2024-10-07,6.486475374142062,0.3888558553788872,0.045769196849254686,0.0600634004277479,0.1959468502975938,0.0016240062862890013,0.21505412928920983,0.09268656147101756
2024-10-08,6.525587680342778,0.370596147507571,0.06566906674277398,0.054702657604072155,0.21525282736806867,0.0010909453638057677,0.21436285002712166,0.0783255053865868
2024-10-09,6.486497671736,0.2928738617414873,0.0682469532454291,0.06120468051892541,0.27961978024931544,0.0009492303580525507,0.2621981371600119,0.03490735672677825
2024-10-10,6.404157376273721,0.22345847295172744,0.07550356873482106,0.08398076006734535,0.27380990091036955,0.00096422094933427,0.2661948134575068,0.07608826292889558
2024-10-11,6.704274819826215,0.5903950420119705,0.04896926062119709,0.037968056015882476,0.15075568629495403,0.0002496494417619693,0.1570672936716204,0.014595011942613562
2024-10-14,6.504835563364166,0.33481361030733786,0.04678684294809099,0.06961280525883154,0.23240996939358008,0.0012497909117079246,0.25186669637269676,0.06326028480775486
2024-10-15,6.478904533425068,0.32695812307553834,0.053489509430956234,0.06324922528747559,0.23034324616547366,0.0012655089629807687,0.24252948735541383,0.08216489972216162
2024-10-16,6.631526760191091,0.49110217912427534,0.04063865763626346,0.045083438948055894,0.20335724066448024,0.00031448682326615707,0.20726091705264732,0.012243079751011555
2024-10-17,6.733096013354609,0.5905543442206777,0.04494174349540273,0.03737328306433708,0.15272445049567365,0.00048301974326748055,0.14140467225303402,0.03251848672760742
2024-10-18,6.3344014761029355,0.24730472798947245,0.06588611115827973,0.07108034852131251,0.23247011836827466,0.006720981505956187,0.23740702668848448,0.13913068576821994
2024-10-21,6.587039100099101,0.4259290766171723,0.04596952419623843,0.05131221246565355,0.22024951860425007,0.0002686254804944641,0.23466357408864655,0.021607468547544688
2024-10-22,6.822855213027451,0.7662388447212269,0.01525603073561141,0.029550957385216944,0.0803362631900884,0.0005476415120117199,0.07727989416635159,0.030790368289493046
2024-10-23,6.635972386326287,0.6436813644632928,0.02780449032488187,0.03513045788292732,0.11797383877973937,0.002076373602849347,0.10888051058857538,0.06445296435773379
2024-10-24,6.624792586276483,0.6201532032183432,0.02227890375897636,0.03155647659564421,0.09291992788848948,0.011801780498313182,0.09200925526224181,0.1292804527779918
2024-10-25,6.438871091898603,0.445911513477483,0.045048354497401806,0.04718502227972217,0.15168739118204272,0.00945048168357905,0.15743245618450016,0.14328478069527112
2024-10-28,6.846591198429218,0.7965468263070662,0.014772323267949262,0.017534231773739747,0.08571498700821088,6.979502340532478e-05,0.0809850249308374,0.004376811688791179
2024-10-29,6.860298166957879,0.7870130131572058,0.0224207300115647,0.019128736915424324,0.07523983606565543,0.00020886094050089968,0.08349366973166257,0.012495153177986145
2024-10-30,6.770521442555437,0.6852079949018459,0.02640241449055371,0.02702706179587266,0.12614284153257319,0.0001257679808679999,0.1268686123900655,0.00822530690822105
2024-10-31,6.710306790422651,0.6206275271294622,0.0457937102621419,0.03850914711088558,0.12944864540980305,0.0004978195654675909,0.13014232574076717,0.034980824781472526
2024-11-01,6.662920416198189,0.5902228906031469,0.022334653895686576,0.035720498433639794,0.12230047100222224,0.004028509397854095,0.12755473422124516,0.0978382424462052
2024-11-04,6.311806136306568,0.09672163196058038,0.07314687575143841,0.09292578656486408,0.29792635491103814,0.0019829407503122085,0.3318353677530943,0.10546104230867241
2024-11-05,6.874008476417975,0.7793482437500999,0.020684977680529956,0.021187844277774523,0.0828098378422239,0.0001950323284657336,0.08391150244615882,0.011862561674747115
2024-11-06,6.685971610144949,0.6263572892636058,0.04849071762386879,0.029483125734199388,0.13294662595537568,0.0005607728542060578,0.12153999875434233,0.04062146981440199
2024-11-07,6.661231817078932,0.5481166096553295,0.03510652136359817,0.052513892219788555,0.16045515634066662,0.00026190773286826946,0.18547560020103343,0.018070312486715385
2024-11-08,6.526232858129427,0.4708466997985338,0.03224211028649106,0.04468210501271708,0.16397566908219022,0.0023022848048726147,0.18500154217442194,0.10094958884077328
2024-11-11,6.276324117535668,0.1662179054944297,0.06669947858020654,0.08667028829320231,0.2436251655863413,0.002436833344301897,0.2646810403606066,0.16966928834091174
2024-11-12,6.279516045340538,0.1511308710021568,0.06280652117254149,0.08216092317666794,0.2573906406969043,0.005640880506232678,0.25965744876878344,0.18121271467671335
2024-11-13,6.204048403008764,0.06406931555000596,0.08943420163038612,0.08176767379822072,0.28323865914503443,0.0030717483107316466,0.29519585482725585,0.18322254673836522
2024-11-14,6.224968089871251,0.09964855496863587,0.08222309845967797,0.08715700933156013,0.27968809464689975,0.003497245301319713,0.2836225580385612,0.16416343925334534
2024-11-15,6.325324320540281,0.1855934115431593,0.06153421024762697,0.07262327971034017,0.27929145738763317,0.003895938755854186,0.27058684838261615,0.1264748539727701
2024-11-18,6.138690666027873,0.044196707205021606,0.08102258275893878,0.09039451603835333,0.2747155865383013,0.029068643446003288,0.2812511605360705,0.19935080347731118
2024-11-19,6.094813226934563,0.06056520626170525,0.09698598666168795,0.10686773547246511,0.2659949253531699,0.006848410435229843,0.2620888142009289,0.20064892161481307
2024-11-20,6.010153386651491,0.06725941060841137,0.06506131211254274,0.05187168683488794,0.1688898423645728,0.014295030663876863,0.15432714321383997,0.47829557420186836
2024-11-21,6.265216357940517,0.1344345816239034,0.08074989258032646,0.07316392979539349,0.2905240061674808,0.006235932477904807,0.24755337985437678,0.16733827750061434
2024-11-22,6.364315801588459,0.3045895616984925,0.06388794198657698,0.06421393430971095,0.19881279652000752,0.003121976117657637,0.19102593064181844,0.17434785872573594
2024-11-25,6.536041756311388,0.36080879636525304,0.051559585048082224,0.06615669531067161,0.24356002314911515,0.00022586649568243653,0.25604500560196775,0.021644028029227783
2024-11-26,6.458662733251233,0.2998133250884088,0.07840102346575355,0.05906882066230298,0.2591651851854214,0.0003629815456552581,0.26988474256869527,0.03330392148376273
2024-11-27,6.843484638979095,0.7576224196803538,0.01669776928737631,0.024331675610484,0.10137469034533293,0.0001368389088120042,0.09542132092020686,0.004415285247434126
2024-11-28,6.579801044616581,0.4025297220047881,0.040826527246564055,0.04933679272096213,0.2319353741795549,0.01854354203070325,0.23484494948887816,0.021983092328549385
2024-11-29,6.552418193790342,0.47748550955761737,0.05926843096874284,0.05192208015675825,0.1835428472516952,0.0010453314257713351,0.17494629589622473,0.05178950474319028
2024-12-02,6.647088933222301,0.6279505339484568,0.026375888208785257,0.044516200828849044,0.13993009721615268,0.0002646390086297066,0.14144174110667576,0.019520899682450764
2024-12-03,6.4899894566138165,0.40168471399690375,0.06136403947554378,0.059355008657545644,0.21466552978347422,0.0009346202233051543,0.20545667616076316,0.056539411702464265
2024-12-04,6.430427388421693,0.2564328885917683,0.06117678812354836,0.07850706227828978,0.2641610983607299,0.0009153191743312088,0.2866432853823667,0.052163558088965646
2024-12-05,6.160265877922588,0.1087284425569453,0.08458879022978975,0.05211624979023619,0.27303077665653,0.09676972553844555,0.25748234362689804,0.1272836716011551
2024-12-06,6.344487265627381,0.11575465535497623,0.08212714322603151,0.0907457489186145,0.3136692077077358,0.0031541965031664176,0.3361949428124179,0.05835410547705762
2024-12-09,6.56598575290415,0.5250077777726261,0.04574932555774955,0.03545310593519017,0.14437323341051403,0.0027469856012499526,0.14483728618639252,0.10183228553627766
2024-12-10,6.340490521394846,0.09391919325077146,0.09196511502127412,0.08694361034631387,0.322879940457159,0.0007279055739141029,0.3443355663281404,0.05922866902242701
2024-12-11,6.694577831470416,0.6794916127351713,0.029181925577210818,0.03416418859762702,0.12060121844677671,0.00031817385363371666,0.11304471302433107,0.023198167765249297
2024-12-12,6.435762533028492,0.3137199591046545,0.06946840978951982,0.0748977113549962,0.23226073689529195,0.0009166636541740174,0.2520874634539548,0.056649055747408764
2024-12-13,6.477988086819914,0.32596476764657983,0.055118452823723185,0.05818946772855742,0.23742417700912857,0.0019391011012306106,0.2296811266560363,0.09168290703474408
2024-12-16,6.6225291459687385,0.47358687545993483,0.056230859895491515,0.04341954145347699,0.19816469927388244,0.00048016994033210154,0.19811632403877022,0.030001529938111886
2024-12-17,6.588389961391376,0.44281293540943056,0.04162584877953104,0.05933025825271755,0.20640535956247505,0.0002730813495013695,0.2273325577379757,0.02221995890836873
2024-12-18,6.926712421086743,0.826037494129405,0.01812682065175862,0.012420171693776273,0.07211912181515352,9.529935460101843e-05,0.0683110265934154,0.002890065761890227
2024-12-19,6.748289503452368,0.5650393470830175,0.035556084516328725,0.045340783752070526,0.16672664600608336,0.0004361252912716158,0.15847786111027856,0.028423152240949632
2024-12-20,6.835249371558188,0.7521592316208067,0.02043915899116928,0.02007898849386864,0.10269251406206822,0.00013140425678519213,0.10044745679946951,0.004051245775832532
2024-12-23,6.92959512371237,0.809686423224024,0.02389309301876189,0.0146383042876974,0.07535672795770784,0.0001305248820809327,0.07199620013163759,0.004298726498090421
2024-12-24,6.963832010293332,0.8351440597935156,0.0163556529805168,0.013572469939473761,0.06583216654992133,0.00010786656454277037,0.06628885860989536,0.0026989255621343764
2024-12-25,6.3704029663604995,0.3115918438495521,0.07786682986694117,0.058354429057956445,0.20442167099099162,0.0020383689629830007,0.20700987078394859,0.13871698648762706
2024-12-26,6.993391047908262,0.9014269458189903,0.007797240386026935,0.008557353774849362,0.042731393396161575,6.44046455746475e-05,0.03825906437812289,0.0011635976002742194
2024-12-27,6.997818633994538,0.8268669530192079,0.019611204835717228,0.014959126942772362,0.06568483350242894,0.00021556001637891223,0.0692369623017461,0.0034253593817485614
2024-12-30,7.074929041175576,0.8666023906994079,0.00913128705539708,0.009115689979777169,0.05926399716653179,0.0014869557997788147,0.05084867709624796,0.0035510022028592122
2024-12-31,6.948124983030393,0.7908710616448159,0.028543286019090775,0.01923544864251113,0.07692037087396097,0.00018868497009654077,0.07502081569683035,0.00922033215269436
2025-01-02,6.647010990494914,0.5450081604428431,0.03814219371944979,0.03704999371982945,0.16674442649745758,0.0157176195511559,0.16716639412916523,0.030171211940099026
2025-01-03,6.588292200585483,0.4604072845738775,0.03710175185582621,0.059022876362525525,0.19433987210512965,0.002899811641060622,0.18833244718993866,0.057895956271641916
2025-01-06,6.719985714234133,0.6522646844970494,0.029245150157469296,0.0336177603363845,0.1152806548674872,0.0006127078440128178,0.12589830014137945,0.04308074215621738
2025-01-07,6.715128954644503,0.6609341890712294,0.030175561376340095,0.03587522596601559,0.11534660095798864,0.0017824327069582134,0.11699912723507239,0.03888686268639567
2025-01-08,6.470071913885189,0.2542838975959286,0.07072402272385545,0.07057117116837186,0.28691912710030537,0.0006944036633163887,0.28288698657893435,0.03392039116928799
2025-01-09,6.420897867169919,0.3604859156323047,0.05376154165512684,0.06883021205163248,0.19306686722668076,0.001642616974767786,0.20363495413610153,0.11857789232338588
2025-01-10,6.451497498606588,0.3687168726373869,0.049699211888814765,0.06584242504491045,0.20706302698215814,0.0024447935382541806,0.23252751555953927,0.07370615434893635
2025-01-13,6.3623094216500915,0.20446003327304327,0.08138805646510648,0.06854387870188242,0.2770704389064117,0.0014969586833606002,0.2696659243339427,0.0973747096362528
2025-01-14,6.43320073891738,0.36760669832061504,0.05327271443739774,0.06878977229540371,0.22709103047710516,0.0010288720570913845,0.2204844532060152,0.06172645920637175
2025-01-15,6.52191226155632,0.3522467136121245,0.06439293494342764,0.060636328054241,0.24090620180398947,0.00028008760211548593,0.2603323782976204,0.0212053556864815
2025-01-16,6.591411286767809,0.43783266799630377,0.04922681347888433,0.05993340760025048,0.21196196459461653,0.0002539240620305682,0.21564754504068037,0.025143677227233954
2025-01-17,6.554327756211589,0.4191925034194472,0.06389802962894867,0.05222948795250423,0.20926034050091055,0.00048825733121586937,0.22581662586171936,0.029114755305254158
2025-01-20,6.69197287404942,0.5569717654879078,0.044986167414753364,0.04084677222365615,0.1762444351432656,0.00013538821891754141,0.1697296063617905,0.011085865149709032
2025-01-21,6.692524549946414,0.5078329237007905,0.048336717196288334,0.04663785387319549,0.18282269670318252,0.0012027735123163524,0.19368564966740492,0.019481385346821888
2025-01-22,6.506885381901651,0.3130037506742501,0.058411071058476316,0.07202674645588711,0.25044950336899535,0.00029758323988082004,0.2785619259742157,0.027249419228294613
2025-01-23,6.258621342866137,0.12694687003321725,0.11543915415870791,0.07461372655649938,0.31519458445941717,0.0028903467064541814,0.2661867461576561,0.09872857192804801
2025-01-24,6.666665489881164,0.5362071970452809,0.03949595214259013,0.039743365761537364,0.186085267277317,0.00016912124315677601,0.18468124078407266,0.0136178557460452
2025-02-03,6.325505476643326,0.18318853263770996,0.0698016015924323,0.09557215006758865,0.27815056887467393,0.016153809746243628,0.26441992790337193,0.09271340917797961
2025-02-04,6.545648969858371,0.3165185172147818,0.05963007224037519,0.06337173373416768,0.2700907063214765,0.0008116231621088206,0.2634844692057389,0.02609287812135102
2025-02-05,6.703222828866288,0.5642457554244757,0.04984612094305279,0.03722779096158504,0.1707724122500744,0.0002013140105950022,0.16329854521534629,0.014408061194870831
2025-02-06,6.710133808028675,0.5995984503667364,0.03960528658816262,0.03466253538795672,0.1513159159914368,0.0007044567142655082,0.15964506631356404,0.01446828863787793
2025-02-07,6.653963992776935,0.4888564923647485,0.04535344162799813,0.046429176528463685,0.20908250449694907,0.000136889326319734,0.19880429356367874,0.011337202091842148
2025-02-10,6.420281037511384,0.21336712767810717,0.07528150728300152,0.07400827977458034,0.2829475680883794,0.0030661514561370062,0.2955321838389767,0.05579718188081776
2025-02-11,6.640102411436002,0.43559815647443867,0.03696563583723103,0.04594254367412672,0.23052719015612605,0.0001228941034891431,0.24218515686840636,0.008658422886182012
2025-02-12,7.0133066048820805,0.8687895097036892,0.014633210915238448,0.01167283818405037,0.05028777487347118,0.000118320364959021,0.05197239172728549,0.002525954231306233
2025-02-13,6.737481264286884,0.5919177759704793,0.02948716071415592,0.03465561305647213,0.1794208661155702,9.892700930089695e-05,0.158646159626136,0.005773497507885527
2025-02-14,6.745575368814409,0.6287615361185925,0.03147452714439759,0.03413068580686556,0.1449239660197841,0.00043703774981895235,0.14041357937610313,0.019858667784438032
2025-02-17,6.807537716547206,0.7227598839861771,0.017295205784073377,0.027188615209361926,0.11121598810092174,0.00010240629899358967,0.11661645998453303,0.0048214406359392056
2025-02-18,6.576621621180104,0.4059324682008395,0.06211178364140205,0.05427321782216598,0.22693490235436525,0.0003590893914085366,0.23228092224508007,0.01810761634473865
2025-02-19,6.553906598433387,0.38349461004772767,0.06734807756278004,0.052366596397157766,0.2378998789263325,0.00029715342344550065,0.2414223888947036,0.01717129474785297
2025-02-20,6.806482583485656,0.7151699811590355,0.026445986336517947,0.026402483898409882,0.10488657890616673,0.00021902927072328136,0.11482241143617065,0.012053528992976082
2025-02-21,6.717364366581578,0.6017929637633626,0.035471162315452796,0.035186352985802714,0.16397076452730233,0.00012218380526236283,0.15349161941060382,0.009964953192213378
2025-02-24,6.590492340570149,0.4614990079307475,0.06641969340783702,0.0471406673749609,0.2086490630111,0.00033407707717151696,0.19113240483044355,0.024825086367739512
2025-02-25,6.719140234355561,0.6250180516093161,0.02931335239201795,0.037713016522674635,0.14439234546653446,0.00013088312122174565,0.15255692445541927,0.010875426432815851
2025-02-26,6.927616099328784,0.8162237877134054,0.01417771957010901,0.016528907349392694,0.07601877911735384,0.00010122569110001576,0.07263154512276483,0.004318035435874138
2025-02-27,6.754882380474647,0.6413605987071603,0.04130654101734025,0.03476207339527357,0.12720916801540377,0.000847186951179132,0.1159562557972549,0.038558176116388114
2025-02-28,6.380609693332209,0.2437707156085212,0.06072974509227007,0.07091065306269283,0.255936245030784,0.002271374931795582,0.25675629678837886,0.10962496948555753
2025-03-03,6.595197266493844,0.4288793646852447,0.04663048741146567,0.05999680369384253,0.2188972443855696,0.0002490440861915901,0.2276459088356053,0.017701146902080654
2025-03-04,6.641534402769737,0.5724212366046394,0.05379129322734263,0.03795047856942254,0.15600643627589392,0.0010441923522054384,0.1448756485820556,0.03391071438844055
2025-03-05,6.632766139691084,0.4090135083421868,0.05062794394085171,0.05718340406337161,0.22548280878941274,0.00020417570506437298,0.23921151831957682,0.01827664083953592
2025-03-06,6.607221824137798,0.4754182255897769,0.05529350035606214,0.043915993187781915,0.19816139250881015,0.00019584464523494472,0.20924493628101573,0.017770107431318165
2025-03-07,6.657016675878866,0.5592598522739383,0.04840300584315233,0.04040513841843642,0.1721685656318529,0.0003164016530098367,0.1571105052012687,0.02233653097834156
2025-03-10,6.692764154263316,0.5906914249178683,0.037733626529591655,0.037473446917288024,0.15015045202465152,0.0006418156425857923,0.1530042632119465,0.03030497075606815
2025-03-11,6.7483377164156035,0.63376017560923,0.0304749369895694,0.030965519223223287,0.1522188587384264,0.00033916410903977686,0.14092987392954648,0.011311471400964746
2025-03-12,6.535424586359686,0.352980733414609,0.049470413602888286,0.05599057831017128,0.24069906869907093,0.0005162916464850689,0.25562669172635105,0.044716222600424384
2025-03-13,6.483560695103559,0.2836946122752045,0.061985153523036685,0.07583913008642325,0.26276293585296756,0.00043300390803337977,0.2747739842804905,0.04051118007384415
2025-03-14,6.647930486399058,0.5119749619156849,0.03775682628555411,0.042475014340878935,0.18813599235400028,0.00013545161670681672,0.20661404262397998,0.012907710863194992
2025-03-17,6.830184118359819,0.7694929146954229,0.016359250694871503,0.018742703864046507,0.09922196434069369,6.44679315416893e-05,0.09314863418375995,0.0029700642896638156
2025-03-18,6.985822742916627,0.8256365258307391,0.01360595048698638,0.02101921415978116,0.06795649954114427,0.00012519577885041123,0.06389454881313732,0.007762065389361351
2025-03-19,6.7425092246894,0.633372335123891,0.02830958065814547,0.035468155898868065,0.1410986991690256,0.00016975264857501011,0.15270869767989678,0.008872778821598095
2025-03-20,6.805305042898085,0.6680855127856937,0.031914146511228834,0.03401035254034155,0.12726990667059673,0.00016269943135065206,0.12604125939113014,0.01251612266965846
2025-03-21,6.778349493641383,0.6168071578380027,0.0296823798569511,0.03675343890676727,0.15917437709757581,0.00014109370059361626,0.14775653302929964,0.009685019570809859
2025-03-24,6.642096711269496,0.5686999586164477,0.05908866068969351,0.04031961144610775,0.1595817952464012,0.00017978382461909266,0.15804699496342337,0.014083195213307259
2025-03-25,6.777619084364445,0.7246849054968467,0.020465191739505468,0.02843082443247332,0.10835672961102447,0.00013456307591019735,0.11162829337736413,0.006299492266875743
2025-03-26,6.551196790609776,0.4616817850132452,0.03640371674312168,0.04751484526168263,0.18801264562082906,0.0019274414061130442,0.18447437161526367,0.07998519433974473
2025-03-27,6.567821207086309,0.47071622172520755,0.04456802072754894,0.04496293260035346,0.20875651698428838,0.00014695207455875907,0.2167315886034811,0.01411776728456185
2025-03-28,6.6628835550695245,0.5937928114524639,0.03931653578587297,0.042793285255297145,0.1545372087768854,0.00019720019846589118,0.15434354446889598,0.0150194140621187
2025-03-31,6.907497726665158,0.8492766212103098,0.013105752334305842,0.011966376702027376,0.06381986683546839,9.746394489068766e-05,0.05628332643790721,0.005450592535090743
2025-04-01,6.998794815220039,0.8503065733185168,0.026705203624956684,0.011784317504267476,0.05631505495250235,0.0001501622771944606,0.051293621918186004,0.003445066404376164
2025-04-02,6.938883146786383,0.7993140229848227,0.016013862899743686,0.020065967028899744,0.08077625215250252,9.785975665679752e-05,0.0795792593558753,0.004152775821499261
2025-04-03,5.56679088047064,0.045502857597647765,0.010481393157249946,0.010188241111203152,0.01962337860275193,0.27984761317013535,0.025908323460225986,0.6084481929007859
2025-04-04,4.928896636271384,0.0003664482607828933,0.005763358256316664,0.0007473255795479396,0.0002750859253088678,0.8249504722128075,0.00042989093804612915,0.16746741882719
2025-04-08,5.03174915711077,0.0493084751809701,0.006842613970136372,0.005912904507472617,0.0027817729858066573,0.7710391143129971,0.0037091461108833736,0.16040597293173373
2025-04-09,3.7105796693826774,0.00017285108198294272,0.00048644698428866877,5.031115022141562e-05,1.242499502098733e-05,0.9720675602190213,7.77859433083518e-06,0.027202626975133783
2025-04-10,7.095220667504011,0.7644643678455867,0.09773631791376906,0.051308771601737864,0.028149787241809346,0.009934918999711261,0.024946683312400637,0.023459153084985175
2025-04-11,5.327923160632008,0.004234650250582414,0.013972780081290832,0.00865673535368446,0.012588362466242885,0.32955009464004287,0.014649757621125394,0.6163476195870312
2025-04-14,6.154920057336084,0.07534006539183082,0.06217892368641829,0.0587025613384048,0.2444371394397191,0.03235779556608214,0.22131958455625245,0.3056639300212924
2025-04-15,5.899676866536051,0.015280163532994245,0.06700673961330605,0.06557806124542635,0.14272981960747894,0.02209448801930064,0.15034636420616188,0.536964363775332
2025-04-16,6.251383409139853,0.22467792125839578,0.05419512228797128,0.06751143980725442,0.2160791945003049,0.05862057624963652,0.21856393035028404,0.16035181554615305
2025-04-17,6.17016523350683,0.03112093481604244,0.09585679426130517,0.09764871430250573,0.2922957798551528,0.013421962214371261,0.28936919226069796,0.18028662228992462
2025-04-18,6.306833878131176,0.20378829651030556,0.08393001825897915,0.07647613465782936,0.26254055336470167,0.009163888309834526,0.2860431536046723,0.07805795529367741
2025-04-21,6.116725996068693,0.02523999992647269,0.08877166977441765,0.08792582924662769,0.27280561541893433,0.004060988362077326,0.2692228284324905,0.2519730688389798
2025-04-22,5.3578188592698215,0.20358170426159622,0.03462813884647633,0.05015458461094771,0.14696739897795644,0.34170101291428917,0.13437944461111756,0.08858771577761658
2025-04-23,5.644822799319484,0.0019932529714514957,0.022776860782107448,0.01767720957940328,0.03325995706488258,0.1017696339372732,0.02755865561735537,0.7949644300475266
2025-04-24,6.173405600039882,0.03189381038702361,0.10559385232735694,0.09666875257303689,0.2995761187606109,0.003998523575166494,0.29647154311056934,0.16579739926623585
2025-04-25,6.54741287274151,0.408279692466996,0.0433957351083205,0.053905069571987124,0.2214430459511862,0.000816484851775794,0.2134423333351512,0.05871763871458318
2025-04-28,6.621748492093096,0.5557215402158526,0.032424492401476206,0.04505538800070331,0.17692622796056687,0.0001510714885409644,0.17743194980874646,0.012289330124113505
2025-04-29,6.880996279209614,0.7525605080999493,0.01366527722986476,0.024496591584941683,0.10076867698137625,9.254147656853784e-05,0.10370594743427698,0.00471045719302245
2025-05-05,6.845737202199782,0.6897445271776815,0.03587763183051863,0.028862602097746753,0.10991673561535871,0.0003125030383256316,0.12270104627179,0.012584953968578824
2025-05-06,6.483052957871565,0.4838491188871705,0.05003928882268258,0.04462374494218048,0.13160162455927937,0.007102580876139694,0.14666072342151598,0.13612291849103134
2025-05-07,6.746890882074149,0.5846169986801201,0.04347848106292384,0.044044439465185985,0.15883074358167812,0.00034728311014784217,0.14914884461024228,0.019533209489701844
2025-05-08,6.571068080563883,0.6447090138856694,0.042515247592999225,0.016608947107129873,0.058783494235555456,0.0463068556008249,0.044020516105125945,0.14705592547269514
2025-05-09,6.373553807128463,0.26129097615463703,0.05288181256938197,0.07041566792178958,0.23054910735639217,0.0028138289299473483,0.2406615938362733,0.14138701323157857
2025-05-12,6.111631479153501,0.05173344785532314,0.11041394080705644,0.08932115971557322,0.27103487052949965,0.011949123224670942,0.2694991325955172,0.1960483252723594
2025-05-13,6.55381266694904,0.47243354862896864,0.04177949505085949,0.04495280475209634,0.19322109501740584,0.0011390217388690112,0.17639847908027698,0.07007555573152376
2025-05-14,6.146425655439245,0.0709953070724259,0.1154555008013315,0.09201293037697712,0.2980563974929394,0.0032475963498449782,0.26063326710008367,0.1595990008063974
2025-05-15,6.521759118207152,0.34919138132567235,0.06108401495614407,0.0565866283472885,0.25156341259915665,0.00039912835255647545,0.25388326749962137,0.027292166919560566
2025-05-16,6.325117147625507,0.1818621776021602,0.07543714549556595,0.0885995150973252,0.2814707832355937,0.0009218776060413964,0.2918005881019865,0.07990791286132705
2025-05-19,6.2962748515197,0.13659982693403522,0.09287718845612328,0.09274790813750379,0.2938658021208821,0.0015227957929128241,0.28949960121694596,0.09288687734159684
2025-05-20,6.1177541388262116,0.05005486017349023,0.12299130065867826,0.08418393405177028,0.27918572521360413,0.003788826125382048,0.23778625992844715,0.22200909384862788
2025-05-21,6.254636439602573,0.1300355962421027,0.0849592553103667,0.06098974724306515,0.24756655694138757,0.005986350436380747,0.24698955360237893,0.22347294022431816
2025-05-22,6.2853360798428755,0.10834266590890229,0.09075301952813691,0.08854033402857062,0.3271830573447722,0.0019223661009559181,0.29622653974318564,0.08703201734547643
2025-05-23,6.4567945576473535,0.22356629429069705,0.0656048845235356,0.07248819541894251,0.2974795451792838,0.00032502106889969795,0.30542681588405696,0.03510924363458437
2025-05-26,5.477059232359772,0.023027155689980865,0.049790954334183256,0.03145076326655233,0.11532462327674346,0.23452065352929502,0.10798374303268195,0.43790210687056313
2025-05-27,6.212759330479066,0.10746017961409045,0.06541917426760133,0.06674812817476931,0.229586384278082,0.004740991335369488,0.232713326212788,0.2933318161172994
2025-05-28,6.388921494738275,0.2469908773146437,0.07005738990244993,0.07172759438241068,0.26040773931839095,0.003359744507882585,0.25357556511389445,0.09388108946032768
2025-05-29,6.623690451767921,0.38273509834262964,0.04740939872329089,0.05583178108492694,0.2372764940004476,0.00023292626196039332,0.25741754328723726,0.019096758299507254
2025-05-30,6.812926366518407,0.7463940814552751,0.018844960385523437,0.01946118432372406,0.10645540095455817,8.64218776450833e-05,0.1043300479228869,0.004427903080387287
2025-06-02,6.656207191794187,0.5143748718496369,0.039885750226184735,0.03666835414857358,0.19731938815031677,0.00016034036033356688,0.19902954181606464,0.012561753448889768
2025-06-03,6.349263600157397,0.2707339089236566,0.08646544500420501,0.05719723510082307,0.23812594423596548,0.0025271269162102637,0.22996908254528714,0.11498125727385246
2025-06-04,6.715627490745366,0.6186872763951226,0.02807035726667615,0.04218863001805647,0.12982478564775712,0.0006175601391593525,0.12871506250848927,0.051896328024739105
2025-06-05,6.7584874466676625,0.6720101791634394,0.022191223677082688,0.025378593541355698,0.13050309667800383,0.00013616987978305086,0.1451645695415361,0.004616167518799197
2025-06-06,6.373476626609749,0.16717530107438816,0.06354229835249882,0.07602275825752902,0.2971329015692609,0.020016236436633323,0.3077711887872219,0.06833931552246782
2025-06-09,6.579000128738145,0.43720908802218056,0.040317331306093725,0.065004373365434,0.1890059793621833,0.000744053875405172,0.2195688884550093,0.04815028561369393
2025-06-10,6.320040806646226,0.16424871618841236,0.08973270232178884,0.08454107429700519,0.29699627394390954,0.002283763292546493,0.27605612325983925,0.0861413466964984
2025-06-11,6.5209505011082545,0.24715841233161007,0.05480083457016545,0.06667922714718506,0.30739650932131674,0.00016137313756764844,0.30591300508685015,0.01789063840530495
2025-06-12,6.331822111989244,0.3394191186553614,0.036111776514310814,0.04361765507210459,0.17401073739319464,0.052878334688997206,0.16523605107921888,0.18872632659681246
2025-06-13,6.136695815443308,0.0803543154427278,0.06728812514321551,0.07777883693316831,0.2255526525453313,0.01220960815974857,0.2501572050686742,0.28665925670713427
2025-06-16,6.3639932984974745,0.24027917090906434,0.08746619670931663,0.07245300530628204,0.26370942249576174,0.0026096192853878493,0.2497652231393555,0.08371736215483193
2025-06-17,6.253712362557141,0.11381066147314345,0.08239395790387705,0.07678939439101982,0.27603555518058837,0.002771213707660519,0.28294235796814426,0.16525685937556653
2025-06-18,6.410457065688454,0.2824814049253208,0.07482606764225652,0.06834601377345867,0.24727500484476064,0.0008903916218968969,0.24986732696932346,0.07631379022298297
2025-06-19,6.704755983926934,0.5781244460529043,0.04687378617512663,0.03184358901879351,0.1721881341500406,0.00015035859260204462,0.15814653438775866,0.012673151622774374
2025-06-20,6.529727666445079,0.37392463256711045,0.04957094899113961,0.04845934221290221,0.22629437196524732,0.0027453413198618337,0.23858713404331927,0.060418228900419285
2025-06-23,6.452966290524451,0.330150757449269,0.08342696295645669,0.061413685074823005,0.24526607902569506,0.0009660955595423942,0.22923974405922465,0.04953667587498924
2025-06-24,6.334333602047192,0.14695914488353823,0.09011774060691086,0.0779299643679496,0.28164287017749073,0.0022774406898324923,0.304610487564799,0.09646235170947909
2025-06-25,6.559355837453566,0.4566445285971747,0.0415435201969771,0.049689677615695586,0.2173222942971367,0.00031782656847353436,0.210127396703264,0.024354756021278366
2025-06-26,6.5647153917835706,0.44467538007089885,0.0390869180149179,0.04155167735368176,0.21355412069963237,0.010986404318028647,0.22885246937100798,0.021293030171832553
2025-06-27,6.5682990389697355,0.45115202231478235,0.052110247931640596,0.04744397568710821,0.21843564770739843,0.0002343980199961925,0.21119510143100573,0.01942860690806849
2025-06-30,6.871908661804075,0.7969561240086119,0.015273989540026256,0.017750855315732592,0.0815345313219115,0.00011532608667988686,0.083673873453911,0.004695300273126772
2025-07-01,6.746664247178866,0.7180785549907183,0.02865544126199691,0.02972021607562803,0.11197023373290238,0.00021342903050649745,0.10286014664881742,0.008501978259430418
2025-07-02,6.607992922483515,0.5386447778269751,0.04334761957289379,0.04020078399008895,0.1841721723717152,0.00025361693908941226,0.17577300546041133,0.01760802383882626
2025-07-03,6.411264167400997,0.2926329493307963,0.06765646979803698,0.0611712272107193,0.23704832045034877,0.008129083370220424,0.252193262669971,0.0811686871699072
2025-07-04,6.744192789870946,0.6084150092392506,0.031658154674048346,0.027825131350580273,0.16596060479998018,0.0001835459831062498,0.16022989419329603,0.005727659759738335
2025-07-07,6.553473682938193,0.34928133452221805,0.06724047542618582,0.05590297725735833,0.25629669709746744,0.00030056594067824253,0.24470818488284668,0.02626976487324549
2025-07-08,6.430255550557058,0.20652950058006717,0.08653855824920169,0.06553030888499047,0.30461526621072726,0.000713237945974138,0.29784408477487573,0.038229043354163515
2025-07-09,6.274073940356844,0.15727486530399545,0.09216978070264305,0.07326488543503697,0.27706955157775737,0.0022997070682062607,0.2526637242056338,0.14525748570672709
2025-07-10,6.144557708903335,0.11047762629983461,0.08867514371850509,0.06924879821216966,0.2855665706474922,0.033908664574172485,0.24369609539182774,0.16842710115599824
2025-07-11,5.904658133208895,0.02130073698639051,0.0826999472697471,0.05038715505958352,0.16481761144221502,0.020035655250574484,0.13905834519933252,0.5217005487921569
2025-07-14,5.621565413982402,0.003456190820469692,0.041763626551289526,0.022136032689825325,0.057382628052003566,0.2051231279631168,0.05744829960425257,0.6126900943190425
2025-07-15,6.359717364549932,0.1968743239867626,0.06078360114167091,0.07092467870981699,0.2867399600536042,0.0025765412474240317,0.2916925897181043,0.09040830514261698
2025-07-16,6.546048422529549,0.5899894881247392,0.04897133253756356,0.027521083377891185,0.12313219090424476,0.018887516547429168,0.10815350387149542,0.08334488463663672
2025-07-17,6.223590551821463,0.10496005349577073,0.08815698767130921,0.06932210842258786,0.2592328957573026,0.002983151846677725,0.22893489081436294,0.24640991199198897
2025-07-18,6.008220303933971,0.046170776602015955,0.06511577836061971,0.07232545878246674,0.18340609849615383,0.015335195674046549,0.16828983053270866,0.4493568615519886
2025-07-21,5.910370866617796,0.022504270605469803,0.05768767944084473,0.06534287749491326,0.1437278177278436,0.02215144258346388,0.15983996969860045,0.5287459424488643
2025-07-22,6.14002951961551,0.06089221341347718,0.10856257445030786,0.07281298160262703,0.28625615389056563,0.016028013490503062,0.27131082150709496,0.18413724164542422
2025-07-23,5.823356007295972,0.02824978315717849,0.05776555962928245,0.05072734815483229,0.13327187860265607,0.09346887693211689,0.1255136160893877,0.5110029374345462
2025-07-24,6.06236873157625,0.0629419327447958,0.06476440207757198,0.07523485248964412,0.24570183317828456,0.048959513879555265,0.2386317588336581,0.2637657067964902
2025-07-25,6.208188630270258,0.09676614057720624,0.09467985823165796,0.07431113994847972,0.2827858739447422,0.004195498198072893,0.2604304000324007,0.1868310890674403
2025-07-28,6.261762267996983,0.12693580845439661,0.09184088631049975,0.07214436989667289,0.28647449140689324,0.002092382475680276,0.26611159084003777,0.15440047061581946
2025-07-29,5.407300184396343,0.0028180326959453476,0.015381000011257995,0.024311210044073214,0.023838264471522132,0.2753284752939185,0.03529578996891364,0.6230272275143691
2025-07-30,5.587453978419202,0.018972129109649682,0.034209535893893875,0.040376760169545584,0.08597852821125071,0.29834416560397975,0.09319377882948104,0.4289251021821993
2025-07-31,5.5331195765698675,0.0010986037163386439,0.024839778458049504,0.015994483650148716,0.021514220100798485,0.20607539676590433,0.025208864463674183,0.7052686528450861
2025-08-01,5.985662430647175,0.03257025393148438,0.06440931088398319,0.0785455287825694,0.17991337737167326,0.016581992032796984,0.1913696326672612,0.4366099043302316
2025-08-04,5.944904217602044,0.017731745959520696,0.10350967512258441,0.06032209966216859,0.1996271049844194,0.01808617977580162,0.15492329351352932,0.44579990098197597
2025-08-05,5.164908819179428,0.0010884701304906996,0.029780058057136495,0.01684743297265562,0.024947314524894435,0.2747954241487352,0.029635200503873884,0.6229060996622137
2025-08-06,5.297239119077984,0.0013424674345011481,0.024611326983312917,0.011387173780052736,0.01986583673741104,0.4788465969028447,0.020655421265633432,0.44329117689624403
2025-08-07,5.7191253051232085,0.0028464529843990464,0.043573998435876775,0.02302495126758252,0.051034108489811394,0.053221300567721064,0.040860021742159074,0.78543916651245
2025-08-08,5.8191741426294055,0.009914413559390364,0.04932561625670462,0.04961345561662579,0.1082568121257233,0.04547675570617123,0.11644316263033648,0.6209697841050482
2025-08-11,5.9308557048062,0.007332401888864564,0.062488686834199676,0.05981050209643475,0.12877421799964933,0.010938943801670388,0.1251840358686734,0.6054712115105079
2025-08-12,6.2466479270781665,0.06601798392090563,0.10357536791048465,0.09986704871321413,0.3164397096423541,0.0012318937910318411,0.30917226666723974,0.10369572935476992
2025-08-13,5.7556038347536065,0.027427932328870808,0.03388912014665329,0.0633709981797479,0.10697553385918175,0.08560502625057327,0.1254203058243379,0.5573110834106351
2025-08-14,5.79646734267486,0.018930157901403018,0.06887368247308753,0.039139945992345174,0.11937845328483843,0.041495087787307386,0.1047293251452763,0.6074533474157422
2025-08-15,5.69475959259426,0.00587669528916301,0.039733288057664025,0.028895755875951452,0.04726548387132141,0.06684810105424305,0.05076704047980518,0.7606136353718519
2025-08-18,6.069988935915641,0.045433145687425014,0.0588175075235559,0.07318507523822805,0.19354775710046432,0.00816843919260366,0.17819859311967837,0.44264948213804467
2025-08-19,5.917256040992353,0.06730215311642775,0.08540747252262876,0.06645934049507174,0.17713337469420493,0.052390136706210726,0.17694538255148048,0.3743621399139756
2025-08-20,5.4616166806453545,0.004187679790413077,0.02536625001600213,0.036987075069388566,0.03925025331791664,0.3386325382494957,0.04837746120560132,0.5071987423511827
2025-08-21,5.837527419501925,0.012226270981944055,0.06238707420355923,0.051977455004657606,0.1254039764067865,0.0511715737660273,0.1344852970638268,0.5623483525731985
2025-08-22,5.028544394264335,0.000760563343308372,0.007261342635054412,0.004727190157157739,0.006853882965766164,0.6517806217508343,0.005842767072367154,0.3227736320755118
2025-08-25,5.392861748681305,0.0027875183604393434,0.017028813068898068,0.012252763061550138,0.015319738760437681,0.32877939928083955,0.009612747247529906,0.6142190202203054
2025-08-26,5.559110438087136,0.0030722496602978338,0.03168763416866969,0.017396876167872964,0.02547654458316251,0.17497937488811083,0.03432848861335817,0.7130588319185279
2025-08-27,5.536668278392368,0.0006868799819644676,0.02157711315551703,0.013781823344225516,0.023123221803470026,0.10035972146940121,0.018469001084662717,0.8220022391607591
2025-08-28,5.534601731845241,0.008296135993180537,0.034387605147471356,0.025324423143231835,0.0518056701963069,0.17960202908122944,0.053924225272243706,0.6466599111663363
2025-08-29,5.961962659059551,0.012638361763535475,0.07551942988687385,0.0692416422969249,0.18451387825825966,0.009789595379399977,0.17147480048935013,0.476822291925656
2025-09-03,5.8237302672262246,0.005167914302542123,0.049280965589269525,0.041297214842680785,0.08515572042323749,0.022565351561599393,0.07866360513812871,0.717869228142542
2025-09-04,6.14507252575755,0.11833853471973341,0.08661653753456672,0.08074263180192606,0.24438370417043392,0.004188850251293543,0.21085564018157052,0.25487410134047583
2025-09-05,5.961639400333362,0.040803193946834924,0.09095841165520821,0.09265373822669726,0.2183115659333215,0.05872681606766804,0.24493554686316354,0.25361072730710654
2025-09-08,5.640114208097266,0.0026636098884271564,0.024926918017707005,0.02320819456651661,0.04832868786845298,0.09371025583139043,0.044072906741337035,0.7630894270861688
2025-09-09,5.800630018744015,0.010691027003846052,0.05085315077697832,0.05509691889212442,0.13692637831131393,0.10418856542204621,0.1250960099864062,0.5171479496072849
2025-09-10,5.87277426370651,0.04005401383208808,0.04730128284113501,0.06011975994997807,0.13489175453071214,0.04266819766531405,0.1296859295714903,0.5452790616092823
2025-09-11,5.339003257718884,0.004767514868526647,0.01695535930912793,0.020261960384268498,0.027194263168456034,0.3793828730843583,0.029875514384771013,0.5215625148004915
2025-09-12,5.53697832143608,0.0032085028632392217,0.022186182069022252,0.01991245624621874,0.023628482462608454,0.1343295283622156,0.0257771750765094,0.7709576729201864
2025-09-15,5.974764233689391,0.01587696544508612,0.07296542888800975,0.06527667656454475,0.18268665447007787,0.007835307169408126,0.16543731145965632,0.489921656003217
2025-09-16,6.089321584076225,0.06489435821004676,0.08737186248449498,0.08225655790281192,0.25499489881947524,0.04700453435308502,0.2818534822045202,0.18162430602556584
2025-09-17,6.240542366213368,0.07034804736251402,0.08600755708106496,0.08963436344650023,0.3077419784342597,0.002978489618216875,0.285670689538641,0.15761887451880324
2025-09-18,6.172983017453452,0.11827264049384616,0.058138634129098615,0.06330782959779907,0.20456236296066635,0.009161934232944723,0.21773333169932163,0.3288232668863235
2025-09-19,6.055490165576305,0.03443889426189037,0.0740558515934648,0.08504180531680114,0.21063735783442455,0.006855071798037521,0.2141372164920411,0.3748338027033405
2025-09-22,5.704478422689992,0.009388616077156308,0.025188835992331213,0.04297728985304782,0.07820391538730612,0.09855366961694562,0.08512152738453493,0.660566145688678
2025-09-23,6.132624614836602,0.10941212394948932,0.08434319342356805,0.07586723647511225,0.23217156710579295,0.017026203494653197,0.23655413604153117,0.24462553950985305
2025-09-24,5.622866592816192,0.006195178579726836,0.029292851858081375,0.021103338980410648,0.04718071279970812,0.09384205788577439,0.047787039968290264,0.7545988199280085
2025-09-25,6.037132977012577,0.03269653387701186,0.08243034441758823,0.06661801245168462,0.20551798845559388,0.00636167556012918,0.21003886738732627,0.39633657785066595
2025-09-26,6.264280292244859,0.19346397475815594,0.08721702579378014,0.06415932229265377,0.2775176509363305,0.042687243224764755,0.2758902801748456,0.05906450281946926
2025-09-29,5.911660885651168,0.029994705390394834,0.08162825690121961,0.05730274250074842,0.15590704352051862,0.019586610388103148,0.1442208669510921,0.5113597743479232
2025-09-30,6.094053792638514,0.09113805974873933,0.06463964291737674,0.06973331608080065,0.20108466793895166,0.032973115580613874,0.21412611627322384,0.3263050814602939
2025-10-01,6.257183614664262,0.09650082021299981,0.08748738507368409,0.08397975080386018,0.3076186447459141,0.003938377436467302,0.3181810981107558,0.10229392361631873
2025-10-02,6.322943994626555,0.21749911370448877,0.07321810125662337,0.06733649209050531,0.2568503405116129,0.04181114439837544,0.2694799439502655,0.07380486408812877
2025-10-03,6.1145894284866795,0.05735174791486328,0.10319575815312387,0.08410313662879569,0.27513237611729763,0.027169358473340992,0.28664884961647497,0.16639877309610357
2025-10-06,5.773792558242811,0.061087410327407075,0.08225168164372362,0.04883881396711601,0.13377807253539342,0.16494398824703813,0.12883035224660047,0.3802696810327213
2025-10-07,6.318488299985926,0.12455189391502701,0.07426486691785718,0.0825318513791981,0.2854159847279418,0.0036429998184859193,0.31154965068949586,0.11804275255199417
2025-10-08,6.119868141653052,0.2605214560020168,0.04859105903104953,0.036883267052590575,0.11978074490104418,0.08447044012731587,0.11554312474541363,0.33420990814056944
2025-10-09,6.063944849105772,0.06378274944426028,0.07820135941044007,0.06380657816652091,0.20108146011410402,0.019896972464033217,0.16907071642042273,0.40416016398021876
2025-10-10,6.1685934388803645,0.07029897508492945,0.0960435409749715,0.08510163184540703,0.2897926810751785,0.014192900126991544,0.25846726983702856,0.18610300105549338
2025-10-13,5.947968115945321,0.027103547332107583,0.120918586781637,0.0738424074020369,0.23634390494062585,0.011811576390699303,0.1983998826102317,0.3315800945426617
2025-10-14,5.72277571375347,0.0177609228513887,0.055084598251693456,0.042904172957443185,0.11826670063962161,0.11675530692649627,0.11540333016326669,0.5338249682100901
2025-10-15,6.160618648462554,0.02828026993867801,0.10905017131261817,0.1082659500920284,0.3177723962470859,0.0026738128148848504,0.2937574289032801,0.1401999706914245
2025-10-16,6.290745327135176,0.10837072955159022,0.0729244702067718,0.08451754658949302,0.2919024651560728,0.00260178730159638,0.31259835328541896,0.1270846479090568
2025-10-17,6.085861139927163,0.15169862313598736,0.05865539629445148,0.07672766801592425,0.20855643468853272,0.08643377207695611,0.23878027468675753,0.17914783110139057
2025-10-20,5.670043464651161,0.02273550360909382,0.05491525447838011,0.058570691810796986,0.11742634100799135,0.1353690423377584,0.12333703375528014,0.4876461330006992
2025-10-21,5.044972835650643,0.0009226974873297649,0.021185471385962096,0.011002311292159674,0.011930569787056085,0.6659783064279182,0.013837542732764581,0.2751431008868096
2025-10-22,5.3392760768235314,0.00098942946161869,0.02534667946058961,0.011935584489672788,0.015711649067400926,0.27814355836734544,0.01856224906085154,0.649310850092521
2025-10-23,5.549396495082237,0.0022393580746583493,0.028620031867579127,0.019305807257530987,0.04501525329029052,0.17779170633811628,0.03668638707406167,0.6903414560977631
2025-10-24,5.501859727499756,0.0009343993089733519,0.016178904532674343,0.019473432359271025,0.014034267714964417,0.24996955847877592,0.017967176200309135,0.6814422614050318
2025-10-27,5.348781446320786,0.0008052714861657778,0.024027870789307265,0.016471755928605773,0.023935914202460468,0.3257329636862161,0.018961605569473045,0.5900646183377716
2025-10-28,5.377331948365284,0.0029369459046539414,0.02020246536384397,0.013257436366450001,0.020594697035919294,0.35129132666909463,0.02254411587043326,0.569173012789605
2025-10-29,5.803764920658136,0.009932639255012823,0.061491695433421124,0.03945861919527247,0.11002364281652857,0.035301863510278135,0.09503795484911241,0.6487535849403745
2025-10-30,5.722120951354939,0.010955307935363978,0.03491732844609704,0.04455930984834159,0.09127325944263395,0.1331020065546796,0.09491292349094749,0.5902798642819364
2025-10-31,5.790494982595579,0.013743603036659951,0.04048013332284757,0.05196418166011947,0.093319940370569,0.0862596508313063,0.08723630646765124,0.6269961843108465
2025-11-03,5.466804447350976,0.008205631456817443,0.03376119392188611,0.02608660964040498,0.04166419471189997,0.22810546844040414,0.04433720607609203,0.6178396957524953
2025-11-04,5.543728432189546,0.0014176338989702504,0.024134497585571447,0.015574990458906425,0.01980872138417904,0.17658268387277082,0.023662609806754564,0.7388188629928474
2025-11-05,5.66767895332057,0.002382531697600438,0.025958514621347205,0.026792677937345282,0.04080568103188825,0.07420525393080148,0.04046068367561482,0.7893946571054026
2025-11-06,5.845880041152427,0.0597529668350427,0.04240122765259084,0.04836724189612889,0.08839966286256856,0.07746875487802037,0.09187986602590938,0.5917302798497392
2025-11-07,5.8640597418086085,0.04474702657798161,0.06925544388495877,0.06610345510820152,0.17071025244876073,0.08354273772688188,0.2055006862967323,0.3601403979564832
2025-11-10,5.871954187983694,0.025471408164966992,0.04310996000671386,0.04987617332443072,0.1213599930811118,0.05280574750471811,0.1422507577693959,0.5651259601486627
2025-11-11,5.6250077766861715,0.005039872690608252,0.043806497682170015,0.03966589382385026,0.07759360716478678,0.16038699839452802,0.07335716509469047,0.6001499651493661
2025-11-12,5.864458006829276,0.022200626801406755,0.08420897334827986,0.054528591998008295,0.1992294711395415,0.05531567244836216,0.18788678033020445,0.39662988393419696
2025-11-13,5.999422059214317,0.09190153183072207,0.07287925267573273,0.0806243941343907,0.20885421916378,0.05649479607047391,0.19708724995469074,0.29215855617020986
2025-11-14,6.2267488768713015,0.10495076706113449,0.10170044718767823,0.07549429032243957,0.2959700929000674,0.004904420793945982,0.2629051516689454,0.15407483006578887
2025-11-17,6.0060642740362,0.04707598222480664,0.09901787040251969,0.07732498924257493,0.23259358413563608,0.017243711001065355,0.22355158168771963,0.3031922813056777
2025-11-18,6.256813777357956,0.1639026921703853,0.07159753925408176,0.08318148376435867,0.25847056721572353,0.002709708421083509,0.2545956503762724,0.1655423587980948
2025-11-19,6.427362220827334,0.2901949540947884,0.0548807846115043,0.062397182716136985,0.25718469893164747,0.006666132356151911,0.26960322644763624,0.05907302084213475
2025-11-20,6.367829300338387,0.261026338443556,0.0765882078610127,0.06540181601197878,0.21459913704430447,0.0030808023909240727,0.22001856333308553,0.15928513491513846
2025-11-21,5.861522079531989,0.012073778148546998,0.049586119017329316,0.05965687704540692,0.1335506732029025,0.04821530085076418,0.12616344044253974,0.5707538112925102
2025-11-24,6.193791056739187,0.11899269255737055,0.10489389876589658,0.07382974682849185,0.24118591772227904,0.0031664107385537456,0.2333007231194075,0.22463061026800074
2025-11-25,6.32826037073026,0.1793320409399097,0.06281318283759832,0.06112858455323121,0.25592392607034103,0.007905313580301465,0.277666947686183,0.15523000433243525
2025-11-26,6.258837563546069,0.18177849209318164,0.08998090030066774,0.06753324084882609,0.2527066076214703,0.003027951158769143,0.24311342140145853,0.16185938657562662
2025-11-27,6.346259361952288,0.14722247099334923,0.07188879740312307,0.08418709653884483,0.3249696617393206,0.0014880476525222076,0.30113578421799825,0.06910814145484184
2025-11-28,6.429958620913583,0.3328103860784263,0.04770211071364414,0.0626511061082278,0.2322797225299669,0.00562725012703771,0.24125382924644406,0.07767559519625315
2025-12-01,6.398115508135213,0.21339165990501144,0.0835076918014992,0.08161219532814852,0.29582131387051464,0.0007485248027488293,0.276626207124573,0.04829240716750434
2025-12-02,6.410806217493548,0.30223864455190386,0.0831321262487843,0.06118082397705896,0.25606090334665343,0.0010960116603654748,0.23606345725494632,0.060228032960287656
2025-12-03,6.446487502887383,0.37117779776396526,0.07209941091309827,0.04350715732691975,0.1936663036636476,0.003674456288487547,0.18505050645096568,0.13082436759291588
2025-12-04,6.413468633280987,0.2927434219853152,0.07133855182356695,0.05460507204473567,0.24018939667139577,0.0019903833283357263,0.2370412956193092,0.10209187852734146
2025-12-05,6.29271278073861,0.08506136348665508,0.0845241658913905,0.09871329399699309,0.32562246221440866,0.0010544763593552892,0.31910710693994493,0.08591713111125242
2025-12-08,6.547861819255494,0.3441119709707338,0.062127910542721605,0.06128002165468283,0.2510296429500417,0.00044037473555799206,0.26267384047999476,0.018336238666267272
2025-12-09,6.023596161102555,0.07952156232638012,0.05795084798057537,0.07744680555602046,0.18168325127832613,0.016963491758683825,0.19932306951743933,0.38711097158257474
2025-12-10,6.085633793639606,0.06762551211515702,0.07881261531048873,0.09351743037815942,0.23734717824444762,0.04025910420756742,0.23789128201639406,0.2445468777277857
2025-12-11,5.864297997613329,0.015231029346602601,0.05921505082054854,0.08360310936112206,0.13966410059493603,0.06344752859792449,0.15403259879150463,0.48480658248736164
2025-12-12,5.887030920229834,0.026758395818772256,0.05121204797401247,0.06941490918538251,0.13712019250450103,0.056356335888849196,0.15194032328200022,0.5071977953464823
2025-12-15,5.90613208054679,0.035799063973654455,0.07673867258423078,0.07913050892552931,0.16060747617896315,0.05418074657453405,0.1591940472119437,0.4343494845511445
2025-12-16,5.6942960551125985,0.020854616361672868,0.03437019585009376,0.027267211065305844,0.05103232237292271,0.1566272177744491,0.04856974932953566,0.66127868724602
2025-12-17,6.005620854449686,0.08439464137054292,0.05659619040464568,0.06954836888109925,0.19673892434810497,0.027580061796206354,0.1902453034291803,0.3748965097702205
2025-12-18,6.1352964319140915,0.053170758204703614,0.09309455045700087,0.09327743763843148,0.28739591494558797,0.004676897061260576,0.27020550396551335,0.19817893772750222
2025-12-19,6.062113548723752,0.08111109167357258,0.07799880928642171,0.06581708899678002,0.19979793482543284,0.023393260222443302,0.1946671544784588,0.3572146605168907
2025-12-22,5.940733172142966,0.05141828723909979,0.07787986629480347,0.05243256647261327,0.17901598791828655,0.026033527940466962,0.1581095634920155,0.45511020064271446
2025-12-23,6.029313863801752,0.04264543575967844,0.07620975962191603,0.06548547475304602,0.2026856536498448,0.009948564546673455,0.19172202917920925,0.411303082489632
2025-12-24,6.041757930186274,0.07119481098881157,0.05742639988250797,0.05433855175867359,0.1540220380327391,0.018323222818729334,0.15153621658993066,0.4931587599286078
2025-12-25,6.065811111729704,0.030508980872819086,0.09457962887026158,0.08205435414146794,0.2583823146188579,0.00749933631337312,0.2406083847059464,0.286367000477274
2025-12-26,5.37107801835014,0.0029004039878719394,0.018510660322282668,0.015824978583161012,0.02148648535527812,0.3559255243054014,0.02602488692300239,0.5593270605230025
2025-12-29,5.7406126992511854,0.013533062216068712,0.0599889457303547,0.046721033330526074,0.1151400616548114,0.1224640549938207,0.1039699381521921,0.5381829039222263
2025-12-30,6.022128780986717,0.029492721390354252,0.10586561104114865,0.08745814060865437,0.24307658960141534,0.00977693852747391,0.22642548285405628,0.29790451597689727
2025-12-31,6.255852115537621,0.07720805376307113,0.10674500956592736,0.0860171908477118,0.30871121447133465,0.0015792670601477432,0.29696015120421365,0.12277911308759368
2026-01-05,6.077302226590224,0.05080126023067057,0.08169510861529926,0.0737873471828527,0.27311800752116205,0.07964878665016147,0.27322659378045566,0.16772289601939827
2026-01-06,6.030230548761379,0.10239220837803431,0.072220202651593,0.07442464345261757,0.18962455303388437,0.042428580227721925,0.19998739348178934,0.31892241877435945
2026-01-07,6.023340215872071,0.03601707235750781,0.09531325567489059,0.06394156887562155,0.24200580159514365,0.03534744439392168,0.22681001702012898,0.3005648400827857
2026-01-08,6.037321976989367,0.04957965032071108,0.08410450540312367,0.07163499562341068,0.2424241626992715,0.037166077958531184,0.21648350796164584,0.2986071000333061
2026-01-09,5.775887592667927,0.0073574638038073755,0.03722467021351973,0.03888622655326125,0.0674696501386224,0.061009549327666064,0.0783199523367141,0.7097324876264091
2026-01-12,5.701266308869385,0.01005914069758752,0.041659719681610655,0.030765422163227942,0.06273583768527415,0.11873354394228111,0.061858066888273965,0.6741882689417447
2026-01-13,6.174043476019182,0.051732596032703033,0.09771849539788023,0.0920254969924902,0.28917959130352394,0.003374792990784417,0.28963332829724864,0.17633569898536952
2026-01-14,6.032998653716146,0.1508370957066734,0.04890919412926765,0.057596375851027774,0.18297022902184928,0.09691178454844247,0.18553743132071132,0.27723788942202804
2026-01-15,5.783876293570226,0.03578410263312645,0.0386384725569469,0.03378166209322314,0.08975388848415271,0.049162817672197295,0.08028463738642803,0.6725944191739255
2026-01-16,5.8829152667694204,0.017971586553680186,0.07069826921925097,0.0352027397623246,0.12637060816465662,0.021988636939784267,0.1101165036895888,0.6176516556707146
2026-01-19,6.014893550029188,0.030316845800239783,0.08462713501180805,0.08250236044734931,0.2376261256612571,0.007958342574057165,0.21189448412510414,0.34507470638018445
2026-01-20,6.009905868134466,0.04562764413901491,0.08065107071680673,0.06662281600903969,0.2432702091392028,0.11001811142547123,0.2421998643314267,0.21161028423903797
2026-01-21,5.729611656100743,0.005562082235385885,0.03765267435543939,0.03471559469502151,0.07707166681326154,0.04276334581244502,0.07595495478405288,0.7262796813043938
2026-01-22,6.018591742963683,0.026565372055067187,0.10369074833324196,0.09311913632185538,0.24586960213284909,0.02104425164025688,0.23279548523368265,0.27691540428304684
2026-01-23,6.168478506461997,0.06034783682754074,0.06739449913878287,0.09129967646919822,0.2745612328362196,0.008568704364160004,0.2956142007806004,0.20221384958349817
2026-01-26,5.88533409304487,0.026701555813870258,0.05911958643034577,0.0850786685526906,0.18279621228939394,0.02984304928174869,0.20132030935797846,0.4151406182739723
2026-01-27,6.030008088086977,0.06792040760025352,0.08611274001014406,0.07273014273275975,0.21305436438132422,0.007563065524027712,0.20511835660011704,0.3475009231513737
2026-01-28,5.783796630630335,0.011800092415262664,0.051922545407003626,0.06247573239977258,0.1342263101943706,0.07245373525256077,0.14244824050800428,0.5246733438230256
2026-01-29,6.218756149212624,0.04908241801864305,0.10273585679671116,0.09629532133183032,0.320215603761752,0.0015610665187828971,0.3019982415646383,0.12811149200764227
2026-01-30,6.45439904913507,0.3178422207026598,0.0760336091839781,0.06007274405947504,0.2542442931860987,0.0008128402426399932,0.24878621210386034,0.04220808052128806
2026-02-02,5.655876448832023,0.017932351313725767,0.020671201587891132,0.025184251397333653,0.03190428725160636,0.07188170442586418,0.03569923379624771,0.7967269702273313
2026-02-03,6.175615277481282,0.06648793492446146,0.07089468724688833,0.08859228249994222,0.2651125874249121,0.004211291871752188,0.27086480164924764,0.23383641438279604
2026-02-04,5.891942718159511,0.03508335835381223,0.05551188503205352,0.06938560724638178,0.14106354341429087,0.04507624263794895,0.1649818759983115,0.48889748731720123
2026-02-05,5.899257066801118,0.014754097053033462,0.06179907596516386,0.0660219332064135,0.15599929783346764,0.021864318465205833,0.15041513932440873,0.5291461381523069
2026-02-06,5.871879825109193,0.008109798343364932,0.06027774459212597,0.045761596659522966,0.11187655745270414,0.023106754257327687,0.10330544871761015,0.6475620999773443
2026-02-09,6.347559586768434,0.15402653288250623,0.07699015815982822,0.09387193112298575,0.30426086090665666,0.0006587690468130627,0.3091619070835511,0.06102984079765888
2026-02-10,6.132035308269062,0.07229870266085534,0.08477263103962066,0.09268647323738202,0.2627403628768134,0.038393111000824785,0.27602291725714906,0.1730858019273547
2026-02-11,5.831834526389279,0.04265845527222294,0.06734275698560385,0.04030999205139458,0.12318506584308561,0.04543540530123204,0.09297383739550132,0.5880944871509596
2026-02-12,6.707253523091176,0.5836913119823353,0.02903572442374688,0.043236561479499676,0.1442602941597065,0.0006437706683859334,0.1495063749320817,0.04962596235424398
2026-02-13,6.612607082014214,0.5315410551821022,0.03263535580301947,0.04900566379688311,0.16308350743577957,0.0008832165787632761,0.17296259104249578,0.04988861016095661
2026-02-23,6.658820522704783,0.5139250115613347,0.04417659982165295,0.04629233725142427,0.18643406994568723,0.0008178021128447431,0.1924046055569844,0.015949573750071683
2026-02-24,6.558816370793028,0.4020627232795307,0.04738110741607017,0.057888771298397604,0.23066319839229874,0.0005260638372657264,0.23141800762886539,0.030060128147571724
2026-02-25,6.345587026648349,0.22611401617381852,0.08163510254500206,0.09154398325059197,0.2586257384668458,0.0013323505774443436,0.2618547790546789,0.07889402993161841
2026-02-26,6.32237414286131,0.12058237301703495,0.10704636446492252,0.0764362234311398,0.3036608755689266,0.0026912467894216296,0.30882011288759753,0.08076280384095699
2026-02-27,6.366959150083627,0.23828095773202693,0.06007039283786257,0.07969634362842176,0.23712044146359257,0.011765898240509056,0.24753573246151,0.12553023363607713
2026-03-02,6.061498776386591,0.029612209973594875,0.08498389369111402,0.09014186984019013,0.2682929635595969,0.015041924919231755,0.2380127746963132,0.27391436331995905
2026-03-03,5.673415520963064,0.020327525071992005,0.029935997830469567,0.044617477757426,0.08150631925923393,0.18439178922837932,0.0838600694065645,0.5553608214459347
2026-03-04,5.360354234914428,0.0007130839249581878,0.011815026942928563,0.01813827737778913,0.011198546053480325,0.39298403289409384,0.011711288802892563,0.5534397440038574
2026-03-05,5.685771962326597,0.015900609213812627,0.041797478797532234,0.05786389993226797,0.1451425019291897,0.3025628413808288,0.15025618462665996,0.28647648411970866
2026-03-06,5.567594230639153,0.0013319821036453137,0.02926934347749867,0.022845388276809382,0.028645745660737684,0.13513351309900787,0.027868902662823315,0.7549051247194778
2026-03-09,5.338946974363778,0.10251960667704867,0.00921684743404161,0.006201292517593589,0.01656247665028085,0.5570460269672592,0.01945194139019757,0.2890018083635785
2026-03-10,5.334426406658767,0.0006003501965374583,0.012318265925349322,0.004253699634319691,0.004939891902552116,0.403677937560629,0.004134683997010355,0.5700751707836021
2026-03-11,5.589703764146313,0.005143138260002045,0.047434275451987154,0.026332655231215005,0.05408661003824652,0.19176122144272223,0.05995016253452844,0.6152919370412986
2026-03-12,5.747252952938414,0.003749683839005531,0.024285886598433462,0.018184623966003788,0.03734805342351432,0.048382321989461845,0.03061063734286985,0.8374387928407112
2026-03-13,5.710073159048385,0.009066190932575612,0.06527737160245581,0.03577090456625402,0.11119359578347256,0.10048519471963899,0.08890560967887773,0.5893011327167254
2026-03-16,5.868521488453296,0.0147590985013863,0.05598855325985533,0.059455503695946564,0.1287204614919333,0.06022680404383814,0.11484931621029791,0.5660002627967424
2026-03-17,5.774435692234478,0.010337856797371186,0.05960223162730186,0.045110025936460615,0.13429330235561193,0.08145487324002247,0.11643320621130719,0.5527685038319248
2026-03-18,5.698922186062932,0.008723917022089833,0.04189458108553858,0.04822606230250473,0.10064280072417768,0.1460046670778222,0.10140499419984074,0.5531029775880262
2026-03-19,5.894655833503825,0.013362169087241376,0.07085404527664958,0.05597923227735042,0.15844801897665112,0.022245099029820387,0.12738498882159863,0.5517264465306886
2026-03-20,5.741517525342455,0.006017254066228628,0.030863414140329767,0.033466430539482096,0.06447497049134415,0.04740959754914848,0.06175379549139118,0.7560145377220757
2026-03-23,5.510698098246803,0.00035556344357033545,0.013509158177394958,0.009439366054628955,0.009306346541638396,0.114134042320797,0.01312150726528892,0.8401340161966814
2026-03-24,5.747401895750572,0.0009996993266819286,0.024517452533544874,0.01879603608327551,0.023609286560865014,0.025888436356639666,0.023914221919195167,0.8822748672197979
2026-03-25,6.09750860522639,0.08189673996012997,0.08438058710409498,0.07596166296088831,0.22035215476843031,0.006421999741094303,0.20274746804767757,0.3282393874176845
2026-03-26,6.050023512243662,0.03447096637540963,0.07547382929791789,0.08458667263280793,0.23342697872403054,0.012920149309334954,0.24059955403238165,0.3185218496281174
2026-03-27,5.930059729442093,0.029481587218412614,0.0819338339431195,0.0620587734399596,0.1756979651039004,0.027005591998494966,0.16725443785505476,0.45656781044105815
2026-03-30,5.641823390764846,0.0046447119307370536,0.03492548549528868,0.02522670833345469,0.060592642952487806,0.08668249169506308,0.058160248186424186,0.7297677114065445
2026-03-31,5.799945279751388,0.00807259935398791,0.051141420512334085,0.030683325952131704,0.07633342849260959,0.04099773632900833,0.07572664792261813,0.7170448414373103
2026-04-01,6.164639603989322,0.09484589711636718,0.08606380422188505,0.0660728495938657,0.23562271640733967,0.005857987331059134,0.2308105200291865,0.28072622530029673
2026-04-02,6.104007546756422,0.06116428486229843,0.059774298262620186,0.06941486317151967,0.19715249095185214,0.0077630684753822185,0.21986018136125704,0.38487081291507036
2026-04-03,6.290368650384864,0.14346964359139716,0.043096590831988454,0.07445328708639096,0.23229565795253432,0.006572391872717002,0.25639003235725116,0.2437223963077209
2026-04-06,5.914059945726163,0.013043221039459697,0.07979496105674119,0.05151470794973131,0.14140585960658344,0.013912212020214875,0.12660228140901153,0.5737267569182579
2026-04-07,6.023880690182695,0.0286723194734201,0.0857655562710826,0.09289873422502315,0.23827526200598942,0.010798283200888768,0.2243694921020776,0.31922035272151844
2026-04-08,5.889660746405677,0.018222729264806115,0.03194777926781761,0.02552627456689933,0.06037335033180254,0.015365562577418269,0.05599640695151751,0.7925678970397386
2026-04-09,6.13647902025697,0.041551832368349105,0.0898382942126819,0.09472518819953614,0.2636428102308184,0.003088692665701623,0.26944676543811885,0.23770641688479396
2026-04-10,6.16797271657684,0.058623141927321,0.08504500716511439,0.08588603114312651,0.2609631606583327,0.004118837879702225,0.26014794536660196,0.2452158758598012
2026-04-13,6.209991136937303,0.14223878695069178,0.09075141468825047,0.07887945014381621,0.2497978900190421,0.005066144890395705,0.22658835784577958,0.20667795546202414
2026-04-14,6.259464647801037,0.10645654342778423,0.06386347668985198,0.0849333314538463,0.23907491764183889,0.0036688944641305784,0.2556859731260985,0.2463168631964495
2026-04-15,6.379694563909328,0.259817080504922,0.06351826553669689,0.06214505559916625,0.24649438396814358,0.00681799093162013,0.24853687667024973,0.11267034678920142
2026-04-16,6.62252844681361,0.44757489813269125,0.06094068158699969,0.046666798311189396,0.2056287557467625,0.0002211849034931336,0.22301352654003723,0.015954154778826776
2026-04-17,6.08154896928361,0.077195467369437,0.08449957888469821,0.0626676013900034,0.19963253558568214,0.009231926931646517,0.1832750499728191,0.3834978398657136
2026-04-20,6.300394995255232,0.06638853145806725,0.0897843906653628,0.10551283719505927,0.3465392516084376,0.0008482190541322293,0.32533667517471965,0.06559009484422121
2026-04-21,6.36143924344613,0.1432810597221121,0.08367484860832448,0.08722697699701291,0.3040060771198645,0.0009275783440580407,0.30761682118759115,0.0732666380210368
2026-04-22,5.970877003140968,0.026300613362608128,0.07916199343450811,0.08066066556333122,0.21033137008430547,0.02928470413188738,0.20689411925086515,0.36736653417249454
2026-04-23,5.73586751007276,0.023048218241211834,0.0357824774588521,0.04557343878043033,0.09497721007734644,0.1271366187619369,0.09355074163685287,0.5799312950433695
2026-04-24,5.948903920850212,0.010538163523275058,0.06800032648947839,0.05615850211828428,0.15398778940045416,0.01211487151546573,0.1459563772585193,0.5532439696945232
2026-04-28,6.06712103805232,0.07366263819719793,0.08082803876457247,0.06863899828701629,0.20093214087382713,0.008427152994728468,0.185476616919549,0.3820344139631087
2026-04-29,6.338470817995909,0.21136678842515708,0.07944909657450411,0.08541842110934994,0.26831371646348956,0.002017644050022239,0.27472656840361026,0.07870776497386688
2026-05-04,5.987167954293923,0.031707839378118614,0.0633873842149974,0.0820776985899926,0.18991029597158743,0.020668681868288595,0.21864149154062293,0.39360660843639245
2026-05-05,6.203489341575116,0.09838301842240604,0.10385855824789635,0.0605799464743153,0.2390485728851043,0.006500368070473932,0.22939914874997494,0.26223038714982916
2026-05-06,6.320982621504039,0.176487306698394,0.08266155775749008,0.07168051575118768,0.26581747299973724,0.002119616897994961,0.26464772989674784,0.13658579999844822
2026-05-07,5.99397404448691,0.026469470059454124,0.0851924418123353,0.06432370343479402,0.21720511576309673,0.013895530732739227,0.19122144068765815,0.40169229750992247
2026-05-08,6.366583545564251,0.31210145776423026,0.058028059733740915,0.05114524856659167,0.2180224200644634,0.010710468317603942,0.21489521359506045,0.13509713195830939
2026-05-11,6.205517372178802,0.09060000271408579,0.06536309453131292,0.07184965595383787,0.24687418177522927,0.006784089332570393,0.24950829719516163,0.26902067849780215
2026-05-12,6.301799950180365,0.2145421808671975,0.06950522759299606,0.06595159475549253,0.24057515124777734,0.0049465536836692855,0.24794379303020844,0.15653549882265883
2026-05-13,6.054866380102931,0.06309591105089496,0.07288414484601963,0.08220649183737652,0.23667076915281718,0.020070722964510394,0.23734464558711185,0.28772731456126943
2026-05-14,6.057857058539558,0.05739761811921707,0.09785517736450457,0.07039605688149658,0.24000856252371647,0.012233281639789172,0.19817883990133578,0.3239304635699404
2026-05-15,6.2586889283232345,0.15107300551242073,0.07284868953781397,0.07802902630146118,0.26510208833265114,0.002397960886071039,0.26424283010111466,0.16630639932846727
2026-05-18,6.264911980022616,0.07448157563985386,0.1025608678114524,0.08726735764250826,0.3319752392182553,0.0008830379372570669,0.332744050570045,0.07008787118062808
2026-05-19,6.196924131473171,0.14030769115054173,0.06848104972394062,0.07580170371079582,0.21914322975977724,0.006258718810205879,0.23739605295057734,0.2526115538941614
2026-05-20,6.139580590423282,0.11938879820532762,0.05326199626251444,0.06541082609684318,0.1832948204543219,0.00837239604628871,0.2023449504520096,0.3679262124826945
2026-05-21,6.27151574424093,0.04470575974802245,0.08551289907161126,0.10918535411090806,0.338750467559803,0.0009938656317741406,0.34373414270327834,0.07711751117460279
2026-05-22,6.021440454484187,0.026731122873191605,0.07641618144860039,0.08255176595498413,0.21687718314228668,0.008355615046264938,0.20686662969251327,0.382201501842159
2026-05-25,6.319163773150435,0.14681344822971115,0.0833586955470435,0.09249285706089344,0.30408269233338825,0.0007442271594401649,0.30290571409015365,0.06960236557936983
2026-05-26,6.4679718323082485,0.3518015920676244,0.0694249185173369,0.05195162171405168,0.2357814012921263,0.0006915455147296382,0.2365507020205122,0.05379821887361883
2026-05-27,6.437320311001117,0.27531639320057727,0.06504406801489497,0.07256992566515227,0.23569908548578097,0.001118138765458007,0.2601867866330246,0.09006560223511194
2026-05-28,6.3447965745424755,0.2092193772675006,0.07239282183163655,0.08114691127526627,0.27687639226356975,0.0010107210712127128,0.2792907953520817,0.08006298093873243
2026-05-29,6.320207465824284,0.11257027243294936,0.09592327178172781,0.08206886721451176,0.29385554478045345,0.0018917172531340782,0.3021298309835754,0.11156049555364814
2026-06-01,6.3828343879845075,0.2375996798883658,0.06294671044647099,0.08547265662277742,0.24947059109292483,0.0025276954004237236,0.28613824063096344,0.07584442591807378
2026-06-02,6.434629308763576,0.38579624552631975,0.051987771624809845,0.058562136911999595,0.19314825678559572,0.002739001428261646,0.19788240213240257,0.10988418559061083
2026-06-03,6.347123109484979,0.1619983994760592,0.07325838363526065,0.07997788862544565,0.2824348761565569,0.008242482586535455,0.3173846081871227,0.07670336133301946
2026-06-04,6.349774976973453,0.274457146603647,0.0778237587604449,0.06087788895391599,0.21633942873850093,0.005306982341639157,0.21486472839168774,0.1503300662101643
2026-06-05,6.551591919996625,0.43219834839525073,0.05311790638354513,0.05647087334764926,0.22056928019950547,0.00022232939022805148,0.21798797861881258,0.01943328366500876
2026-06-08,6.2273363615145225,0.11137102665130909,0.06370748029148474,0.08990548844701325,0.2672112452250646,0.002963075833320829,0.2809389673588025,0.18390271619300497
2026-06-09,6.496895035121057,0.3500959250086411,0.05599121036306464,0.054148407376006465,0.21684966570912845,0.001435042026048326,0.2241644727376982,0.09731527677941279
2026-06-10,6.487492646341458,0.34870493614235937,0.08183082867319232,0.06362774210926826,0.23845686258830703,0.0007645915649990336,0.22304298600999678,0.04357205291187719
2026-06-11,6.600094404394987,0.3535891524005823,0.0453617004928264,0.057459911242459756,0.255399373758098,0.000271333078029708,0.27546841908773667,0.012450109940267101
2026-06-12,6.473852733572004,0.47292637496099327,0.042836506857317394,0.05275860065900873,0.16780203835971905,0.03118556945187646,0.169392962681153,0.06309794702993207
2026-06-15,6.20531488081328,0.05169123825063775,0.08562923728255145,0.08788325769697376,0.26261121771751983,0.0029777427949161683,0.30792336222237987,0.20128394403502126
2026-06-16,6.68589771347512,0.5843818295202734,0.031651479194797216,0.0409664695416864,0.15933095021926416,0.00028705267881449793,0.17525347496227078,0.008128743882893466
2026-06-17,6.619510241922815,0.5030753083464459,0.04741488563386541,0.04706572568691977,0.2018194474126232,0.0002766869211126113,0.18035438896241013,0.01999355703662299
2026-06-18,6.708975060235778,0.5384992022391295,0.03338506212406306,0.03999906743730156,0.1967744076871353,0.00011928381615356352,0.18226889407319719,0.00895408262301983
2026-06-19,6.56436030467851,0.4992716236953735,0.036685144025869545,0.047604262417334765,0.17654946936724575,0.0014695389407453716,0.17176341046848825,0.06665655108494285
2026-06-22,6.53142801965071,0.2730009444456123,0.062487859878422265,0.052888487517228536,0.30346104181238814,0.0008827026649948618,0.29152691140655507,0.015752052274798766
2026-06-23,6.44871800013933,0.35382587857804537,0.0765503649288022,0.06022204946878928,0.19218183381109252,0.0012264288986003988,0.2267929855084011,0.08920045880626916
2026-06-24,6.317093166411483,0.1483508090938101,0.09167560707209585,0.0772168256017046,0.285797083714442,0.0015693112954754491,0.2622313099421006,0.13315905328037142
2026-06-25,6.676319846494556,0.49257857908841934,0.039755352782071936,0.045183719965675606,0.19807562687988964,0.00022022585905478838,0.21511309347467897,0.009073401950209713
2026-06-26,6.497063816992607,0.2874261193727787,0.07353728266824448,0.058333810690669216,0.26531241092585345,0.00017706743403892724,0.2957569248049013,0.01945638410351403
2026-06-29,6.650764300495802,0.5961373276178503,0.03269025150951473,0.04175596728346347,0.14420686986752293,0.0005403756851935332,0.15228988995283965,0.03237931808361539
2026-06-30,6.721007653094922,0.6171780719862754,0.02436239275672283,0.0371790757129988,0.13936668376942007,0.0006509348195833949,0.15117653516158244,0.03008630579341715
2026-07-01,6.8068327990906115,0.7408015638628982,0.030706281194989492,0.018874592861083957,0.10464915020314522,0.00014207073299429167,0.09835207404325637,0.006474267101632387
2026-07-02,6.72210797155744,0.5927818377854426,0.03981300186773354,0.045195602928454544,0.15301934254266725,0.0003933082681491278,0.15257007710770243,0.01622682949985056
2026-07-03,6.593288672689662,0.4208416030582098,0.04978168948058397,0.05131026749132503,0.23418604016836403,0.00030556668526632953,0.2278312761539793,0.01574355696227152
2026-07-06,6.529639380069235,0.4481333657404609,0.03145591286035369,0.05615486316785124,0.1780935203566346,0.011544984473858651,0.19943712992698628,0.07518022347385465
2026-07-07,6.3994357786440705,0.21287013556111006,0.08271321668991526,0.07239090903978246,0.28112298275974146,0.0004372314711748678,0.3102174199831459,0.04024810449513004
2026-07-08,6.489736380007528,0.2638993426999378,0.06747801384550574,0.06818944175816712,0.2867727973410109,0.0005580284528109613,0.2822116467653543,0.030890729137213125
2026-07-09,6.731257310595236,0.6889875034802948,0.02210775805965748,0.024493422218364168,0.13338214814533314,8.532318510846863e-05,0.12649280657341347,0.004451038337828383
2026-07-10,6.649889761829921,0.6252781748198967,0.024573002815869237,0.037239826998311944,0.11610346043081421,0.0013729193548098133,0.12587448178180924,0.06955813379848888
2026-07-13,6.368573638343105,0.33803036577007467,0.03575339148416476,0.06821179474770316,0.17180065070616307,0.013812693376802085,0.1958280042323349,0.1765630996827573
2026-07-14,6.113668680263486,0.03385381180960374,0.0894392706261884,0.08838924503861707,0.2519774567293141,0.008585254685979921,0.2708935943850045,0.25686136672529236
2026-07-15,6.08636878178032,0.042796123867437814,0.06832796010035043,0.09312964372517646,0.22778240875166939,0.008433436960549837,0.24057224043137748,0.3189581861634386
2026-07-16,6.076170463375751,0.03827800508045316,0.09850462768826884,0.08831548246532006,0.24039188749502785,0.005914523515329382,0.24972528090767074,0.27887019284792997
2026-07-17,6.387921269360967,0.17111665689793806,0.0686216875970565,0.07122196095435115,0.29113894883904784,0.0030668235862548474,0.28988619236084673,0.10494772976450482
2026-07-20,6.083867234286883,0.1277793166462894,0.06163688145138699,0.07324561584155134,0.19998931105006085,0.06713896709438294,0.221182015285525,0.24902789263080347
2026-07-21,5.874601119210214,0.011629866614754984,0.05606883520109448,0.059483272354027575,0.1319199889465081,0.027397637082542437,0.1279373476200892,0.5855630521809833
2026-07-22,5.701159876316185,0.020913749684990622,0.034595646539285124,0.03766695651405025,0.06679246469560236,0.1350780128762635,0.06412152125767143,0.6408316484321367
2026-07-23,5.698093231224152,0.008623136854743899,0.02814546998418841,0.02620769631474713,0.03859948483583739,0.06035586170992151,0.04714243985495951,0.7909259104456021
2026-07-24,5.809082816834654,0.006716055911015822,0.03988137125363245,0.035948248084990704,0.0909270866064825,0.038826168889329216,0.08695243655410105,0.7007486327004483
2026-07-27,5.977944875281918,0.04220562711288309,0.07378751686127398,0.07713140503976933,0.2032696490476747,0.029249833245862267,0.21203826779504903,0.36231770089748755
2026-07-28,5.7718291848659335,0.0025057690139056762,0.03273525607566297,0.025216714206680486,0.04469265180050842,0.03752532735439437,0.04420465155690941,0.8131196299919387
2026-07-29,6.161413821202157,0.08455432879605208,0.10594993792201239,0.08474397240515565,0.2707211311047929,0.0045431221597103276,0.2615353395168555,0.18795216809542115
2026-07-30,5.99745483023901,0.03094288417432826,0.10352464402257798,0.05866188965282194,0.2010636418769173,0.007031589606107515,0.17015585743656045,0.42861949323068654
2026-07-31,6.1584477342326,0.08934456626406431,0.06378401269867852,0.0773116920915591,0.21539976817758016,0.0061106252897851435,0.22967854871385912,0.31837078676447367
